uniprot,region_1,region_2
P04637,364-393,102-292
P07038,892-917,562-625
Q8NQJ3,1-40,68-117
P00579,2-80,"379-449,458-534"
P60240,1-110,"147-416,441-659"
P14633,26-100,185-404
A0A0R4I961,155-279,3-147
P00523,"148-245,246-266","81-142,521-533"
Q00944,35-362,422-680
Q04929,225-297,133-193
P28482,173-196,"25-172,197-313"
P62826,179-216,10-169
P43405,"93-167,245-370",371-631
Q07889,1-198,198-565
Q9UM73,"1279-1288,1158-1173","1116-1157,1174-1278,1289-1392"
P00519,"67-113,127-217",242-493
Q06124,3-104,247-517
P12931,"249-269,151-248","84-145,524-536"
Q02750,75-102,"68-74,103-361"
P06241,"149-246,247-270","82-143,525-537"
Q96FI4,244-245,220-280
Q07343,166-281,330-649
O76074,403-539,156-331
P11142,263-287,225-262
P08631,"142-239,240-259","76-136,425-514"
Q8IXJ6,320-352,65-319
Q09472,1520-1581,1287-1663
P31749,5-108,150-408
P07949,900-909,"724-899,910-1016"
P22681,353-380,381-435
Q9H7B4,280-428,4-240
P49137,328-364,64-325
Q9BZ95,1145-1258,1258-1273
Q13490,453-543,571-606
P21333,2142-2235,2236-2325
Q8NB16,133-150,1-124
P14921,280-330,335-415
Q6SZW1,"560-703,382-385,375-399,281-331","244-269,134-173,162-197,402-476,412-484"
Q96RD7,412-426,1-287
P53041,"28-129,487-499",184-486
Q9Y6K1,476-626,634-912
Q9UGN5,231-348,356-538
Q08209,467-491,1-348
P31751,"5-108,410-481",152-409
P26358,647-714,1140-1602
P55957,21-51,60-195
Q96BN8,330-340,129-341
P29350,1-105,244-515
O00571,132-181,211-575
P54646,291-376,16-268
P35609,259-307,753-824
Q13131,313-392,27-279
P41212,410-452,339-409
P46108,239-294,132-192
Q9Y4X5,408-557,339-392
P35520,414-551,40-413
P15498,131-178,194-373
Q9UIK4,292-301,23-285
P54578,"329-351,429-433",105-483
Q9C000,809-973,328-637
Q9BYP7,440-463,147-405
P57764,280-484,1-275
P46109,129-175,14-102
Q13557,283-292,14-272
Q86WJ1,704-897,351-513
Q96RU8,355-360,1-338
Q96P20,740-991,220-536
Q16644,307-343,44-304
Q8IU85,279-319,23-278
P52564,251-277,53-314
P19174,757-790,668-756
Q01974,555-556,473-746
Q14012,286-300,20-276
P39687,121-163,1-120
Q9Y490,1654-2344,86-403
O60741,401-479,480-604
P16298,"417-423,474-496",22-357
Q6GQQ9,187-193,194-365
P45985,109-136,"102-108,137-367"
O95267,468-609,205-436
P36507,75-102,"72-74,103-369"
P15036,325-359,363-443
Q8NI60,276-279,329-518
Q13555,283-292,14-272
O95376,359-493,297-326
Q14674,"711-723,955-974,1393-1400","667-1706,1707-2120"
Q9Y4F1,759-1029,540-730
Q16566,305-321,46-300
Q13554,283-292,14-272
Q96NX5,277-317,23-276
Q86VW2,348-472,155-347
P09769,"144-241,242-262","77-138,490-529"
Q9P246,67-102,136-204
Q99683,1-648,680-938
Q8TCU6,409-499,"49-240,271-392"
Q8TDX7,182-199,"34-181,200-299"
Q9H0M0,349-527,588-922
Q9NPP4,464-579,95-298
Q8RT31,201-354,1-190
Q58719,290-330,1-289
P00520,"1-60,61-121,127-217,218-241,383-400",242-493
P13864,649-695,1142-1601
P27577,"304-310,416-441",335-415
O08967,"251-265,383-395",77-206
P18654,697-712,328-679
P54763,595-621,621-884
P97360,426-435,335-416
Q9D8T2,279-469,1-273
Q3UP24,"356-463,578-1020",95-298
Q91VS8,"728-745,755-1026",536-727
Q5Y4Y6,240-464,1-239
Q9Z0R4,1151-1203,1230-1416
Q3UH93,"1294-1403,1527-1698","1404-1526,1699-1925"
Q6PHZ2,283-292,14-272
Q8R4B8,741-990,216-532
Q3KK31,170-390,399-648
P31016,428-498,534-709
Q9JK66,"141-225,378-410","226-377,410-465"
Q63450,285-316,20-276
P53042,28-129,"495-499,200-494"
O08722,541-687,"688-828,853-942"
Q5EGY4,8-131,138-198
P53686,300-320,1-280
P32527,348-364,365-433
B5XAZ0,116-120,1-115
D2AJU0,57-228,251-545
Q83RJ4,58-260,279-571
Q95PM0,96-113,126-342
