uniprot	cluster	region_1	region_2	mean_pae_1_1	mean_pae_1_2	mean_pae_2_2
P07038	U10-003	892-917	562-625	10.876	27.728	3.301
P07038	000	892-917	562-625	9.598	30.793	16.475
P07038	U10-007	892-917	562-625	7.682	26.193	3.593
P07038	U10-008	892-917	562-625	9.19	27.868	3.725
P07038	U100-005	892-917	562-625	7.36	24.642	3.432
P07038	U100-009	892-917	562-625	5.396	21.947	3.201
P07038	U10-002	892-917	562-625	9.487	26.357	3.566
P07038	U100-004	892-917	562-625	4.741	19.431	3.182
P07038	U100-006	892-917	562-625	4.926	17.73	3.106
P07038	002	892-917	562-625	12.726	31.575	16.091
P07038	U10-006	892-917	562-625	9.315	27.721	3.569
P07038	U10-004	892-917	562-625	9.016	26.944	3.762
P07038	U10-009	892-917	562-625	9.004	24.682	3.652
P07038	U100-007	892-917	562-625	5.076	19.165	3.113
P07038	U10-000	892-917	562-625	9.198	27.205	3.583
P07038	U100-008	892-917	562-625	3.745	8.101	3.258
P07038	001	892-917	562-625	6.596	29.711	16.765
P07038	U10-001	892-917	562-625	5.827	24.664	3.672
P07038	U100-003	892-917	562-625	6.632	22.823	2.868
P07038	U100-000	892-917	562-625	5.538	13.409	3.521
P07038	U100-002	892-917	562-625	4.874	20.313	3.423
P07038	U100-001	892-917	562-625	9.131	24.974	3.523
P07038	U10-005	892-917	562-625	5.962	25.605	3.742
Q8NQJ3	001	1-40	68-117	18.31	22.327	12.128
Q8NQJ3	043	1-40	68-117	18.667	27.285	8.152
Q8NQJ3	014	1-40	68-117	18.549	25.682	11.857
Q8NQJ3	017	1-40	68-117	18.151	24.201	8.447
Q8NQJ3	034	1-40	68-117	17.089	23.434	12.644
Q8NQJ3	029	1-40	68-117	17.667	24.933	8.595
Q8NQJ3	072	1-40	68-117	19.496	27.165	12.907
Q8NQJ3	000	1-40	68-117	17.727	25.323	2.085
Q8NQJ3	003	1-40	68-117	14.414	18.723	10.15
Q8NQJ3	078	1-40	68-117	17.873	25.313	4.635
Q8NQJ3	042	1-40	68-117	17.547	24.9	10.964
Q8NQJ3	046	1-40	68-117	18.578	25.076	7.846
Q8NQJ3	045	1-40	68-117	16.923	25.144	4.41
Q8NQJ3	030	1-40	68-117	17.526	24.658	11.734
Q8NQJ3	005	1-40	68-117	18.32	25.462	7.666
Q8NQJ3	079	1-40	68-117	18.383	23.199	7.684
Q8NQJ3	066	1-40	68-117	18.44	24.797	11.632
Q8NQJ3	033	1-40	68-117	14.464	19.805	11.234
Q8NQJ3	020	1-40	68-117	16.155	23.898	11.269
Q8NQJ3	U100-009	1-40	68-117	17.952	26.368	1.71
Q8NQJ3	U100-008	1-40	68-117	17.489	25.361	1.677
Q8NQJ3	068	1-40	68-117	16.686	24.838	15.21
Q8NQJ3	086	1-40	68-117	19.66	27.67	6.285
Q8NQJ3	021	1-40	68-117	18.927	26.726	12.41
Q8NQJ3	055	1-40	68-117	17.502	24.355	5.167
Q8NQJ3	U10-004	1-40	68-117	19.132	26.817	1.836
Q8NQJ3	073	1-40	68-117	17.483	23.74	9.992
Q8NQJ3	071	1-40	68-117	18.243	26.005	7.226
Q8NQJ3	069	1-40	68-117	17.084	23.93	7.601
Q8NQJ3	U10-000	1-40	68-117	19.182	26.788	2.033
Q8NQJ3	019	1-40	68-117	17.239	24.189	6.952
Q8NQJ3	087	1-40	68-117	17.664	24.685	6.826
Q8NQJ3	018	1-40	68-117	17.882	24.455	7.464
Q8NQJ3	031	1-40	68-117	18.127	24.708	8.04
Q8NQJ3	U10-006	1-40	68-117	19.334	26.691	1.845
Q8NQJ3	U10-001	1-40	68-117	19.182	27.061	1.934
Q8NQJ3	008	1-40	68-117	17.458	24.365	4.788
Q8NQJ3	037	1-40	68-117	14.887	16.969	9.503
Q8NQJ3	061	1-40	68-117	15.51	21.412	6.934
Q8NQJ3	022	1-40	68-117	14.951	23.397	12.55
Q8NQJ3	080	1-40	68-117	17.337	25.186	8.13
Q8NQJ3	083	1-40	68-117	17.782	24.445	10.862
Q8NQJ3	036	1-40	68-117	18.127	24.98	7.871
Q8NQJ3	051	1-40	68-117	18.606	25.631	4.252
Q8NQJ3	063	1-40	68-117	18.681	26.74	7.678
Q8NQJ3	062	1-40	68-117	17.567	21.562	10.319
Q8NQJ3	009	1-40	68-117	18.177	25.472	2.267
Q8NQJ3	065	1-40	68-117	19.696	26.872	6.896
Q8NQJ3	077	1-40	68-117	17.618	23.862	10.376
Q8NQJ3	U10-005	1-40	68-117	18.635	25.856	1.8
Q8NQJ3	007	1-40	68-117	15.342	23.788	8.969
Q8NQJ3	082	1-40	68-117	19.533	25.572	12.731
Q8NQJ3	U100-004	1-40	68-117	17.637	25.267	1.71
Q8NQJ3	006	1-40	68-117	17.629	24.787	12.638
Q8NQJ3	075	1-40	68-117	17.051	24.339	14.894
Q8NQJ3	010	1-40	68-117	18.291	25.376	5.176
Q8NQJ3	004	1-40	68-117	18.864	24.739	12.724
Q8NQJ3	011	1-40	68-117	18.168	23.083	10.438
Q8NQJ3	U100-005	1-40	68-117	17.782	25.17	1.71
Q8NQJ3	084	1-40	68-117	16.48	22.616	13.008
Q8NQJ3	027	1-40	68-117	18.366	25.643	14.044
Q8NQJ3	032	1-40	68-117	17.22	23.922	8.578
Q8NQJ3	035	1-40	68-117	16.89	22.996	9.387
Q8NQJ3	058	1-40	68-117	17.532	23.438	11.86
Q8NQJ3	044	1-40	68-117	16.697	24.294	5.272
Q8NQJ3	056	1-40	68-117	18.045	22.745	11.555
Q8NQJ3	067	1-40	68-117	18.222	26.352	10.057
Q8NQJ3	054	1-40	68-117	17.174	23.922	7.921
Q8NQJ3	088	1-40	68-117	19.68	28.792	4.838
Q8NQJ3	U10-008	1-40	68-117	18.378	26.428	1.844
Q8NQJ3	053	1-40	68-117	17.195	23.291	11.539
Q8NQJ3	015	1-40	68-117	19.238	27.632	6.348
Q8NQJ3	025	1-40	68-117	17.328	23.899	8.242
Q8NQJ3	U10-002	1-40	68-117	18.459	24.349	1.868
Q8NQJ3	U10-003	1-40	68-117	18.064	25.696	1.79
Q8NQJ3	038	1-40	68-117	17.595	24.03	8.209
Q8NQJ3	U10-009	1-40	68-117	18.503	26.583	1.898
Q8NQJ3	041	1-40	68-117	16.817	22.377	9.049
Q8NQJ3	049	1-40	68-117	17.767	24.603	13.217
Q8NQJ3	013	1-40	68-117	17.358	23.884	5.831
Q8NQJ3	002	1-40	68-117	16.33	22.687	10.77
Q8NQJ3	076	1-40	68-117	18.865	23.531	9.641
Q8NQJ3	040	1-40	68-117	14.932	23.261	5.084
Q8NQJ3	U10-007	1-40	68-117	19.074	25.503	1.841
Q8NQJ3	023	1-40	68-117	17.815	24.252	8.079
Q8NQJ3	070	1-40	68-117	17.527	23.146	7.607
Q8NQJ3	026	1-40	68-117	17.585	24.663	2.093
Q8NQJ3	U100-006	1-40	68-117	18.527	26.573	1.676
Q8NQJ3	081	1-40	68-117	17.513	24.525	10.899
Q8NQJ3	060	1-40	68-117	19.252	27.917	11.998
Q8NQJ3	052	1-40	68-117	19.552	27.423	6.188
Q8NQJ3	050	1-40	68-117	18.685	23.032	8.185
Q8NQJ3	016	1-40	68-117	18.248	25.673	8.435
Q8NQJ3	012	1-40	68-117	16.956	23.495	8.377
Q8NQJ3	059	1-40	68-117	18.215	24.642	9.078
Q8NQJ3	024	1-40	68-117	17.098	25.829	4.758
Q8NQJ3	U100-003	1-40	68-117	18.784	26.811	1.675
Q8NQJ3	047	1-40	68-117	16.114	22.681	8.232
Q8NQJ3	039	1-40	68-117	17.086	25.237	8.891
Q8NQJ3	028	1-40	68-117	17.882	24.926	2.025
Q8NQJ3	057	1-40	68-117	19.197	24.574	10.198
Q8NQJ3	074	1-40	68-117	17.689	24.327	15.854
Q8NQJ3	U100-007	1-40	68-117	17.548	25.447	1.696
Q8NQJ3	064	1-40	68-117	17.316	23.45	9.109
Q8NQJ3	085	1-40	68-117	19.155	25.326	6.869
Q8NQJ3	048	1-40	68-117	18.352	24.009	10.355
Q8NQJ3	U100-000	1-40	68-117	18.259	26.154	1.669
Q8NQJ3	U100-002	1-40	68-117	17.761	25.863	1.691
Q8NQJ3	U100-001	1-40	68-117	17.472	25.769	1.699
P60240	U100-001	1-110	147-416,441-659	2.85	18.868	6.57
P60240	U10-002	1-110	147-416,441-659	3.966	26.445	8.689
P60240	U10-008	1-110	147-416,441-659	3.547	24.237	8.447
P60240	U10-004	1-110	147-416,441-659	3.574	25.488	8.202
P60240	U100-003	1-110	147-416,441-659	3.052	22.738	6.456
P60240	U10-006	1-110	147-416,441-659	3.763	26.142	7.654
P60240	U10-000	1-110	147-416,441-659	3.253	23.11	8.032
P60240	U100-008	1-110	147-416,441-659	2.936	21.898	6.34
P60240	U10-005	1-110	147-416,441-659	2.915	19.394	7.362
P60240	U100-000	1-110	147-416,441-659	2.824	19.919	6.245
P60240	U10-003	1-110	147-416,441-659	3.424	23.174	7.723
P60240	U10-007	1-110	147-416,441-659	3.33	21.072	8.031
P60240	U10-001	1-110	147-416,441-659	3.683	27.469	7.618
P60240	U100-004	1-110	147-416,441-659	2.84	20.459	6.302
P60240	U100-006	1-110	147-416,441-659	2.907	21.426	6.432
P60240	000	1-110	147-416,441-659	14.352	30.502	26.939
P60240	U100-002	1-110	147-416,441-659	2.797	20.254	6.413
P60240	U10-009	1-110	147-416,441-659	3.684	24.301	7.731
P60240	U100-005	1-110	147-416,441-659	2.961	22.058	6.194
P60240	U100-009	1-110	147-416,441-659	2.901	21.544	6.846
P60240	U100-007	1-110	147-416,441-659	2.693	18.616	6.383
P28482	077	173-196	25-172,197-313	12.216	25.865	21.269
P28482	U100-009	173-196	25-172,197-313	4.618	7.986	3.05
P28482	149	173-196	25-172,197-313	8.129	13.981	4.348
P28482	158	173-196	25-172,197-313	12.92	24.43	16.209
P28482	174	173-196	25-172,197-313	13.842	26.065	22.797
P28482	126	173-196	25-172,197-313	9.526	19.042	6.021
P28482	286	173-196	25-172,197-313	10.587	18.226	5.826
P28482	175	173-196	25-172,197-313	13.307	23.152	11.009
P28482	154	173-196	25-172,197-313	12.867	23.235	16.76
P28482	047	173-196	25-172,197-313	10.249	19.905	5.728
P28482	U10-003	173-196	25-172,197-313	8.314	14.274	3.389
P28482	166	173-196	25-172,197-313	12.861	24.84	17.078
P28482	291	173-196	25-172,197-313	8.65	24.259	21.8
P28482	139	173-196	25-172,197-313	9.257	15.807	4.008
P28482	278	173-196	25-172,197-313	11.487	25.509	22.651
P28482	058	173-196	25-172,197-313	12.627	25.003	17.481
P28482	025	173-196	25-172,197-313	11.794	25.006	21.48
P28482	084	173-196	25-172,197-313	7.189	11.906	3.602
P28482	269	173-196	25-172,197-313	12.29	22.765	14.897
P28482	249	173-196	25-172,197-313	13.335	23.943	14.608
P28482	041	173-196	25-172,197-313	13.502	22.672	13.349
P28482	019	173-196	25-172,197-313	10.779	20.433	5.462
P28482	120	173-196	25-172,197-313	11.31	20.021	8.918
P28482	099	173-196	25-172,197-313	7.489	12.549	3.369
P28482	074	173-196	25-172,197-313	10.063	18.969	7.106
P28482	061	173-196	25-172,197-313	12.722	25.26	19.18
P28482	039	173-196	25-172,197-313	12.69	25.768	22.163
P28482	070	173-196	25-172,197-313	11.978	20.239	9.561
P28482	206	173-196	25-172,197-313	13.302	25.157	21.399
P28482	251	173-196	25-172,197-313	10.958	21.18	5.206
P28482	196	173-196	25-172,197-313	12.301	23.285	14.656
P28482	168	173-196	25-172,197-313	11.256	19.124	11.652
P28482	097	173-196	25-172,197-313	12.051	21.663	9.998
P28482	230	173-196	25-172,197-313	13.671	25.236	22.426
P28482	006	173-196	25-172,197-313	8.881	14.949	3.594
P28482	190	173-196	25-172,197-313	11.802	21.512	11.763
P28482	092	173-196	25-172,197-313	12.993	23.334	14.075
P28482	083	173-196	25-172,197-313	9.537	25.132	23.061
P28482	222	173-196	25-172,197-313	11.432	24.945	20.883
P28482	009	173-196	25-172,197-313	12.907	25.075	15.0
P28482	242	173-196	25-172,197-313	11.716	19.824	12.092
P28482	247	173-196	25-172,197-313	12.494	23.127	15.626
P28482	042	173-196	25-172,197-313	9.743	22.908	17.356
P28482	122	173-196	25-172,197-313	11.273	20.774	8.164
P28482	261	173-196	25-172,197-313	11.535	20.922	10.514
P28482	U100-004	173-196	25-172,197-313	3.921	6.628	3.048
P28482	144	173-196	25-172,197-313	10.234	18.137	6.257
P28482	246	173-196	25-172,197-313	12.468	21.394	7.072
P28482	238	173-196	25-172,197-313	9.3	23.841	20.226
P28482	273	173-196	25-172,197-313	9.685	16.641	5.346
P28482	241	173-196	25-172,197-313	11.097	23.496	20.041
P28482	307	173-196	25-172,197-313	11.855	24.199	20.408
P28482	179	173-196	25-172,197-313	12.796	25.632	22.543
P28482	257	173-196	25-172,197-313	10.386	24.151	19.6
P28482	078	173-196	25-172,197-313	13.016	25.929	22.496
P28482	057	173-196	25-172,197-313	10.502	18.384	4.784
P28482	287	173-196	25-172,197-313	10.21	18.454	7.405
P28482	U100-006	173-196	25-172,197-313	6.306	10.81	3.052
P28482	138	173-196	25-172,197-313	13.325	23.476	14.859
P28482	151	173-196	25-172,197-313	13.228	25.843	23.572
P28482	U100-005	173-196	25-172,197-313	6.111	10.558	3.076
P28482	304	173-196	25-172,197-313	11.054	19.184	7.272
P28482	156	173-196	25-172,197-313	10.962	25.603	21.385
P28482	219	173-196	25-172,197-313	12.339	22.451	16.706
P28482	212	173-196	25-172,197-313	11.672	20.913	6.912
P28482	234	173-196	25-172,197-313	13.557	24.555	14.454
P28482	258	173-196	25-172,197-313	11.85	21.609	7.522
P28482	218	173-196	25-172,197-313	10.303	20.436	9.516
P28482	U10-007	173-196	25-172,197-313	9.217	15.43	3.569
P28482	063	173-196	25-172,197-313	13.983	26.844	22.718
P28482	U100-002	173-196	25-172,197-313	5.142	8.784	2.993
P28482	031	173-196	25-172,197-313	11.273	20.458	5.548
P28482	282	173-196	25-172,197-313	11.84	25.066	22.094
P28482	125	173-196	25-172,197-313	10.898	26.144	19.277
P28482	233	173-196	25-172,197-313	11.796	20.901	10.848
P28482	115	173-196	25-172,197-313	12.189	21.2	12.472
P28482	101	173-196	25-172,197-313	13.577	24.532	18.779
P28482	103	173-196	25-172,197-313	11.314	21.941	11.767
P28482	188	173-196	25-172,197-313	12.809	26.446	22.136
P28482	123	173-196	25-172,197-313	11.768	25.123	21.588
P28482	231	173-196	25-172,197-313	10.429	24.259	17.652
P28482	171	173-196	25-172,197-313	10.568	25.546	23.276
P28482	164	173-196	25-172,197-313	12.727	23.639	11.865
P28482	215	173-196	25-172,197-313	13.249	25.963	19.825
P28482	068	173-196	25-172,197-313	13.379	25.971	17.485
P28482	199	173-196	25-172,197-313	8.929	15.114	4.792
P28482	306	173-196	25-172,197-313	10.526	22.376	13.546
P28482	274	173-196	25-172,197-313	10.726	17.71	5.338
P28482	127	173-196	25-172,197-313	10.763	24.017	18.289
P28482	140	173-196	25-172,197-313	12.949	26.022	21.03
P28482	192	173-196	25-172,197-313	12.008	22.072	13.559
P28482	310	173-196	25-172,197-313	12.99	23.578	13.495
P28482	054	173-196	25-172,197-313	9.155	16.018	4.56
P28482	210	173-196	25-172,197-313	11.614	20.198	8.623
P28482	030	173-196	25-172,197-313	10.263	24.715	22.036
P28482	022	173-196	25-172,197-313	13.827	25.72	17.579
P28482	186	173-196	25-172,197-313	11.844	20.479	7.801
P28482	036	173-196	25-172,197-313	11.731	24.896	18.63
P28482	U10-001	173-196	25-172,197-313	8.132	13.831	3.643
P28482	085	173-196	25-172,197-313	9.028	15.752	4.745
P28482	062	173-196	25-172,197-313	9.683	23.947	21.063
P28482	153	173-196	25-172,197-313	11.686	21.884	11.1
P28482	271	173-196	25-172,197-313	14.296	26.256	20.921
P28482	000	173-196	25-172,197-313	5.012	8.649	2.923
P28482	237	173-196	25-172,197-313	13.529	25.626	22.956
P28482	311	173-196	25-172,197-313	13.479	26.178	19.694
P28482	016	173-196	25-172,197-313	13.354	23.085	10.559
P28482	U100-003	173-196	25-172,197-313	6.669	11.32	2.98
P28482	248	173-196	25-172,197-313	11.747	25.169	22.022
P28482	075	173-196	25-172,197-313	12.987	25.26	14.454
P28482	297	173-196	25-172,197-313	11.344	21.461	7.98
P28482	296	173-196	25-172,197-313	9.658	24.916	22.41
P28482	189	173-196	25-172,197-313	10.737	18.193	6.459
P28482	064	173-196	25-172,197-313	13.803	27.846	22.738
P28482	300	173-196	25-172,197-313	9.981	17.932	13.509
P28482	093	173-196	25-172,197-313	12.928	26.668	20.185
P28482	200	173-196	25-172,197-313	11.968	26.653	23.228
P28482	091	173-196	25-172,197-313	13.294	23.853	15.931
P28482	244	173-196	25-172,197-313	12.651	24.368	14.621
P28482	147	173-196	25-172,197-313	11.93	22.413	12.666
P28482	137	173-196	25-172,197-313	12.739	25.568	22.118
P28482	155	173-196	25-172,197-313	13.577	26.095	23.328
P28482	152	173-196	25-172,197-313	12.587	25.726	15.152
P28482	007	173-196	25-172,197-313	7.753	13.263	3.117
P28482	086	173-196	25-172,197-313	8.847	21.357	17.268
P28482	142	173-196	25-172,197-313	8.882	24.659	23.194
P28482	187	173-196	25-172,197-313	10.401	18.816	6.556
P28482	211	173-196	25-172,197-313	11.043	19.063	13.154
P28482	270	173-196	25-172,197-313	11.208	19.577	10.337
P28482	107	173-196	25-172,197-313	13.795	23.926	14.55
P28482	172	173-196	25-172,197-313	13.79	25.473	20.792
P28482	U100-000	173-196	25-172,197-313	6.679	11.292	2.899
P28482	089	173-196	25-172,197-313	9.564	24.495	21.471
P28482	201	173-196	25-172,197-313	8.578	15.26	5.994
P28482	060	173-196	25-172,197-313	13.423	24.205	11.277
P28482	284	173-196	25-172,197-313	11.603	25.031	22.413
P28482	141	173-196	25-172,197-313	9.852	24.743	22.316
P28482	010	173-196	25-172,197-313	10.463	24.285	18.414
P28482	020	173-196	25-172,197-313	12.77	23.424	11.692
P28482	264	173-196	25-172,197-313	11.514	25.422	18.598
P28482	080	173-196	25-172,197-313	11.436	23.913	17.927
P28482	265	173-196	25-172,197-313	13.229	26.4	23.39
P28482	003	173-196	25-172,197-313	8.509	14.708	3.372
P28482	040	173-196	25-172,197-313	12.139	21.618	7.67
P28482	108	173-196	25-172,197-313	10.145	18.278	4.618
P28482	011	173-196	25-172,197-313	10.659	22.41	13.129
P28482	100	173-196	25-172,197-313	10.404	18.269	4.842
P28482	106	173-196	25-172,197-313	11.68	24.568	17.442
P28482	056	173-196	25-172,197-313	14.02	24.025	14.015
P28482	072	173-196	25-172,197-313	8.376	20.333	14.575
P28482	114	173-196	25-172,197-313	12.123	20.842	5.711
P28482	037	173-196	25-172,197-313	10.861	19.621	5.717
P28482	191	173-196	25-172,197-313	9.801	22.444	21.96
P28482	280	173-196	25-172,197-313	11.649	23.239	16.443
P28482	295	173-196	25-172,197-313	11.827	25.003	22.017
P28482	294	173-196	25-172,197-313	13.38	22.789	9.531
P28482	U100-007	173-196	25-172,197-313	4.872	8.495	3.037
P28482	193	173-196	25-172,197-313	13.423	26.08	22.835
P28482	U10-005	173-196	25-172,197-313	7.798	13.502	3.527
P28482	026	173-196	25-172,197-313	7.641	13.389	3.516
P28482	302	173-196	25-172,197-313	10.874	23.983	14.786
P28482	224	173-196	25-172,197-313	9.468	23.84	20.865
P28482	081	173-196	25-172,197-313	9.961	16.067	3.705
P28482	117	173-196	25-172,197-313	13.354	23.918	15.545
P28482	252	173-196	25-172,197-313	11.06	23.026	12.114
P28482	163	173-196	25-172,197-313	11.375	23.477	18.262
P28482	308	173-196	25-172,197-313	11.471	25.671	22.531
P28482	220	173-196	25-172,197-313	13.607	25.981	17.158
P28482	225	173-196	25-172,197-313	12.79	22.7	14.591
P28482	267	173-196	25-172,197-313	12.707	22.54	14.524
P28482	253	173-196	25-172,197-313	14.03	26.454	22.976
P28482	204	173-196	25-172,197-313	13.925	25.307	16.719
P28482	279	173-196	25-172,197-313	10.846	20.228	11.071
P28482	226	173-196	25-172,197-313	9.554	16.404	5.797
P28482	298	173-196	25-172,197-313	13.633	24.385	14.185
P28482	034	173-196	25-172,197-313	11.582	25.082	23.016
P28482	094	173-196	25-172,197-313	13.069	23.034	14.943
P28482	266	173-196	25-172,197-313	12.035	23.058	15.567
P28482	159	173-196	25-172,197-313	13.257	23.57	12.62
P28482	012	173-196	25-172,197-313	9.67	18.511	7.01
P28482	146	173-196	25-172,197-313	12.601	23.543	15.471
P28482	045	173-196	25-172,197-313	13.27	21.704	7.954
P28482	202	173-196	25-172,197-313	11.219	25.073	20.088
P28482	001	173-196	25-172,197-313	9.967	17.196	3.778
P28482	160	173-196	25-172,197-313	13.137	22.058	6.255
P28482	046	173-196	25-172,197-313	12.556	24.113	9.761
P28482	245	173-196	25-172,197-313	10.404	24.874	20.0
P28482	228	173-196	25-172,197-313	13.354	21.335	14.928
P28482	017	173-196	25-172,197-313	11.028	20.426	9.417
P28482	262	173-196	25-172,197-313	13.018	24.189	16.85
P28482	276	173-196	25-172,197-313	9.326	16.933	6.232
P28482	223	173-196	25-172,197-313	8.78	22.199	19.126
P28482	293	173-196	25-172,197-313	10.188	23.307	17.431
P28482	305	173-196	25-172,197-313	12.597	24.231	17.357
P28482	053	173-196	25-172,197-313	12.787	21.059	11.629
P28482	066	173-196	25-172,197-313	11.546	22.198	15.457
P28482	073	173-196	25-172,197-313	13.393	24.97	15.397
P28482	082	173-196	25-172,197-313	10.023	20.005	7.383
P28482	221	173-196	25-172,197-313	11.061	23.233	22.341
P28482	109	173-196	25-172,197-313	11.81	24.698	16.114
P28482	194	173-196	25-172,197-313	11.303	19.264	7.465
P28482	004	173-196	25-172,197-313	12.9	21.037	11.778
P28482	303	173-196	25-172,197-313	10.116	18.372	9.964
P28482	124	173-196	25-172,197-313	10.388	24.905	19.108
P28482	059	173-196	25-172,197-313	13.998	25.702	17.418
P28482	236	173-196	25-172,197-313	13.297	25.119	19.833
P28482	U10-002	173-196	25-172,197-313	8.455	14.396	3.446
P28482	111	173-196	25-172,197-313	11.253	20.058	7.419
P28482	268	173-196	25-172,197-313	13.127	22.877	10.522
P28482	289	173-196	25-172,197-313	10.734	23.217	10.348
P28482	216	173-196	25-172,197-313	11.658	18.499	9.828
P28482	069	173-196	25-172,197-313	13.491	24.939	16.775
P28482	178	173-196	25-172,197-313	9.13	15.954	4.855
P28482	096	173-196	25-172,197-313	11.545	24.169	18.249
P28482	008	173-196	25-172,197-313	10.085	18.203	4.623
P28482	272	173-196	25-172,197-313	10.003	24.544	22.169
P28482	207	173-196	25-172,197-313	9.63	25.496	21.605
P28482	095	173-196	25-172,197-313	9.812	23.123	20.919
P28482	255	173-196	25-172,197-313	12.505	24.001	14.733
P28482	110	173-196	25-172,197-313	11.822	22.406	11.469
P28482	052	173-196	25-172,197-313	12.992	26.25	20.126
P28482	132	173-196	25-172,197-313	10.717	24.191	20.537
P28482	208	173-196	25-172,197-313	11.496	23.279	16.659
P28482	263	173-196	25-172,197-313	12.417	25.115	18.457
P28482	256	173-196	25-172,197-313	13.191	23.015	10.577
P28482	290	173-196	25-172,197-313	11.378	18.893	10.561
P28482	157	173-196	25-172,197-313	11.492	24.991	16.858
P28482	005	173-196	25-172,197-313	7.871	14.78	3.573
P28482	121	173-196	25-172,197-313	11.624	20.897	6.66
P28482	198	173-196	25-172,197-313	11.776	20.507	6.819
P28482	185	173-196	25-172,197-313	9.924	22.788	19.564
P28482	U10-004	173-196	25-172,197-313	7.893	13.697	3.368
P28482	015	173-196	25-172,197-313	8.293	23.851	21.767
P28482	243	173-196	25-172,197-313	13.356	25.64	16.933
P28482	112	173-196	25-172,197-313	13.465	22.774	12.884
P28482	145	173-196	25-172,197-313	11.146	19.718	6.344
P28482	104	173-196	25-172,197-313	10.973	20.72	8.368
P28482	167	173-196	25-172,197-313	10.747	21.563	9.703
P28482	049	173-196	25-172,197-313	9.555	22.108	15.311
P28482	129	173-196	25-172,197-313	9.442	16.989	4.025
P28482	135	173-196	25-172,197-313	10.672	18.111	6.168
P28482	205	173-196	25-172,197-313	9.674	17.773	11.182
P28482	150	173-196	25-172,197-313	11.643	24.734	15.773
P28482	161	173-196	25-172,197-313	6.428	11.617	4.774
P28482	050	173-196	25-172,197-313	12.325	21.057	5.83
P28482	024	173-196	25-172,197-313	10.745	23.699	20.938
P28482	079	173-196	25-172,197-313	9.324	16.244	4.738
P28482	051	173-196	25-172,197-313	13.005	22.232	9.599
P28482	176	173-196	25-172,197-313	10.812	23.73	21.059
P28482	087	173-196	25-172,197-313	11.127	20.633	6.354
P28482	113	173-196	25-172,197-313	11.237	24.6	16.434
P28482	U10-008	173-196	25-172,197-313	5.448	9.121	3.441
P28482	043	173-196	25-172,197-313	13.517	22.909	9.841
P28482	197	173-196	25-172,197-313	8.85	15.358	4.834
P28482	090	173-196	25-172,197-313	11.759	20.22	7.518
P28482	027	173-196	25-172,197-313	11.245	22.336	15.344
P28482	118	173-196	25-172,197-313	8.727	24.618	21.681
P28482	023	173-196	25-172,197-313	10.928	24.82	21.815
P28482	169	173-196	25-172,197-313	12.715	23.948	17.725
P28482	260	173-196	25-172,197-313	11.308	23.973	14.595
P28482	227	173-196	25-172,197-313	13.311	25.692	19.167
P28482	055	173-196	25-172,197-313	13.076	26.136	17.851
P28482	250	173-196	25-172,197-313	12.04	24.884	18.695
P28482	131	173-196	25-172,197-313	12.439	22.614	14.282
P28482	240	173-196	25-172,197-313	14.124	27.24	19.399
P28482	285	173-196	25-172,197-313	11.581	20.508	6.539
P28482	133	173-196	25-172,197-313	10.813	19.394	14.567
P28482	301	173-196	25-172,197-313	11.646	21.429	6.789
P28482	299	173-196	25-172,197-313	11.974	22.548	15.265
P28482	071	173-196	25-172,197-313	13.188	25.819	22.573
P28482	259	173-196	25-172,197-313	12.44	24.062	15.942
P28482	184	173-196	25-172,197-313	11.602	18.128	6.071
P28482	283	173-196	25-172,197-313	9.724	18.63	11.506
P28482	165	173-196	25-172,197-313	10.209	24.392	21.705
P28482	288	173-196	25-172,197-313	12.571	25.776	21.461
P28482	209	173-196	25-172,197-313	9.68	16.084	6.496
P28482	136	173-196	25-172,197-313	13.511	25.08	18.502
P28482	U10-009	173-196	25-172,197-313	7.595	12.607	3.266
P28482	148	173-196	25-172,197-313	12.302	19.618	6.792
P28482	076	173-196	25-172,197-313	11.553	20.883	10.763
P28482	119	173-196	25-172,197-313	12.393	21.239	12.142
P28482	134	173-196	25-172,197-313	11.833	21.02	6.968
P28482	275	173-196	25-172,197-313	12.208	22.288	11.207
P28482	021	173-196	25-172,197-313	9.791	24.505	19.808
P28482	018	173-196	25-172,197-313	11.411	21.291	9.13
P28482	232	173-196	25-172,197-313	11.751	25.567	17.416
P28482	032	173-196	25-172,197-313	9.887	22.74	15.685
P28482	173	173-196	25-172,197-313	11.508	25.524	23.259
P28482	217	173-196	25-172,197-313	12.081	23.967	13.875
P28482	235	173-196	25-172,197-313	9.074	15.35	5.066
P28482	033	173-196	25-172,197-313	12.852	25.07	16.401
P28482	065	173-196	25-172,197-313	12.362	25.878	20.344
P28482	162	173-196	25-172,197-313	8.409	22.714	19.428
P28482	170	173-196	25-172,197-313	12.325	22.6	12.985
P28482	048	173-196	25-172,197-313	11.067	20.942	9.402
P28482	128	173-196	25-172,197-313	12.768	24.288	15.275
P28482	195	173-196	25-172,197-313	12.451	24.514	16.524
P28482	088	173-196	25-172,197-313	12.329	22.934	12.019
P28482	180	173-196	25-172,197-313	9.093	15.672	5.09
P28482	182	173-196	25-172,197-313	13.041	25.463	22.061
P28482	U100-001	173-196	25-172,197-313	6.039	10.403	3.028
P28482	183	173-196	25-172,197-313	14.265	26.996	22.997
P28482	029	173-196	25-172,197-313	8.867	23.286	19.078
P28482	102	173-196	25-172,197-313	7.672	16.42	11.561
P28482	281	173-196	25-172,197-313	8.564	14.177	4.296
P28482	105	173-196	25-172,197-313	8.759	15.304	4.475
P28482	177	173-196	25-172,197-313	11.343	22.418	15.017
P28482	239	173-196	25-172,197-313	11.777	25.052	22.567
P28482	116	173-196	25-172,197-313	9.44	15.65	5.176
P28482	229	173-196	25-172,197-313	13.364	25.708	22.337
P28482	203	173-196	25-172,197-313	12.11	23.768	17.016
P28482	014	173-196	25-172,197-313	9.018	15.441	3.776
P28482	292	173-196	25-172,197-313	12.817	24.823	19.928
P28482	U10-006	173-196	25-172,197-313	9.31	15.474	3.474
P28482	130	173-196	25-172,197-313	10.902	20.437	8.911
P28482	214	173-196	25-172,197-313	12.939	26.243	21.835
P28482	067	173-196	25-172,197-313	13.19	24.541	15.206
P28482	U10-000	173-196	25-172,197-313	8.116	13.638	4.082
P28482	213	173-196	25-172,197-313	12.534	21.629	6.886
P28482	277	173-196	25-172,197-313	12.26	22.385	17.917
P28482	013	173-196	25-172,197-313	11.953	24.257	14.563
P28482	038	173-196	25-172,197-313	12.601	23.778	13.581
P28482	U100-008	173-196	25-172,197-313	6.831	11.758	2.992
P28482	309	173-196	25-172,197-313	12.004	23.646	12.316
P28482	028	173-196	25-172,197-313	12.854	25.019	20.831
P28482	098	173-196	25-172,197-313	12.456	20.416	6.612
P28482	143	173-196	25-172,197-313	11.77	22.303	7.457
P28482	044	173-196	25-172,197-313	12.866	22.872	14.18
P28482	254	173-196	25-172,197-313	7.552	23.341	22.337
P28482	181	173-196	25-172,197-313	11.825	24.92	20.965
P28482	035	173-196	25-172,197-313	13.377	23.11	11.204
P28482	002	173-196	25-172,197-313	9.431	16.193	3.566
P62826	052	179-216	10-169	11.448	26.716	16.017
P62826	072	179-216	10-169	11.71	27.371	8.413
P62826	U10-003	179-216	10-169	6.731	8.701	3.551
P62826	012	179-216	10-169	10.963	25.495	13.241
P62826	003	179-216	10-169	10.961	23.993	6.619
P62826	066	179-216	10-169	10.411	26.63	8.127
P62826	057	179-216	10-169	11.143	21.147	4.272
P62826	029	179-216	10-169	12.439	21.909	8.19
P62826	004	179-216	10-169	9.829	24.64	4.819
P62826	017	179-216	10-169	11.043	18.116	5.37
P62826	U100-007	179-216	10-169	9.159	24.183	3.029
P62826	031	179-216	10-169	11.305	25.242	7.016
P62826	011	179-216	10-169	10.538	25.56	9.241
P62826	067	179-216	10-169	12.897	27.908	5.411
P62826	070	179-216	10-169	9.763	20.477	12.481
P62826	000	179-216	10-169	6.679	21.189	3.067
P62826	050	179-216	10-169	12.582	25.079	8.916
P62826	010	179-216	10-169	11.332	26.41	8.179
P62826	046	179-216	10-169	10.208	25.745	3.678
P62826	036	179-216	10-169	11.249	26.103	8.326
P62826	033	179-216	10-169	10.908	26.029	12.348
P62826	032	179-216	10-169	11.36	25.255	11.069
P62826	U100-006	179-216	10-169	6.482	7.812	2.728
P62826	055	179-216	10-169	11.64	25.103	6.604
P62826	075	179-216	10-169	12.295	25.745	5.102
P62826	U10-005	179-216	10-169	6.491	8.139	3.707
P62826	021	179-216	10-169	12.603	26.774	6.313
P62826	059	179-216	10-169	12.337	21.014	6.799
P62826	063	179-216	10-169	11.845	24.674	8.005
P62826	028	179-216	10-169	10.818	25.973	5.645
P62826	024	179-216	10-169	12.342	27.076	5.923
P62826	005	179-216	10-169	11.977	21.411	6.087
P62826	054	179-216	10-169	11.535	24.677	17.974
P62826	053	179-216	10-169	10.451	25.794	8.36
P62826	U10-004	179-216	10-169	7.689	23.777	2.954
P62826	082	179-216	10-169	11.134	25.412	8.579
P62826	073	179-216	10-169	12.333	26.892	7.143
P62826	104	179-216	10-169	10.991	25.332	9.561
P62826	U100-005	179-216	10-169	6.666	19.34	2.809
P62826	049	179-216	10-169	11.322	18.829	5.298
P62826	U10-006	179-216	10-169	9.806	15.738	3.608
P62826	U100-003	179-216	10-169	6.821	20.591	2.767
P62826	027	179-216	10-169	11.98	23.879	4.614
P62826	U10-002	179-216	10-169	7.81	10.315	3.905
P62826	044	179-216	10-169	11.174	27.088	6.536
P62826	034	179-216	10-169	11.181	26.178	9.219
P62826	083	179-216	10-169	11.227	18.82	6.788
P62826	077	179-216	10-169	11.444	27.071	5.231
P62826	096	179-216	10-169	6.334	7.964	4.588
P62826	015	179-216	10-169	10.365	25.667	4.062
P62826	095	179-216	10-169	9.895	25.127	15.117
P62826	097	179-216	10-169	12.304	27.432	15.019
P62826	099	179-216	10-169	13.935	26.809	6.421
P62826	103	179-216	10-169	13.668	23.717	9.405
P62826	038	179-216	10-169	12.405	27.694	5.851
P62826	U100-001	179-216	10-169	7.324	22.949	2.711
P62826	042	179-216	10-169	10.892	26.436	4.428
P62826	062	179-216	10-169	11.862	26.672	5.992
P62826	087	179-216	10-169	11.457	24.472	8.145
P62826	069	179-216	10-169	11.502	27.07	4.925
P62826	U10-009	179-216	10-169	10.519	25.448	3.064
P62826	058	179-216	10-169	9.515	24.316	4.183
P62826	060	179-216	10-169	11.121	26.038	7.962
P62826	045	179-216	10-169	11.302	27.378	5.459
P62826	094	179-216	10-169	11.823	25.236	11.413
P62826	105	179-216	10-169	11.181	23.101	8.193
P62826	016	179-216	10-169	12.044	24.642	14.509
P62826	101	179-216	10-169	11.914	26.64	4.907
P62826	102	179-216	10-169	11.106	26.252	4.532
P62826	084	179-216	10-169	11.777	25.731	18.695
P62826	008	179-216	10-169	11.281	25.645	11.172
P62826	U10-008	179-216	10-169	7.966	23.445	3.334
P62826	090	179-216	10-169	11.032	26.938	5.101
P62826	001	179-216	10-169	9.783	25.602	5.108
P62826	023	179-216	10-169	12.348	21.743	8.63
P62826	076	179-216	10-169	10.17	25.511	6.746
P62826	022	179-216	10-169	11.711	27.245	13.246
P62826	085	179-216	10-169	11.054	26.719	9.999
P62826	002	179-216	10-169	9.152	22.648	3.862
P62826	080	179-216	10-169	12.107	22.736	4.239
P62826	098	179-216	10-169	13.28	26.89	7.021
P62826	086	179-216	10-169	10.833	27.073	9.046
P62826	040	179-216	10-169	12.09	27.565	3.211
P62826	078	179-216	10-169	11.751	22.904	11.856
P62826	081	179-216	10-169	12.289	24.83	6.739
P62826	018	179-216	10-169	12.348	20.06	6.925
P62826	074	179-216	10-169	11.287	27.314	7.261
P62826	065	179-216	10-169	11.732	25.352	6.014
P62826	020	179-216	10-169	11.944	21.526	8.987
P62826	056	179-216	10-169	10.98	26.823	4.105
P62826	U100-002	179-216	10-169	5.879	7.122	2.564
P62826	064	179-216	10-169	11.207	27.153	6.082
P62826	091	179-216	10-169	11.549	27.766	18.564
P62826	051	179-216	10-169	11.05	26.006	13.831
P62826	100	179-216	10-169	11.195	27.35	4.574
P62826	009	179-216	10-169	10.976	17.661	4.742
P62826	071	179-216	10-169	10.233	26.415	19.073
P62826	014	179-216	10-169	11.784	27.047	4.396
P62826	089	179-216	10-169	11.692	27.175	7.591
P62826	025	179-216	10-169	10.308	26.18	4.31
P62826	U100-004	179-216	10-169	5.512	7.133	2.571
P62826	030	179-216	10-169	10.551	24.665	8.672
P62826	U100-000	179-216	10-169	8.474	22.379	2.779
P62826	026	179-216	10-169	12.225	23.548	5.133
P62826	U100-009	179-216	10-169	6.044	7.381	2.628
P62826	041	179-216	10-169	12.173	21.922	6.735
P62826	037	179-216	10-169	10.49	24.383	16.704
P62826	007	179-216	10-169	12.418	26.771	9.713
P62826	039	179-216	10-169	10.56	26.294	8.165
P62826	U10-001	179-216	10-169	8.147	25.051	4.206
P62826	019	179-216	10-169	10.055	23.755	17.244
P62826	061	179-216	10-169	11.198	26.555	8.488
P62826	093	179-216	10-169	11.055	26.42	6.596
P62826	079	179-216	10-169	11.698	22.713	8.374
P62826	006	179-216	10-169	9.778	24.235	9.214
P62826	U10-007	179-216	10-169	7.145	10.035	4.192
P62826	043	179-216	10-169	12.115	24.495	7.212
P62826	092	179-216	10-169	9.419	25.024	10.956
P62826	068	179-216	10-169	10.269	26.335	11.183
P62826	088	179-216	10-169	11.739	23.743	6.347
P62826	035	179-216	10-169	12.281	21.084	7.662
P62826	048	179-216	10-169	11.688	26.669	5.485
P62826	U100-008	179-216	10-169	7.431	23.985	2.924
P62826	013	179-216	10-169	9.613	24.587	12.869
P62826	047	179-216	10-169	11.637	26.316	8.594
P62826	U10-000	179-216	10-169	7.756	21.181	3.207
P12931	U10-004	249-269,151-248	84-145,524-536	9.849	16.951	14.236
P12931	U100-008	249-269,151-248	84-145,524-536	5.416	9.379	10.405
P12931	131	249-269,151-248	84-145,524-536	20.151	29.291	19.624
P12931	024	249-269,151-248	84-145,524-536	19.342	28.769	18.287
P12931	U10-001	249-269,151-248	84-145,524-536	10.847	16.966	15.41
P12931	019	249-269,151-248	84-145,524-536	17.94	27.171	17.499
P12931	052	249-269,151-248	84-145,524-536	18.565	28.031	21.698
P12931	090	249-269,151-248	84-145,524-536	19.869	27.904	21.487
P12931	U100-003	249-269,151-248	84-145,524-536	5.628	8.141	9.818
P12931	162	249-269,151-248	84-145,524-536	18.365	28.598	18.307
P12931	165	249-269,151-248	84-145,524-536	17.578	26.894	19.059
P12931	U10-009	249-269,151-248	84-145,524-536	16.459	23.766	15.285
P12931	048	249-269,151-248	84-145,524-536	18.997	27.834	21.198
P12931	106	249-269,151-248	84-145,524-536	17.283	28.542	17.956
P12931	013	249-269,151-248	84-145,524-536	18.263	26.423	16.508
P12931	U10-002	249-269,151-248	84-145,524-536	11.676	20.581	15.829
P12931	043	249-269,151-248	84-145,524-536	19.253	28.019	17.709
P12931	046	249-269,151-248	84-145,524-536	16.294	29.431	18.226
P12931	154	249-269,151-248	84-145,524-536	14.283	28.103	19.204
P12931	U10-006	249-269,151-248	84-145,524-536	6.454	9.441	9.728
P12931	073	249-269,151-248	84-145,524-536	20.397	29.731	18.227
P12931	067	249-269,151-248	84-145,524-536	19.021	29.092	18.316
P12931	U100-007	249-269,151-248	84-145,524-536	5.387	8.57	9.517
P12931	030	249-269,151-248	84-145,524-536	19.189	29.944	18.803
P12931	000	249-269,151-248	84-145,524-536	19.907	30.006	19.047
P12931	160	249-269,151-248	84-145,524-536	20.427	29.687	19.363
P12931	143	249-269,151-248	84-145,524-536	18.816	28.216	17.69
P12931	072	249-269,151-248	84-145,524-536	20.217	29.736	17.641
P12931	103	249-269,151-248	84-145,524-536	19.51	29.108	18.351
P12931	047	249-269,151-248	84-145,524-536	19.457	28.235	19.726
P12931	057	249-269,151-248	84-145,524-536	18.419	28.199	18.386
P12931	139	249-269,151-248	84-145,524-536	18.908	27.849	18.166
P12931	075	249-269,151-248	84-145,524-536	18.652	26.683	17.402
P12931	040	249-269,151-248	84-145,524-536	20.068	29.296	18.115
P12931	147	249-269,151-248	84-145,524-536	18.767	28.161	18.492
P12931	006	249-269,151-248	84-145,524-536	17.904	28.078	17.876
P12931	058	249-269,151-248	84-145,524-536	19.351	28.877	18.59
P12931	087	249-269,151-248	84-145,524-536	18.954	29.314	18.648
P12931	070	249-269,151-248	84-145,524-536	19.244	29.292	18.702
P12931	U10-005	249-269,151-248	84-145,524-536	11.955	18.143	15.638
P12931	U10-007	249-269,151-248	84-145,524-536	12.571	20.229	16.803
P12931	123	249-269,151-248	84-145,524-536	19.529	29.526	17.777
P12931	U100-005	249-269,151-248	84-145,524-536	6.33	10.575	11.673
P12931	001	249-269,151-248	84-145,524-536	17.338	29.487	20.067
P12931	167	249-269,151-248	84-145,524-536	19.214	28.816	18.583
P12931	053	249-269,151-248	84-145,524-536	19.882	27.944	20.761
P12931	012	249-269,151-248	84-145,524-536	20.036	29.481	18.08
P12931	033	249-269,151-248	84-145,524-536	19.013	28.772	17.863
P12931	153	249-269,151-248	84-145,524-536	18.732	29.185	18.13
P12931	U100-006	249-269,151-248	84-145,524-536	5.168	8.824	11.06
P12931	054	249-269,151-248	84-145,524-536	19.366	29.121	21.053
P12931	084	249-269,151-248	84-145,524-536	18.099	27.642	18.072
P12931	141	249-269,151-248	84-145,524-536	17.548	29.175	18.329
P12931	169	249-269,151-248	84-145,524-536	19.01	28.794	20.407
P12931	010	249-269,151-248	84-145,524-536	17.65	25.889	18.253
P12931	014	249-269,151-248	84-145,524-536	20.47	28.433	17.851
P12931	138	249-269,151-248	84-145,524-536	18.12	28.191	19.88
P12931	U100-004	249-269,151-248	84-145,524-536	5.894	8.848	9.711
P12931	049	249-269,151-248	84-145,524-536	19.738	29.636	18.281
P12931	130	249-269,151-248	84-145,524-536	18.505	29.283	18.75
P12931	104	249-269,151-248	84-145,524-536	18.286	29.255	18.473
P12931	137	249-269,151-248	84-145,524-536	20.123	29.838	19.561
P12931	158	249-269,151-248	84-145,524-536	19.784	29.443	18.258
P12931	060	249-269,151-248	84-145,524-536	18.224	28.626	18.266
P12931	065	249-269,151-248	84-145,524-536	19.674	29.477	18.062
P12931	015	249-269,151-248	84-145,524-536	19.113	29.0	18.5
P12931	120	249-269,151-248	84-145,524-536	18.043	29.627	18.368
P12931	038	249-269,151-248	84-145,524-536	18.532	28.414	18.085
P12931	U10-000	249-269,151-248	84-145,524-536	8.276	14.051	13.644
P12931	156	249-269,151-248	84-145,524-536	17.361	27.835	19.215
P12931	112	249-269,151-248	84-145,524-536	19.874	28.03	17.531
P12931	U100-002	249-269,151-248	84-145,524-536	6.11	10.2	10.768
P12931	133	249-269,151-248	84-145,524-536	20.162	30.275	17.704
P12931	066	249-269,151-248	84-145,524-536	18.462	27.285	20.169
P12931	082	249-269,151-248	84-145,524-536	17.001	28.556	17.712
P12931	113	249-269,151-248	84-145,524-536	17.651	27.889	21.001
P12931	074	249-269,151-248	84-145,524-536	19.771	27.941	19.806
P12931	121	249-269,151-248	84-145,524-536	19.888	29.369	18.158
P12931	U10-003	249-269,151-248	84-145,524-536	12.173	18.517	15.706
P12931	081	249-269,151-248	84-145,524-536	19.732	27.605	20.894
P12931	151	249-269,151-248	84-145,524-536	18.248	28.612	18.434
P12931	089	249-269,151-248	84-145,524-536	19.975	30.011	17.483
P12931	009	249-269,151-248	84-145,524-536	19.717	27.714	17.938
P12931	027	249-269,151-248	84-145,524-536	19.127	28.906	17.421
P12931	078	249-269,151-248	84-145,524-536	18.983	28.226	17.931
P12931	069	249-269,151-248	84-145,524-536	18.731	28.693	17.777
P12931	122	249-269,151-248	84-145,524-536	19.189	29.449	19.677
P12931	085	249-269,151-248	84-145,524-536	19.195	28.052	20.918
P12931	028	249-269,151-248	84-145,524-536	15.325	28.612	18.56
P12931	035	249-269,151-248	84-145,524-536	20.444	29.863	19.269
P12931	164	249-269,151-248	84-145,524-536	19.456	28.324	21.348
P12931	064	249-269,151-248	84-145,524-536	21.006	28.939	20.118
P12931	109	249-269,151-248	84-145,524-536	16.855	29.103	18.459
P12931	051	249-269,151-248	84-145,524-536	19.273	28.784	17.404
P12931	171	249-269,151-248	84-145,524-536	16.783	28.132	21.068
P12931	095	249-269,151-248	84-145,524-536	20.372	29.312	18.156
P12931	083	249-269,151-248	84-145,524-536	16.642	26.717	17.825
P12931	036	249-269,151-248	84-145,524-536	20.473	29.165	18.32
P12931	034	249-269,151-248	84-145,524-536	19.273	29.333	18.882
P12931	102	249-269,151-248	84-145,524-536	20.077	29.788	18.227
P12931	U10-008	249-269,151-248	84-145,524-536	10.045	17.971	16.341
P12931	056	249-269,151-248	84-145,524-536	20.152	28.955	18.769
P12931	127	249-269,151-248	84-145,524-536	17.63	29.52	18.013
P12931	022	249-269,151-248	84-145,524-536	16.7	28.426	18.247
P12931	026	249-269,151-248	84-145,524-536	20.289	29.255	18.559
P12931	146	249-269,151-248	84-145,524-536	19.397	28.039	20.643
P12931	140	249-269,151-248	84-145,524-536	18.775	29.607	17.828
P12931	055	249-269,151-248	84-145,524-536	18.392	28.862	18.505
P12931	111	249-269,151-248	84-145,524-536	18.381	27.632	20.585
P12931	159	249-269,151-248	84-145,524-536	18.868	29.155	21.418
P12931	163	249-269,151-248	84-145,524-536	20.289	29.692	18.964
P12931	126	249-269,151-248	84-145,524-536	17.388	27.166	18.867
P12931	031	249-269,151-248	84-145,524-536	20.625	29.862	19.581
P12931	003	249-269,151-248	84-145,524-536	20.927	29.441	20.791
P12931	062	249-269,151-248	84-145,524-536	19.754	28.923	17.699
P12931	119	249-269,151-248	84-145,524-536	19.91	29.724	17.708
P12931	079	249-269,151-248	84-145,524-536	20.795	29.372	20.625
P12931	161	249-269,151-248	84-145,524-536	19.351	29.092	18.937
P12931	114	249-269,151-248	84-145,524-536	18.836	29.538	21.313
P12931	108	249-269,151-248	84-145,524-536	18.608	29.151	21.076
P12931	092	249-269,151-248	84-145,524-536	18.949	29.447	18.415
P12931	136	249-269,151-248	84-145,524-536	20.185	29.437	18.849
P12931	145	249-269,151-248	84-145,524-536	19.109	29.65	20.489
P12931	152	249-269,151-248	84-145,524-536	20.022	29.203	17.837
P12931	110	249-269,151-248	84-145,524-536	18.874	29.754	18.041
P12931	017	249-269,151-248	84-145,524-536	17.472	27.738	18.084
P12931	020	249-269,151-248	84-145,524-536	16.637	29.33	19.198
P12931	076	249-269,151-248	84-145,524-536	19.78	28.851	17.596
P12931	098	249-269,151-248	84-145,524-536	19.246	27.642	21.422
P12931	118	249-269,151-248	84-145,524-536	18.695	29.314	17.932
P12931	045	249-269,151-248	84-145,524-536	17.54	28.603	17.928
P12931	096	249-269,151-248	84-145,524-536	18.972	28.409	18.884
P12931	039	249-269,151-248	84-145,524-536	20.023	29.74	19.039
P12931	148	249-269,151-248	84-145,524-536	20.284	29.807	18.957
P12931	168	249-269,151-248	84-145,524-536	19.045	28.399	17.822
P12931	U100-009	249-269,151-248	84-145,524-536	6.211	10.742	11.233
P12931	144	249-269,151-248	84-145,524-536	18.223	27.97	17.812
P12931	166	249-269,151-248	84-145,524-536	19.152	28.76	19.634
P12931	021	249-269,151-248	84-145,524-536	20.118	29.567	18.073
P12931	032	249-269,151-248	84-145,524-536	18.607	28.219	18.005
P12931	U100-000	249-269,151-248	84-145,524-536	6.194	10.262	10.731
P12931	U100-001	249-269,151-248	84-145,524-536	5.508	9.753	11.634
P12931	068	249-269,151-248	84-145,524-536	19.749	29.385	18.22
P12931	115	249-269,151-248	84-145,524-536	20.535	28.976	18.054
P12931	128	249-269,151-248	84-145,524-536	19.097	29.321	18.015
P12931	116	249-269,151-248	84-145,524-536	19.276	28.12	21.211
P12931	097	249-269,151-248	84-145,524-536	19.105	28.595	17.983
P12931	016	249-269,151-248	84-145,524-536	18.268	28.914	19.875
P12931	029	249-269,151-248	84-145,524-536	20.593	29.608	17.569
P12931	002	249-269,151-248	84-145,524-536	12.835	27.25	18.257
P12931	107	249-269,151-248	84-145,524-536	17.242	28.772	18.223
P12931	037	249-269,151-248	84-145,524-536	18.659	29.788	18.839
P12931	134	249-269,151-248	84-145,524-536	19.22	27.717	21.162
P12931	150	249-269,151-248	84-145,524-536	19.295	28.377	20.747
P12931	125	249-269,151-248	84-145,524-536	20.27	28.615	18.617
P12931	004	249-269,151-248	84-145,524-536	19.704	29.032	19.274
P12931	044	249-269,151-248	84-145,524-536	18.267	27.804	17.939
P12931	061	249-269,151-248	84-145,524-536	13.153	22.56	17.769
P12931	174	249-269,151-248	84-145,524-536	19.609	28.882	18.126
P12931	172	249-269,151-248	84-145,524-536	19.532	29.69	18.337
P12931	129	249-269,151-248	84-145,524-536	18.865	27.465	17.525
P12931	170	249-269,151-248	84-145,524-536	19.642	29.734	18.732
P12931	050	249-269,151-248	84-145,524-536	19.847	26.934	21.483
P12931	080	249-269,151-248	84-145,524-536	16.491	27.127	17.743
P12931	105	249-269,151-248	84-145,524-536	19.743	28.77	18.051
P12931	142	249-269,151-248	84-145,524-536	20.693	27.497	20.623
P12931	088	249-269,151-248	84-145,524-536	18.35	28.267	17.926
P12931	175	249-269,151-248	84-145,524-536	21.046	28.746	21.086
P12931	100	249-269,151-248	84-145,524-536	20.373	29.864	17.77
P12931	124	249-269,151-248	84-145,524-536	17.764	29.004	18.561
P12931	099	249-269,151-248	84-145,524-536	21.599	29.228	18.677
P12931	007	249-269,151-248	84-145,524-536	18.053	28.076	20.821
P12931	155	249-269,151-248	84-145,524-536	18.766	29.688	21.054
P12931	094	249-269,151-248	84-145,524-536	19.398	29.231	17.981
P12931	005	249-269,151-248	84-145,524-536	16.079	29.04	19.537
P12931	135	249-269,151-248	84-145,524-536	19.861	29.041	17.9
P12931	077	249-269,151-248	84-145,524-536	17.536	29.272	20.493
P12931	059	249-269,151-248	84-145,524-536	19.554	28.652	19.876
P12931	063	249-269,151-248	84-145,524-536	19.358	28.075	17.379
P12931	086	249-269,151-248	84-145,524-536	17.426	28.996	18.296
P12931	018	249-269,151-248	84-145,524-536	17.232	27.903	17.599
P12931	101	249-269,151-248	84-145,524-536	19.146	29.194	17.886
P12931	042	249-269,151-248	84-145,524-536	19.67	27.124	20.779
P12931	149	249-269,151-248	84-145,524-536	19.889	29.703	19.206
P12931	071	249-269,151-248	84-145,524-536	19.592	28.86	18.158
P12931	157	249-269,151-248	84-145,524-536	18.011	28.481	19.194
P12931	025	249-269,151-248	84-145,524-536	18.6	27.522	17.342
P12931	091	249-269,151-248	84-145,524-536	20.216	28.834	18.319
P12931	093	249-269,151-248	84-145,524-536	18.856	29.039	18.222
P12931	173	249-269,151-248	84-145,524-536	20.493	28.711	21.092
P12931	041	249-269,151-248	84-145,524-536	18.852	29.607	19.232
P12931	008	249-269,151-248	84-145,524-536	18.292	29.124	18.01
P12931	011	249-269,151-248	84-145,524-536	17.903	28.596	17.8
P12931	023	249-269,151-248	84-145,524-536	18.868	28.84	17.869
P12931	132	249-269,151-248	84-145,524-536	18.715	29.159	20.396
P12931	117	249-269,151-248	84-145,524-536	19.418	29.586	18.358
P22681	007	353-380	381-435	10.467	21.242	15.615
P22681	U100-002	353-380	381-435	10.035	19.459	13.182
P22681	008	353-380	381-435	10.358	21.203	15.195
P22681	U100-008	353-380	381-435	11.111	23.606	14.405
P22681	006	353-380	381-435	10.77	20.139	14.1
P22681	000	353-380	381-435	8.974	16.372	12.628
P22681	U100-003	353-380	381-435	10.666	19.782	11.925
P22681	016	353-380	381-435	10.827	22.622	15.356
P22681	017	353-380	381-435	9.754	17.279	12.587
P22681	U10-006	353-380	381-435	9.955	18.655	13.436
P22681	U100-006	353-380	381-435	10.663	21.344	13.92
P22681	U100-009	353-380	381-435	9.687	19.316	13.337
P22681	U10-007	353-380	381-435	10.94	21.002	13.331
P22681	014	353-380	381-435	8.577	18.521	12.996
P22681	005	353-380	381-435	10.629	21.63	13.753
P22681	U10-003	353-380	381-435	10.605	20.212	15.075
P22681	U100-001	353-380	381-435	10.48	19.608	14.272
P22681	U10-004	353-380	381-435	10.506	20.651	14.32
P22681	U10-005	353-380	381-435	11.521	21.558	13.872
P22681	U10-002	353-380	381-435	10.533	22.625	15.899
P22681	012	353-380	381-435	9.449	18.029	13.813
P22681	U10-008	353-380	381-435	10.319	21.058	14.119
P22681	013	353-380	381-435	9.362	18.069	13.149
P22681	018	353-380	381-435	10.373	19.26	13.958
P22681	U10-001	353-380	381-435	8.999	18.317	13.876
P22681	010	353-380	381-435	9.935	19.687	14.628
P22681	U100-007	353-380	381-435	9.507	18.159	13.972
P22681	U100-000	353-380	381-435	10.382	19.088	11.95
P22681	U10-000	353-380	381-435	9.713	20.092	14.996
P22681	019	353-380	381-435	9.972	20.307	14.547
P22681	U10-009	353-380	381-435	11.01	20.272	14.546
P22681	004	353-380	381-435	8.117	21.445	16.685
P22681	002	353-380	381-435	11.902	24.034	15.737
P22681	011	353-380	381-435	9.302	17.477	13.445
P22681	009	353-380	381-435	9.547	18.742	14.602
P22681	003	353-380	381-435	11.318	23.21	15.274
P22681	U100-004	353-380	381-435	8.678	19.617	14.039
P22681	001	353-380	381-435	10.637	22.026	16.319
P22681	U100-005	353-380	381-435	9.9	18.028	13.365
P22681	015	353-380	381-435	9.902	20.318	15.195
P21333	U100-003	2142-2235	2236-2325	4.464	7.739	2.708
P21333	U10-003	2142-2235	2236-2325	8.497	22.227	4.123
P21333	U10-005	2142-2235	2236-2325	8.338	22.945	3.637
P21333	U100-007	2142-2235	2236-2325	3.97	6.76	2.576
P21333	U10-004	2142-2235	2236-2325	8.857	23.349	3.857
P21333	U100-005	2142-2235	2236-2325	4.468	7.806	2.694
P21333	U10-002	2142-2235	2236-2325	10.591	27.083	4.612
P21333	U10-001	2142-2235	2236-2325	8.315	22.393	3.337
P21333	U100-004	2142-2235	2236-2325	6.783	19.201	2.981
P21333	U100-006	2142-2235	2236-2325	3.923	6.711	2.638
P21333	U10-008	2142-2235	2236-2325	10.28	25.289	4.511
P21333	U10-006	2142-2235	2236-2325	8.454	22.412	3.724
P21333	U100-000	2142-2235	2236-2325	4.744	8.973	2.785
P21333	U10-009	2142-2235	2236-2325	8.433	23.371	3.681
P21333	U100-001	2142-2235	2236-2325	4.099	7.37	2.646
P21333	U100-009	2142-2235	2236-2325	4.407	7.766	2.847
P21333	U100-008	2142-2235	2236-2325	4.672	8.011	2.822
P21333	U10-000	2142-2235	2236-2325	8.041	26.16	4.302
P21333	U100-002	2142-2235	2236-2325	4.464	7.535	2.694
P21333	U10-007	2142-2235	2236-2325	11.193	26.197	4.294
Q9Y6K1	U100-002	476-626	634-912	13.266	24.447	16.228
Q9Y6K1	U10-001	476-626	634-912	17.885	28.107	19.879
Q9Y6K1	001	476-626	634-912	20.031	29.142	23.401
Q9Y6K1	U10-009	476-626	634-912	20.029	29.046	22.87
Q9Y6K1	U10-004	476-626	634-912	19.913	29.94	23.862
Q9Y6K1	U100-004	476-626	634-912	6.438	19.698	16.92
Q9Y6K1	U10-007	476-626	634-912	13.455	25.12	20.055
Q9Y6K1	U100-003	476-626	634-912	16.075	26.363	18.746
Q9Y6K1	U10-000	476-626	634-912	20.558	28.602	23.286
Q9Y6K1	U100-005	476-626	634-912	14.652	27.478	18.481
Q9Y6K1	U10-005	476-626	634-912	17.8	28.549	21.703
Q9Y6K1	U100-001	476-626	634-912	6.077	16.743	15.084
Q9Y6K1	U100-007	476-626	634-912	4.452	12.762	14.546
Q9Y6K1	U10-008	476-626	634-912	16.49	27.467	21.518
Q9Y6K1	000	476-626	634-912	20.015	28.96	22.713
Q9Y6K1	U100-008	476-626	634-912	4.714	15.124	16.803
Q9Y6K1	U100-000	476-626	634-912	13.51	27.318	20.118
Q9Y6K1	U10-002	476-626	634-912	16.017	27.959	21.642
Q9Y6K1	U10-003	476-626	634-912	20.563	28.253	19.456
Q9Y6K1	U100-006	476-626	634-912	5.845	14.244	14.751
Q9Y6K1	U100-009	476-626	634-912	7.029	19.126	16.93
Q9Y6K1	U10-006	476-626	634-912	18.277	27.333	17.763
P26358	U10-005	647-714	1140-1602	18.291	30.388	26.506
P26358	U10-000	647-714	1140-1602	18.673	30.258	25.241
P26358	U100-003	647-714	1140-1602	17.831	27.744	6.335
P26358	U100-001	647-714	1140-1602	16.397	28.76	6.504
P26358	U10-002	647-714	1140-1602	21.251	31.47	27.688
P26358	U10-001	647-714	1140-1602	19.094	31.447	26.752
P26358	U10-006	647-714	1140-1602	19.677	31.274	26.653
P26358	U100-000	647-714	1140-1602	17.899	28.476	7.179
P26358	U10-004	647-714	1140-1602	17.206	30.627	27.301
P26358	U100-007	647-714	1140-1602	14.874	29.142	7.275
P26358	U100-004	647-714	1140-1602	16.31	27.966	6.177
P26358	U10-007	647-714	1140-1602	21.475	30.707	25.854
P26358	U10-008	647-714	1140-1602	21.314	30.838	27.712
P26358	U100-005	647-714	1140-1602	16.044	28.406	6.872
P26358	U100-002	647-714	1140-1602	19.26	29.171	7.214
P26358	U100-008	647-714	1140-1602	19.066	28.885	6.614
P26358	U100-009	647-714	1140-1602	17.781	29.626	7.01
P26358	U10-009	647-714	1140-1602	22.948	31.298	25.014
P26358	U100-006	647-714	1140-1602	15.394	28.557	6.88
P26358	U10-003	647-714	1140-1602	19.766	30.92	22.038
Q96BN8	U100-003	330-340	129-341	1.22	3.15	3.304
Q96BN8	032	330-340	129-341	1.617	17.414	13.188
Q96BN8	017	330-340	129-341	1.78	20.464	13.18
Q96BN8	005	330-340	129-341	1.639	18.831	12.629
Q96BN8	008	330-340	129-341	1.426	20.948	15.065
Q96BN8	U10-005	330-340	129-341	1.42	4.093	4.56
Q96BN8	033	330-340	129-341	5.828	15.644	10.044
Q96BN8	004	330-340	129-341	1.708	25.114	19.297
Q96BN8	003	330-340	129-341	6.388	22.585	16.288
Q96BN8	U10-007	330-340	129-341	1.429	3.627	3.77
Q96BN8	019	330-340	129-341	2.088	6.991	8.008
Q96BN8	010	330-340	129-341	1.742	21.71	14.84
Q96BN8	007	330-340	129-341	1.533	23.974	19.506
Q96BN8	035	330-340	129-341	2.574	9.936	11.036
Q96BN8	U100-005	330-340	129-341	1.322	3.285	3.269
Q96BN8	018	330-340	129-341	1.914	22.311	14.713
Q96BN8	013	330-340	129-341	2.294	8.299	8.407
Q96BN8	U100-008	330-340	129-341	1.359	3.502	3.402
Q96BN8	016	330-340	129-341	4.778	20.693	11.649
Q96BN8	U100-004	330-340	129-341	1.408	3.413	3.404
Q96BN8	U10-001	330-340	129-341	1.419	4.009	4.124
Q96BN8	036	330-340	129-341	1.729	17.079	17.812
Q96BN8	U10-004	330-340	129-341	1.481	4.439	5.383
Q96BN8	U10-008	330-340	129-341	1.732	5.419	5.525
Q96BN8	U10-009	330-340	129-341	1.584	4.783	5.147
Q96BN8	U10-003	330-340	129-341	1.452	3.929	4.493
Q96BN8	U10-000	330-340	129-341	2.022	5.829	5.078
Q96BN8	002	330-340	129-341	1.679	22.779	19.933
Q96BN8	014	330-340	129-341	4.545	22.166	12.496
Q96BN8	U100-000	330-340	129-341	1.335	3.397	3.329
Q96BN8	U100-002	330-340	129-341	1.409	3.478	3.238
Q96BN8	011	330-340	129-341	1.719	22.862	21.365
Q96BN8	028	330-340	129-341	1.611	19.743	14.327
Q96BN8	U100-001	330-340	129-341	1.441	3.657	3.249
Q96BN8	026	330-340	129-341	5.939	22.363	11.662
Q96BN8	U10-002	330-340	129-341	2.461	8.091	6.197
Q96BN8	015	330-340	129-341	4.54	20.917	11.463
Q96BN8	U100-007	330-340	129-341	1.428	3.493	3.198
Q96BN8	029	330-340	129-341	2.427	23.125	14.447
Q96BN8	012	330-340	129-341	1.666	23.424	17.663
Q96BN8	030	330-340	129-341	6.881	23.372	14.54
Q96BN8	034	330-340	129-341	3.921	17.093	17.497
Q96BN8	021	330-340	129-341	5.836	21.166	12.052
Q96BN8	U100-006	330-340	129-341	1.29	3.337	3.295
Q96BN8	000	330-340	129-341	1.863	22.616	14.218
Q96BN8	006	330-340	129-341	1.64	22.325	20.341
Q96BN8	027	330-340	129-341	1.595	22.602	15.438
Q96BN8	001	330-340	129-341	6.255	21.359	13.337
Q96BN8	U10-006	330-340	129-341	1.701	4.696	4.873
Q96BN8	031	330-340	129-341	6.916	23.661	15.617
Q96BN8	009	330-340	129-341	1.519	18.665	14.324
Q96BN8	023	330-340	129-341	5.942	21.775	12.164
Q96BN8	022	330-340	129-341	6.721	23.328	13.925
Q96BN8	025	330-340	129-341	6.14	20.474	10.916
Q96BN8	020	330-340	129-341	5.128	18.239	11.817
Q96BN8	U100-009	330-340	129-341	1.326	3.385	3.218
Q96BN8	024	330-340	129-341	1.598	19.001	12.981
P29350	U100-003	1-105	244-515	2.983	10.314	3.083
P29350	U100-001	1-105	244-515	2.978	10.789	3.386
P29350	016	1-105	244-515	12.346	29.762	20.337
P29350	007	1-105	244-515	5.457	29.633	18.816
P29350	036	1-105	244-515	14.588	30.049	15.113
P29350	U10-004	1-105	244-515	3.965	24.418	4.948
P29350	005	1-105	244-515	11.889	30.455	21.871
P29350	032	1-105	244-515	5.12	29.014	17.619
P29350	011	1-105	244-515	5.026	26.427	14.854
P29350	017	1-105	244-515	4.694	29.698	19.281
P29350	U10-002	1-105	244-515	3.944	25.534	4.457
P29350	000	1-105	244-515	14.362	30.354	20.252
P29350	015	1-105	244-515	5.17	27.381	11.202
P29350	010	1-105	244-515	9.932	30.762	12.892
P29350	U10-008	1-105	244-515	4.0	27.639	6.485
P29350	030	1-105	244-515	11.674	30.135	14.771
P29350	031	1-105	244-515	15.008	30.748	13.026
P29350	U100-009	1-105	244-515	2.873	10.771	3.134
P29350	009	1-105	244-515	5.704	29.816	18.417
P29350	U100-007	1-105	244-515	3.37	11.967	3.231
P29350	U10-006	1-105	244-515	4.062	15.431	5.993
P29350	U10-000	1-105	244-515	3.942	27.282	7.823
P29350	035	1-105	244-515	5.048	29.901	19.248
P29350	014	1-105	244-515	16.005	29.751	20.815
P29350	012	1-105	244-515	9.965	29.751	15.668
P29350	022	1-105	244-515	9.606	30.265	18.963
P29350	034	1-105	244-515	10.987	29.882	18.604
P29350	018	1-105	244-515	5.394	28.738	10.707
P29350	004	1-105	244-515	4.769	23.446	6.621
P29350	037	1-105	244-515	11.727	30.175	14.241
P29350	019	1-105	244-515	4.312	29.857	21.058
P29350	001	1-105	244-515	10.648	30.451	17.931
P29350	038	1-105	244-515	15.153	30.396	24.323
P29350	025	1-105	244-515	6.417	29.522	15.283
P29350	024	1-105	244-515	5.934	30.06	13.202
P29350	U10-005	1-105	244-515	4.073	23.68	6.605
P29350	006	1-105	244-515	10.902	29.99	18.896
P29350	013	1-105	244-515	5.482	28.141	18.112
P29350	U10-007	1-105	244-515	4.801	26.222	5.188
P29350	U100-000	1-105	244-515	2.995	9.047	3.413
P29350	002	1-105	244-515	6.174	28.515	8.187
P29350	U10-003	1-105	244-515	4.024	22.579	4.916
P29350	003	1-105	244-515	4.844	28.571	8.319
P29350	023	1-105	244-515	9.697	31.046	19.28
P29350	U100-006	1-105	244-515	2.743	8.017	3.233
P29350	027	1-105	244-515	12.037	29.403	19.856
P29350	U100-005	1-105	244-515	2.892	10.632	3.168
P29350	033	1-105	244-515	5.003	29.609	13.792
P29350	029	1-105	244-515	10.485	30.883	16.241
P29350	U100-002	1-105	244-515	3.235	7.995	3.307
P29350	U100-008	1-105	244-515	2.771	11.313	3.133
P29350	U10-001	1-105	244-515	3.889	27.347	4.914
P29350	008	1-105	244-515	5.76	30.092	20.39
P29350	028	1-105	244-515	11.287	29.207	14.445
P29350	U10-009	1-105	244-515	2.991	18.48	5.052
P29350	026	1-105	244-515	4.857	30.168	19.465
P29350	020	1-105	244-515	12.063	30.822	11.308
P29350	021	1-105	244-515	4.609	29.06	9.504
P29350	U100-004	1-105	244-515	3.124	10.306	3.235
P35520	121	414-551	40-413	10.177	24.905	13.643
P35520	229	414-551	40-413	13.066	27.63	15.413
P35520	128	414-551	40-413	15.607	26.412	15.223
P35520	180	414-551	40-413	16.004	27.844	19.111
P35520	036	414-551	40-413	4.153	23.698	13.09
P35520	018	414-551	40-413	4.864	26.738	14.741
P35520	060	414-551	40-413	8.458	24.901	15.212
P35520	189	414-551	40-413	15.502	26.744	17.782
P35520	050	414-551	40-413	13.442	25.251	15.933
P35520	096	414-551	40-413	12.738	22.171	15.921
P35520	138	414-551	40-413	11.73	25.233	17.631
P35520	049	414-551	40-413	13.436	27.08	18.614
P35520	216	414-551	40-413	12.098	26.91	11.256
P35520	U10-009	414-551	40-413	4.151	16.927	8.985
P35520	159	414-551	40-413	7.843	26.955	14.459
P35520	016	414-551	40-413	16.123	28.137	18.778
P35520	134	414-551	40-413	14.83	27.686	19.989
P35520	155	414-551	40-413	10.836	27.078	12.441
P35520	106	414-551	40-413	9.043	27.83	8.45
P35520	141	414-551	40-413	4.232	24.155	11.451
P35520	187	414-551	40-413	12.616	26.641	14.181
P35520	145	414-551	40-413	8.023	26.171	18.014
P35520	133	414-551	40-413	15.266	27.486	14.08
P35520	116	414-551	40-413	10.771	26.112	16.247
P35520	190	414-551	40-413	8.608	27.651	15.865
P35520	084	414-551	40-413	14.223	24.028	13.352
P35520	081	414-551	40-413	11.31	27.697	16.669
P35520	226	414-551	40-413	12.705	25.518	17.106
P35520	002	414-551	40-413	14.284	26.638	14.459
P35520	217	414-551	40-413	12.756	25.876	20.204
P35520	001	414-551	40-413	12.265	26.892	20.022
P35520	208	414-551	40-413	18.832	29.612	19.616
P35520	220	414-551	40-413	15.909	27.883	20.229
P35520	206	414-551	40-413	19.207	29.397	15.0
P35520	193	414-551	40-413	15.077	27.853	16.852
P35520	154	414-551	40-413	19.528	30.157	17.725
P35520	U10-003	414-551	40-413	5.817	27.694	9.645
P35520	199	414-551	40-413	8.773	28.092	18.425
P35520	149	414-551	40-413	8.237	25.046	12.997
P35520	083	414-551	40-413	13.381	25.686	12.607
P35520	212	414-551	40-413	14.106	28.333	13.876
P35520	188	414-551	40-413	15.214	28.594	17.417
P35520	022	414-551	40-413	15.349	28.292	20.859
P35520	207	414-551	40-413	14.922	28.909	15.943
P35520	015	414-551	40-413	15.286	27.056	17.547
P35520	061	414-551	40-413	15.196	26.414	13.509
P35520	007	414-551	40-413	13.079	26.248	17.016
P35520	057	414-551	40-413	14.971	26.307	17.278
P35520	137	414-551	40-413	7.488	22.892	9.697
P35520	143	414-551	40-413	13.171	26.553	16.953
P35520	178	414-551	40-413	8.193	25.372	10.489
P35520	163	414-551	40-413	12.692	28.438	19.471
P35520	055	414-551	40-413	4.508	19.513	17.471
P35520	114	414-551	40-413	13.569	25.414	14.667
P35520	091	414-551	40-413	9.667	26.808	14.949
P35520	063	414-551	40-413	14.135	26.558	17.197
P35520	094	414-551	40-413	7.992	27.377	9.522
P35520	030	414-551	40-413	6.112	24.3	17.461
P35520	078	414-551	40-413	13.832	23.46	12.338
P35520	109	414-551	40-413	13.067	25.173	13.053
P35520	196	414-551	40-413	12.572	26.726	15.136
P35520	130	414-551	40-413	12.692	27.599	16.037
P35520	013	414-551	40-413	10.366	26.968	20.178
P35520	195	414-551	40-413	9.207	27.476	14.867
P35520	U100-006	414-551	40-413	3.087	13.433	4.636
P35520	088	414-551	40-413	9.124	28.257	15.292
P35520	046	414-551	40-413	13.588	26.242	13.76
P35520	U100-001	414-551	40-413	3.34	13.043	4.028
P35520	037	414-551	40-413	19.161	27.481	20.156
P35520	093	414-551	40-413	9.17	27.702	9.052
P35520	U100-008	414-551	40-413	3.053	13.522	4.196
P35520	053	414-551	40-413	5.385	22.389	16.522
P35520	U100-003	414-551	40-413	3.08	13.611	4.069
P35520	171	414-551	40-413	13.891	28.562	20.81
P35520	118	414-551	40-413	11.646	26.167	15.922
P35520	105	414-551	40-413	8.525	20.352	13.513
P35520	089	414-551	40-413	9.558	27.202	14.469
P35520	072	414-551	40-413	10.026	25.931	15.997
P35520	064	414-551	40-413	9.625	27.494	17.367
P35520	028	414-551	40-413	17.876	28.438	15.8
P35520	157	414-551	40-413	11.868	27.487	15.18
P35520	080	414-551	40-413	9.91	22.714	15.61
P35520	122	414-551	40-413	14.138	27.596	14.498
P35520	151	414-551	40-413	13.278	27.223	14.935
P35520	153	414-551	40-413	20.326	29.836	17.326
P35520	227	414-551	40-413	11.588	27.453	16.328
P35520	020	414-551	40-413	8.211	26.415	17.697
P35520	127	414-551	40-413	7.201	26.101	12.886
P35520	150	414-551	40-413	15.06	26.731	18.363
P35520	U10-006	414-551	40-413	4.531	20.943	7.671
P35520	169	414-551	40-413	13.816	23.918	14.908
P35520	073	414-551	40-413	5.863	22.176	12.943
P35520	044	414-551	40-413	17.469	29.793	21.855
P35520	070	414-551	40-413	9.153	26.832	10.368
P35520	025	414-551	40-413	4.323	20.895	12.843
P35520	008	414-551	40-413	15.598	26.307	20.41
P35520	077	414-551	40-413	6.625	26.493	10.795
P35520	221	414-551	40-413	14.464	27.33	17.973
P35520	184	414-551	40-413	13.587	27.979	20.136
P35520	198	414-551	40-413	5.351	25.878	19.209
P35520	228	414-551	40-413	12.312	22.887	16.46
P35520	115	414-551	40-413	7.84	19.728	12.213
P35520	062	414-551	40-413	9.015	26.463	11.403
P35520	181	414-551	40-413	15.01	26.493	16.559
P35520	119	414-551	40-413	17.239	28.864	19.197
P35520	192	414-551	40-413	6.016	24.037	12.463
P35520	012	414-551	40-413	14.869	26.696	21.494
P35520	068	414-551	40-413	6.373	25.637	17.598
P35520	234	414-551	40-413	12.305	28.541	17.624
P35520	235	414-551	40-413	17.497	28.822	13.174
P35520	175	414-551	40-413	14.217	29.332	17.621
P35520	222	414-551	40-413	12.265	21.814	14.588
P35520	225	414-551	40-413	12.321	23.256	14.324
P35520	085	414-551	40-413	7.782	24.349	19.783
P35520	011	414-551	40-413	4.235	23.321	12.529
P35520	067	414-551	40-413	4.216	20.384	12.695
P35520	069	414-551	40-413	6.23	25.946	17.392
P35520	U100-009	414-551	40-413	3.453	16.241	6.422
P35520	107	414-551	40-413	11.052	25.756	12.324
P35520	223	414-551	40-413	10.699	26.971	14.338
P35520	120	414-551	40-413	6.216	17.914	10.489
P35520	006	414-551	40-413	18.401	28.439	16.711
P35520	108	414-551	40-413	11.179	25.077	20.33
P35520	U10-001	414-551	40-413	8.016	27.782	10.188
P35520	142	414-551	40-413	9.623	26.572	14.009
P35520	186	414-551	40-413	13.514	25.348	16.823
P35520	152	414-551	40-413	7.171	27.359	16.324
P35520	U100-002	414-551	40-413	2.995	13.1	4.673
P35520	017	414-551	40-413	19.177	29.251	20.91
P35520	194	414-551	40-413	8.042	28.723	16.516
P35520	071	414-551	40-413	4.757	23.042	8.668
P35520	210	414-551	40-413	11.725	28.051	22.517
P35520	176	414-551	40-413	9.506	25.8	17.072
P35520	U100-007	414-551	40-413	3.037	10.99	4.07
P35520	170	414-551	40-413	12.994	22.973	14.012
P35520	004	414-551	40-413	5.042	22.064	20.614
P35520	124	414-551	40-413	13.027	25.399	15.708
P35520	146	414-551	40-413	7.496	25.62	15.445
P35520	041	414-551	40-413	7.899	24.835	11.023
P35520	148	414-551	40-413	10.929	28.082	18.305
P35520	076	414-551	40-413	16.717	26.02	15.374
P35520	185	414-551	40-413	8.533	28.188	14.192
P35520	040	414-551	40-413	11.234	27.047	18.987
P35520	101	414-551	40-413	8.368	21.311	12.019
P35520	042	414-551	40-413	12.648	27.107	20.427
P35520	054	414-551	40-413	10.824	28.934	19.992
P35520	009	414-551	40-413	11.595	27.001	20.353
P35520	045	414-551	40-413	4.555	18.675	8.124
P35520	095	414-551	40-413	10.779	26.36	18.298
P35520	117	414-551	40-413	17.018	28.768	19.545
P35520	213	414-551	40-413	13.18	24.171	15.358
P35520	033	414-551	40-413	16.544	29.302	17.349
P35520	024	414-551	40-413	12.91	27.871	16.197
P35520	104	414-551	40-413	6.751	26.773	8.906
P35520	087	414-551	40-413	15.19	27.423	19.385
P35520	168	414-551	40-413	9.457	24.323	15.332
P35520	092	414-551	40-413	9.762	25.497	16.122
P35520	021	414-551	40-413	14.994	27.561	19.407
P35520	139	414-551	40-413	5.937	25.221	12.713
P35520	136	414-551	40-413	7.155	19.799	11.946
P35520	082	414-551	40-413	7.0	26.078	12.66
P35520	215	414-551	40-413	11.789	27.729	12.032
P35520	097	414-551	40-413	9.421	24.302	14.063
P35520	100	414-551	40-413	9.99	28.687	14.327
P35520	112	414-551	40-413	10.094	21.935	17.522
P35520	160	414-551	40-413	14.402	27.48	17.217
P35520	032	414-551	40-413	4.336	18.268	12.768
P35520	035	414-551	40-413	4.725	17.505	12.423
P35520	014	414-551	40-413	13.943	28.406	20.865
P35520	U10-004	414-551	40-413	7.044	27.085	11.051
P35520	065	414-551	40-413	4.341	17.815	13.966
P35520	102	414-551	40-413	13.748	26.63	13.354
P35520	000	414-551	40-413	3.23	15.156	6.157
P35520	090	414-551	40-413	5.921	25.035	12.003
P35520	161	414-551	40-413	11.909	25.126	13.477
P35520	023	414-551	40-413	17.627	28.504	20.687
P35520	162	414-551	40-413	10.712	25.87	15.387
P35520	132	414-551	40-413	16.085	29.269	20.264
P35520	126	414-551	40-413	12.852	24.799	11.503
P35520	172	414-551	40-413	10.38	24.067	15.089
P35520	019	414-551	40-413	6.541	22.021	16.732
P35520	158	414-551	40-413	12.666	28.7	17.244
P35520	211	414-551	40-413	17.849	30.044	18.982
P35520	098	414-551	40-413	16.29	25.441	12.409
P35520	191	414-551	40-413	11.643	26.938	14.706
P35520	052	414-551	40-413	4.301	25.012	12.052
P35520	200	414-551	40-413	14.601	28.031	17.89
P35520	039	414-551	40-413	7.388	21.802	11.523
P35520	232	414-551	40-413	19.819	30.199	19.794
P35520	202	414-551	40-413	13.551	26.864	14.372
P35520	U10-000	414-551	40-413	5.06	21.904	10.447
P35520	U100-005	414-551	40-413	3.045	11.937	4.26
P35520	140	414-551	40-413	10.595	26.939	13.77
P35520	U100-004	414-551	40-413	3.183	13.353	4.273
P35520	209	414-551	40-413	20.073	29.905	13.217
P35520	174	414-551	40-413	13.403	28.594	16.739
P35520	179	414-551	40-413	12.188	27.078	17.198
P35520	U100-000	414-551	40-413	2.946	11.004	4.514
P35520	165	414-551	40-413	15.027	22.942	14.884
P35520	003	414-551	40-413	17.018	27.148	16.276
P35520	043	414-551	40-413	17.101	28.925	16.456
P35520	204	414-551	40-413	8.655	28.034	13.718
P35520	074	414-551	40-413	14.62	27.729	20.817
P35520	214	414-551	40-413	19.212	29.1	18.042
P35520	203	414-551	40-413	14.164	25.325	15.731
P35520	051	414-551	40-413	4.922	21.888	18.687
P35520	005	414-551	40-413	8.517	25.275	18.563
P35520	164	414-551	40-413	14.149	26.672	14.757
P35520	086	414-551	40-413	8.924	25.318	13.455
P35520	110	414-551	40-413	8.733	25.171	13.396
P35520	075	414-551	40-413	11.744	27.755	10.155
P35520	201	414-551	40-413	12.976	28.676	12.673
P35520	167	414-551	40-413	16.659	27.331	17.762
P35520	059	414-551	40-413	12.582	28.73	19.57
P35520	144	414-551	40-413	14.985	26.069	15.706
P35520	099	414-551	40-413	11.817	28.204	20.099
P35520	U10-005	414-551	40-413	3.954	22.133	7.853
P35520	131	414-551	40-413	12.636	27.05	18.927
P35520	058	414-551	40-413	11.97	26.212	14.296
P35520	123	414-551	40-413	11.896	25.641	13.423
P35520	056	414-551	40-413	8.282	25.376	11.205
P35520	182	414-551	40-413	14.961	29.767	18.327
P35520	205	414-551	40-413	7.027	26.129	13.711
P35520	231	414-551	40-413	13.591	28.652	18.538
P35520	147	414-551	40-413	5.525	28.264	13.71
P35520	224	414-551	40-413	15.517	27.441	20.931
P35520	183	414-551	40-413	8.276	27.532	16.147
P35520	066	414-551	40-413	9.252	24.724	10.838
P35520	U10-008	414-551	40-413	6.43	28.205	8.78
P35520	173	414-551	40-413	10.624	27.215	15.347
P35520	111	414-551	40-413	11.544	27.014	13.819
P35520	230	414-551	40-413	19.937	28.978	15.867
P35520	010	414-551	40-413	17.167	27.937	19.581
P35520	034	414-551	40-413	14.126	25.232	19.303
P35520	U10-002	414-551	40-413	4.119	22.295	8.022
P35520	125	414-551	40-413	12.746	27.257	15.745
P35520	166	414-551	40-413	10.029	26.008	13.554
P35520	103	414-551	40-413	5.756	14.076	7.952
P35520	026	414-551	40-413	7.864	24.584	16.371
P35520	079	414-551	40-413	8.4	27.296	15.296
P35520	029	414-551	40-413	3.983	23.9	14.454
P35520	156	414-551	40-413	10.836	22.963	12.489
P35520	129	414-551	40-413	13.665	27.061	19.08
P35520	047	414-551	40-413	14.546	27.118	20.806
P35520	177	414-551	40-413	19.982	29.85	18.963
P35520	135	414-551	40-413	8.665	25.995	16.852
P35520	218	414-551	40-413	14.448	28.007	13.622
P35520	113	414-551	40-413	13.505	23.031	10.618
P35520	U10-007	414-551	40-413	4.925	20.883	7.526
P35520	031	414-551	40-413	14.748	26.039	15.605
P35520	197	414-551	40-413	14.914	28.747	16.085
P35520	027	414-551	40-413	8.1	23.932	16.8
P35520	048	414-551	40-413	6.294	20.402	9.979
P35520	219	414-551	40-413	11.346	23.674	15.178
P35520	233	414-551	40-413	13.592	25.737	19.854
P35520	038	414-551	40-413	4.303	19.899	13.829
O60741	U10-009	401-479	480-604	10.981	24.064	17.598
O60741	U10-004	401-479	480-604	11.07	22.915	17.733
O60741	U10-005	401-479	480-604	14.022	25.002	17.519
O60741	U100-000	401-479	480-604	11.743	23.364	18.49
O60741	U100-003	401-479	480-604	14.911	24.71	18.058
O60741	U100-002	401-479	480-604	12.158	22.229	16.586
O60741	U10-003	401-479	480-604	10.594	22.507	17.33
O60741	U10-007	401-479	480-604	11.435	24.073	17.567
O60741	U10-006	401-479	480-604	13.465	24.707	17.863
O60741	U10-000	401-479	480-604	10.72	23.182	16.285
O60741	U100-001	401-479	480-604	10.454	19.697	15.978
O60741	000	401-479	480-604	13.172	24.894	18.835
O60741	U100-009	401-479	480-604	11.666	20.675	8.438
O60741	U10-008	401-479	480-604	10.66	24.396	18.642
O60741	U100-006	401-479	480-604	15.065	24.214	17.275
O60741	U10-001	401-479	480-604	11.261	24.911	18.314
O60741	U10-002	401-479	480-604	12.583	24.412	17.152
O60741	U100-008	401-479	480-604	11.622	20.69	16.781
O60741	U100-007	401-479	480-604	13.366	25.505	15.906
O60741	U100-005	401-479	480-604	11.573	20.856	17.973
O60741	U100-004	401-479	480-604	12.274	23.427	17.284
Q6GQQ9	U10-003	187-193	194-365	4.306	24.08	18.495
Q6GQQ9	U10-006	187-193	194-365	4.466	26.027	15.508
Q6GQQ9	U100-002	187-193	194-365	4.523	24.907	12.418
Q6GQQ9	023	187-193	194-365	3.863	25.297	21.717
Q6GQQ9	009	187-193	194-365	2.837	23.71	20.64
Q6GQQ9	011	187-193	194-365	3.966	25.263	21.758
Q6GQQ9	U10-007	187-193	194-365	3.413	24.545	21.285
Q6GQQ9	U10-005	187-193	194-365	4.478	23.665	14.072
Q6GQQ9	U10-002	187-193	194-365	4.362	23.402	19.113
Q6GQQ9	U100-005	187-193	194-365	2.201	8.467	6.032
Q6GQQ9	008	187-193	194-365	3.718	22.691	20.625
Q6GQQ9	U10-000	187-193	194-365	3.674	23.988	21.134
Q6GQQ9	U100-007	187-193	194-365	4.477	27.464	15.595
Q6GQQ9	U100-003	187-193	194-365	4.372	26.143	15.248
Q6GQQ9	U100-006	187-193	194-365	2.678	10.651	5.614
Q6GQQ9	003	187-193	194-365	4.157	24.17	20.87
Q6GQQ9	U100-009	187-193	194-365	4.592	22.737	10.753
Q6GQQ9	010	187-193	194-365	4.12	24.396	20.975
Q6GQQ9	022	187-193	194-365	2.996	24.829	20.598
Q6GQQ9	013	187-193	194-365	3.908	24.016	20.522
Q6GQQ9	019	187-193	194-365	4.154	24.662	20.844
Q6GQQ9	U10-004	187-193	194-365	4.342	23.811	19.068
Q6GQQ9	020	187-193	194-365	3.784	23.313	19.795
Q6GQQ9	002	187-193	194-365	4.363	26.599	21.972
Q6GQQ9	U10-001	187-193	194-365	4.753	25.416	20.391
Q6GQQ9	021	187-193	194-365	4.107	25.346	21.454
Q6GQQ9	004	187-193	194-365	4.297	25.096	20.649
Q6GQQ9	015	187-193	194-365	3.778	22.883	20.712
Q6GQQ9	U100-004	187-193	194-365	3.295	13.452	6.065
Q6GQQ9	U100-001	187-193	194-365	4.414	27.4	17.74
Q6GQQ9	016	187-193	194-365	3.904	22.798	20.211
Q6GQQ9	012	187-193	194-365	4.384	26.702	21.859
Q6GQQ9	007	187-193	194-365	4.064	24.029	20.31
Q6GQQ9	006	187-193	194-365	3.822	24.419	21.31
Q6GQQ9	014	187-193	194-365	4.554	24.741	19.764
Q6GQQ9	U100-000	187-193	194-365	4.514	24.317	12.543
Q6GQQ9	017	187-193	194-365	4.613	26.539	21.575
Q6GQQ9	018	187-193	194-365	3.05	21.299	20.914
Q6GQQ9	U100-008	187-193	194-365	4.766	24.764	16.9
Q6GQQ9	000	187-193	194-365	2.87	26.22	21.624
Q6GQQ9	001	187-193	194-365	3.944	23.468	21.457
Q6GQQ9	U10-009	187-193	194-365	4.554	27.363	17.426
Q6GQQ9	005	187-193	194-365	4.652	25.6	21.612
Q6GQQ9	U10-008	187-193	194-365	3.506	22.672	20.541
P27577	027	304-310,416-441	335-415	17.461	23.656	10.664
P27577	U100-009	304-310,416-441	335-415	10.407	13.293	2.066
P27577	022	304-310,416-441	335-415	15.681	21.843	10.682
P27577	U10-008	304-310,416-441	335-415	12.562	19.606	9.477
P27577	013	304-310,416-441	335-415	16.682	23.793	10.841
P27577	011	304-310,416-441	335-415	15.737	22.895	11.442
P27577	U100-005	304-310,416-441	335-415	6.916	10.852	5.403
P27577	020	304-310,416-441	335-415	13.91	21.96	9.948
P27577	008	304-310,416-441	335-415	14.341	20.059	10.467
P27577	019	304-310,416-441	335-415	14.2	21.869	11.857
P27577	U10-003	304-310,416-441	335-415	15.149	21.632	10.94
P27577	U10-001	304-310,416-441	335-415	14.285	20.071	3.984
P27577	U10-009	304-310,416-441	335-415	10.352	16.849	11.287
P27577	007	304-310,416-441	335-415	14.786	22.838	11.291
P27577	004	304-310,416-441	335-415	16.647	23.491	14.201
P27577	U10-007	304-310,416-441	335-415	10.987	17.146	11.448
P27577	000	304-310,416-441	335-415	5.813	12.787	12.028
P27577	012	304-310,416-441	335-415	15.148	21.874	11.701
P27577	015	304-310,416-441	335-415	15.538	24.481	11.792
P27577	023	304-310,416-441	335-415	14.85	22.174	11.648
P27577	018	304-310,416-441	335-415	10.934	17.279	7.787
P27577	U100-000	304-310,416-441	335-415	6.793	10.155	2.188
P27577	021	304-310,416-441	335-415	15.631	23.134	12.027
P27577	U10-006	304-310,416-441	335-415	15.51	21.117	10.064
P27577	U10-004	304-310,416-441	335-415	15.987	20.786	12.774
P27577	030	304-310,416-441	335-415	15.113	22.7	9.684
P27577	031	304-310,416-441	335-415	13.834	21.411	8.795
P27577	U100-003	304-310,416-441	335-415	7.866	11.332	2.953
P27577	009	304-310,416-441	335-415	18.358	24.844	11.743
P27577	001	304-310,416-441	335-415	12.223	20.672	12.907
P27577	U10-005	304-310,416-441	335-415	11.873	19.093	12.692
P27577	016	304-310,416-441	335-415	16.591	22.616	11.024
P27577	017	304-310,416-441	335-415	18.376	25.263	9.728
P27577	U10-002	304-310,416-441	335-415	13.319	18.354	13.347
P27577	028	304-310,416-441	335-415	12.582	20.023	10.38
P27577	U10-000	304-310,416-441	335-415	16.351	22.542	9.932
P27577	002	304-310,416-441	335-415	15.509	21.209	10.37
P27577	005	304-310,416-441	335-415	16.688	21.264	8.346
P27577	U100-001	304-310,416-441	335-415	4.838	7.678	2.157
P27577	026	304-310,416-441	335-415	17.737	25.27	10.983
P27577	U100-006	304-310,416-441	335-415	4.953	7.711	2.147
P27577	U100-007	304-310,416-441	335-415	6.399	9.641	3.598
P27577	006	304-310,416-441	335-415	17.005	23.753	13.107
P27577	029	304-310,416-441	335-415	17.602	23.842	13.839
P27577	010	304-310,416-441	335-415	16.439	22.125	11.236
P27577	025	304-310,416-441	335-415	16.344	22.485	11.125
P27577	003	304-310,416-441	335-415	15.122	21.207	10.058
P27577	U100-008	304-310,416-441	335-415	4.842	8.044	3.115
P27577	014	304-310,416-441	335-415	16.446	21.166	12.687
P27577	U100-002	304-310,416-441	335-415	4.761	7.437	2.263
P27577	U100-004	304-310,416-441	335-415	5.089	7.909	2.477
P27577	024	304-310,416-441	335-415	14.173	21.198	10.808
O08967	019	251-265,383-395	77-206	15.42	25.956	2.71
O08967	U10-002	251-265,383-395	77-206	9.463	23.113	2.293
O08967	U10-001	251-265,383-395	77-206	13.242	21.898	2.548
O08967	033	251-265,383-395	77-206	16.552	22.836	2.541
O08967	023	251-265,383-395	77-206	17.241	26.233	2.824
O08967	032	251-265,383-395	77-206	17.46	25.856	2.548
O08967	U10-006	251-265,383-395	77-206	16.827	27.74	2.617
O08967	009	251-265,383-395	77-206	16.367	26.809	14.751
O08967	008	251-265,383-395	77-206	17.268	27.041	11.084
O08967	010	251-265,383-395	77-206	10.875	26.799	3.967
O08967	002	251-265,383-395	77-206	16.139	26.398	11.844
O08967	014	251-265,383-395	77-206	15.823	24.98	3.375
O08967	004	251-265,383-395	77-206	15.965	24.908	3.15
O08967	006	251-265,383-395	77-206	13.976	25.989	12.216
O08967	U10-000	251-265,383-395	77-206	14.081	23.789	2.599
O08967	018	251-265,383-395	77-206	16.065	25.849	2.783
O08967	U100-009	251-265,383-395	77-206	11.446	22.577	2.213
O08967	025	251-265,383-395	77-206	16.622	27.092	2.744
O08967	026	251-265,383-395	77-206	17.058	26.712	5.58
O08967	029	251-265,383-395	77-206	16.147	24.385	10.726
O08967	000	251-265,383-395	77-206	13.032	23.662	6.957
O08967	U10-003	251-265,383-395	77-206	11.93	23.684	2.363
O08967	036	251-265,383-395	77-206	16.13	25.533	2.754
O08967	U10-004	251-265,383-395	77-206	14.399	25.507	2.457
O08967	003	251-265,383-395	77-206	15.553	25.181	3.133
O08967	U100-006	251-265,383-395	77-206	9.914	21.0	2.205
O08967	U100-007	251-265,383-395	77-206	10.718	21.933	2.243
O08967	016	251-265,383-395	77-206	15.524	24.551	2.936
O08967	U100-000	251-265,383-395	77-206	9.405	22.019	2.247
O08967	028	251-265,383-395	77-206	15.525	24.874	2.908
O08967	U10-008	251-265,383-395	77-206	16.208	27.361	2.45
O08967	022	251-265,383-395	77-206	17.084	28.225	12.607
O08967	U100-004	251-265,383-395	77-206	9.667	21.321	2.228
O08967	U100-001	251-265,383-395	77-206	10.706	22.353	2.258
O08967	U100-003	251-265,383-395	77-206	9.861	21.011	2.256
O08967	U10-009	251-265,383-395	77-206	15.504	23.522	2.359
O08967	007	251-265,383-395	77-206	12.349	18.161	2.93
O08967	027	251-265,383-395	77-206	15.604	27.069	7.599
O08967	017	251-265,383-395	77-206	17.922	26.705	13.789
O08967	024	251-265,383-395	77-206	17.251	27.616	3.701
O08967	012	251-265,383-395	77-206	14.374	25.242	13.521
O08967	030	251-265,383-395	77-206	15.914	24.609	2.742
O08967	020	251-265,383-395	77-206	14.236	19.541	2.788
O08967	U10-005	251-265,383-395	77-206	11.877	23.182	2.323
O08967	031	251-265,383-395	77-206	15.383	24.371	5.487
O08967	021	251-265,383-395	77-206	16.684	27.127	11.144
O08967	005	251-265,383-395	77-206	8.08	13.747	10.287
O08967	U100-002	251-265,383-395	77-206	9.548	21.321	2.273
O08967	013	251-265,383-395	77-206	17.169	26.994	14.604
O08967	011	251-265,383-395	77-206	12.742	20.989	3.031
O08967	015	251-265,383-395	77-206	16.909	26.128	2.819
O08967	001	251-265,383-395	77-206	15.413	25.666	2.636
O08967	034	251-265,383-395	77-206	16.932	28.897	5.064
O08967	U100-005	251-265,383-395	77-206	9.279	18.988	2.227
O08967	035	251-265,383-395	77-206	13.785	20.376	2.775
O08967	U100-008	251-265,383-395	77-206	9.487	20.875	2.257
O08967	U10-007	251-265,383-395	77-206	12.68	20.922	2.387
P53042	U10-000	28-129	495-499,200-494	1.983	14.092	11.94
P53042	059	28-129	495-499,200-494	16.129	30.282	17.31
P53042	U10-001	28-129	495-499,200-494	2.153	25.739	13.768
P53042	044	28-129	495-499,200-494	1.986	15.731	12.438
P53042	U100-005	28-129	495-499,200-494	1.896	4.572	4.717
P53042	038	28-129	495-499,200-494	13.462	27.53	11.315
P53042	U100-000	28-129	495-499,200-494	1.92	4.682	5.011
P53042	018	28-129	495-499,200-494	7.181	27.88	14.491
P53042	015	28-129	495-499,200-494	9.003	29.54	17.688
P53042	000	28-129	495-499,200-494	1.94	4.538	5.328
P53042	012	28-129	495-499,200-494	13.952	29.583	17.061
P53042	011	28-129	495-499,200-494	4.912	25.177	14.955
P53042	047	28-129	495-499,200-494	14.003	28.357	17.316
P53042	022	28-129	495-499,200-494	9.195	29.204	20.82
P53042	049	28-129	495-499,200-494	7.942	30.024	14.974
P53042	004	28-129	495-499,200-494	15.539	30.377	20.682
P53042	016	28-129	495-499,200-494	12.121	28.536	20.695
P53042	041	28-129	495-499,200-494	13.709	29.645	19.774
P53042	036	28-129	495-499,200-494	17.607	28.917	19.617
P53042	010	28-129	495-499,200-494	10.297	27.2	16.675
P53042	058	28-129	495-499,200-494	16.177	30.094	16.098
P53042	U100-009	28-129	495-499,200-494	1.915	5.112	5.2
P53042	002	28-129	495-499,200-494	2.045	17.536	12.474
P53042	014	28-129	495-499,200-494	1.958	14.082	11.233
P53042	042	28-129	495-499,200-494	12.033	27.97	16.103
P53042	052	28-129	495-499,200-494	9.713	28.248	18.456
P53042	003	28-129	495-499,200-494	15.071	25.392	15.625
P53042	026	28-129	495-499,200-494	2.213	28.39	15.446
P53042	U10-005	28-129	495-499,200-494	1.955	13.595	12.444
P53042	037	28-129	495-499,200-494	12.161	28.871	15.69
P53042	024	28-129	495-499,200-494	14.266	29.781	15.947
P53042	053	28-129	495-499,200-494	11.526	28.411	16.373
P53042	028	28-129	495-499,200-494	13.386	30.547	20.014
P53042	008	28-129	495-499,200-494	2.034	20.297	13.6
P53042	U100-002	28-129	495-499,200-494	1.907	5.186	5.451
P53042	005	28-129	495-499,200-494	13.711	28.468	16.472
P53042	U10-008	28-129	495-499,200-494	1.955	8.768	9.875
P53042	060	28-129	495-499,200-494	2.202	24.794	13.691
P53042	030	28-129	495-499,200-494	16.268	30.391	13.557
P53042	033	28-129	495-499,200-494	15.82	28.858	13.981
P53042	U100-001	28-129	495-499,200-494	1.913	4.51	4.349
P53042	050	28-129	495-499,200-494	2.171	24.738	15.978
P53042	U10-006	28-129	495-499,200-494	1.948	12.575	11.164
P53042	025	28-129	495-499,200-494	9.661	28.669	19.138
P53042	017	28-129	495-499,200-494	10.413	29.745	18.581
P53042	023	28-129	495-499,200-494	9.925	27.788	15.282
P53042	U100-004	28-129	495-499,200-494	1.898	4.455	4.798
P53042	027	28-129	495-499,200-494	8.182	27.988	16.257
P53042	006	28-129	495-499,200-494	13.64	28.928	18.523
P53042	U100-008	28-129	495-499,200-494	1.916	5.064	5.271
P53042	020	28-129	495-499,200-494	16.809	28.661	17.276
P53042	039	28-129	495-499,200-494	2.089	13.738	11.932
P53042	009	28-129	495-499,200-494	15.08	28.526	16.1
P53042	U10-009	28-129	495-499,200-494	2.012	10.243	7.234
P53042	035	28-129	495-499,200-494	8.885	30.044	20.065
P53042	001	28-129	495-499,200-494	8.526	26.462	15.281
P53042	054	28-129	495-499,200-494	6.792	28.735	17.576
P53042	U100-003	28-129	495-499,200-494	1.91	5.82	5.832
P53042	U10-002	28-129	495-499,200-494	2.031	13.055	8.203
P53042	021	28-129	495-499,200-494	2.056	24.576	11.898
P53042	U100-007	28-129	495-499,200-494	1.924	5.224	5.278
P53042	U10-007	28-129	495-499,200-494	1.99	13.857	9.635
P53042	040	28-129	495-499,200-494	2.076	24.854	12.27
P53042	055	28-129	495-499,200-494	17.295	28.418	14.318
P53042	043	28-129	495-499,200-494	17.033	29.389	13.763
P53042	U10-003	28-129	495-499,200-494	2.034	10.743	11.126
P53042	048	28-129	495-499,200-494	11.552	26.397	16.346
P53042	057	28-129	495-499,200-494	13.848	28.348	15.539
P53042	019	28-129	495-499,200-494	16.787	29.131	18.455
P53042	U10-004	28-129	495-499,200-494	2.005	12.697	10.651
P53042	034	28-129	495-499,200-494	8.126	26.5	14.139
P53042	046	28-129	495-499,200-494	2.139	21.439	13.713
P53042	032	28-129	495-499,200-494	2.106	22.39	11.705
P53042	U100-006	28-129	495-499,200-494	1.929	5.047	5.352
P53042	045	28-129	495-499,200-494	2.071	21.453	11.889
P53042	031	28-129	495-499,200-494	15.295	27.559	17.047
P53042	013	28-129	495-499,200-494	13.083	29.726	20.764
P53042	007	28-129	495-499,200-494	2.028	19.838	10.721
P53042	056	28-129	495-499,200-494	3.653	27.801	12.381
P53042	029	28-129	495-499,200-494	1.987	26.419	13.417
P53042	051	28-129	495-499,200-494	4.248	26.95	13.892
