	2_comp	ref_pdb	pdb	complex_rmsd	uniprot
0	0.671	8aoi	1pme	19.803	P28482
1	0.946	8aoi	1tvo	7.874	P28482
2	2.799	8aoi	1wzy	7.892	P28482
3	8.458	8aoi	2y9q	5.208	P28482
4	0.537	8aoi	3sa0	9.858	P28482
5	12.877	8aoi	3tei	15.187	P28482
6	8.007	8aoi	4fmq	6.05	P28482
7	0.806	8aoi	4fux	9.74	P28482
8	4.855	8aoi	4fuy	20.315	P28482
9	2.487	8aoi	4fv0	12.649	P28482
10	3.681	8aoi	4fv1	8.239	P28482
11	0.936	8aoi	4fv2	9.568	P28482
12	0.849	8aoi	4fv3	6.456	P28482
13	1.369	8aoi	4fv7	8.078	P28482
14	0.804	8aoi	4g6n	10.417	P28482
15	0.805	8aoi	4g6o	14.406	P28482
16	13.116	8aoi	4h3p	13.885	P28482
17	8.004	8aoi	4h3q	8.554	P28482
18	9.396	8aoi	4iz5	3.724	P28482
19	9.866	8aoi	4iza	8.621	P28482
20	0.57	8aoi	4n0s	5.524	P28482
21	12.548	8aoi	4nif	8.816	P28482
22	4.918	8aoi	4qp1	7.484	P28482
23	11.117	8aoi	4qp2	14.262	P28482
24	10.982	8aoi	4qp3	13.043	P28482
25	16.675	8aoi	4qp4	13.208	P28482
26	10.927	8aoi	4qp6	13.048	P28482
27	16.655	8aoi	4qp7	13.216	P28482
28	17.205	8aoi	4qp9	13.505	P28482
29	9.779	8aoi	4qpa	17.491	P28482
30	1.78	8aoi	4qte	4.655	P28482
31	4.763	8aoi	4xj0	8.455	P28482
32	0.655	8aoi	4zxt	5.321	P28482
33	4.643	8aoi	4zzm	13.004	P28482
34	3.599	8aoi	4zzn	8.361	P28482
35	4.63	8aoi	4zzo	11.953	P28482
36	16.278	8aoi	5ax3	15.713	P28482
37	0.722	8aoi	5lcj	2.407	P28482
38	0.326	8aoi	5lck	4.808	P28482
39	3.629	8aoi	5ngu	12.89	P28482
40	3.615	8aoi	5nhf	18.479	P28482
41	3.749	8aoi	5nhh	8.74	P28482
42	3.778	8aoi	5nhj	10.195	P28482
43	3.782	8aoi	5nhl	14.171	P28482
44	3.796	8aoi	5nho	15.257	P28482
45	3.66	8aoi	5nhp	12.61	P28482
46	3.644	8aoi	5nhv	8.407	P28482
47	9.651	8aoi	5v60	6.234	P28482
48	9.6	8aoi	5v61	6.223	P28482
49	9.633	8aoi	5v62	6.226	P28482
50	0.909	8aoi	5wp1	15.511	P28482
51	16.752	8aoi	6d5y	13.639	P28482
52	0.846	8aoi	6dmg	6.425	P28482
53	1.212	8aoi	6g54	6.087	P28482
54	2.44	8aoi	6g8x	3.795	P28482
55	0.399	8aoi	6g91	7.578	P28482
56	0.689	8aoi	6g92	7.537	P28482
57	0.671	8aoi	6g93	2.963	P28482
58	1.309	8aoi	6g97	6.126	P28482
59	0.769	8aoi	6g9a	7.671	P28482
60	0.24	8aoi	6g9d	7.352	P28482
61	0.283	8aoi	6g9h	2.75	P28482
62	0.225	8aoi	6g9j	5.427	P28482
63	0.384	8aoi	6g9k	5.204	P28482
64	0.342	8aoi	6g9m	3.373	P28482
65	2.484	8aoi	6g9n	2.771	P28482
66	0.815	8aoi	6gdm	5.829	P28482
67	0.493	8aoi	6gdq	5.872	P28482
68	0.403	8aoi	6ge0	5.026	P28482
69	0.331	8aoi	6gjb	7.144	P28482
70	0.499	8aoi	6gjd	5.818	P28482
71	9.688	8aoi	6opg	6.277	P28482
72	9.76	8aoi	6oph	5.859	P28482
73	0.527	8aoi	6q7k	7.397	P28482
74	0.398	8aoi	6q7s	3.034	P28482
75	0.342	8aoi	6q7t	3.514	P28482
76	0.284	8aoi	6qa1	3.547	P28482
77	0.226	8aoi	6qa3	7.702	P28482
78	2.397	8aoi	6qa4	8.523	P28482
79	0.407	8aoi	6qag	3.467	P28482
80	0.315	8aoi	6qah	7.476	P28482
81	2.452	8aoi	6qal	9.122	P28482
82	0.398	8aoi	6qaq	2.732	P28482
83	0.25	8aoi	6qaw	7.715	P28482
84	0.458	8aoi	6rq4	17.132	P28482
85	5.19	8aoi	6slg	21.866	P28482
86	0.532	8aoi	7auv	1.704	P28482
87	0.729	8aoi	7e73	6.101	P28482
88	0.688	8aoi	7e75	4.682	P28482
89	0.37	8aoi	7nqq	2.679	P28482
90	0.384	8aoi	7nqw	1.67	P28482
91	0.417	8aoi	7nr3	4.008	P28482
92	2.45	8aoi	7nr5	3.369	P28482
93	0.384	8aoi	7nr8	1.721	P28482
94	0.921	8aoi	7nr9	3.94	P28482
95	9.697	8aoi	7opm	11.313	P28482
96	4.717	8aoi	7w5o	4.875	P28482
97	1.575	8aoi	7x4u	6.079	P28482
98	4.821	8aoi	7xc1	4.033	P28482
99	2.354	8aoi	8ao2	8.348	P28482
100	0.525	8aoi	8ao3	5.782	P28482
101	0.698	8aoi	8ao4	5.783	P28482
102	0.323	8aoi	8ao5	14.758	P28482
103	0.231	8aoi	8ao6	5.853	P28482
104	0.254	8aoi	8ao7	1.575	P28482
105	0.772	8aoi	8ao8	2.865	P28482
106	0.158	8aoi	8ao9	8.351	P28482
107	0.228	8aoi	8aoa	1.441	P28482
108	0.151	8aoi	8aob	22.187	P28482
109	0.143	8aoi	8aoc	3.427	P28482
110	0.385	8aoi	8aod	12.709	P28482
111	0.319	8aoi	8aoe	16.611	P28482
112	0.19	8aoi	8aof	12.095	P28482
113	0.172	8aoi	8aog	13.475	P28482
114	0.386	8aoi	8aoh	11.667	P28482
115	0.688	8aoi	8aoj	5.838	P28482
116	9.754	8aoi	8u8j	6.074	P28482
117	9.736	8aoi	8u8k	6.288	P28482
118	1.403	8aoi	8zjv	6.136	P28482
119	7.02	5uww	1k5d	6.785	P62826
120	6.867	5uww	1k5g	6.777	P62826
121	7.718	5uww	1rrp	6.884	P62826
122	39.437	5uww	2mmc	19.277	P62826
123	13.004	5uww	2mmg	16.382	P62826
124	40.006	5uww	2n1b	19.127	P62826
125	40.609	5uww	3ch5	17.431	P62826
126	40.598	5uww	3gj0	18.619	P62826
127	40.482	5uww	3gj3	16.733	P62826
128	40.476	5uww	3gj4	16.141	P62826
129	40.573	5uww	3gj5	16.172	P62826
130	40.645	5uww	3gj6	16.494	P62826
131	40.702	5uww	3gj7	16.104	P62826
132	40.601	5uww	3gj8	16.754	P62826
133	5.655	5uww	4gmx	6.308	P62826
134	6.419	5uww	4gpt	2.638	P62826
135	6.334	5uww	4hat	6.64	P62826
136	10.908	5uww	4hau	4.135	P62826
137	15.908	5uww	4hav	5.65	P62826
138	15.726	5uww	4haw	5.589	P62826
139	9.748	5uww	4hay	3.739	P62826
140	7.39	5uww	4haz	2.914	P62826
141	5.159	5uww	4hb0	2.133	P62826
142	5.846	5uww	4hb2	2.366	P62826
143	7.333	5uww	4hb3	2.893	P62826
144	6.393	5uww	4hb4	6.657	P62826
145	6.356	5uww	4wvf	6.651	P62826
146	40.559	5uww	5ciq	15.548	P62826
147	40.47	5uww	5cit	15.901	P62826
148	40.543	5uww	5ciw	16.965	P62826
149	40.142	5uww	5cj2	15.311	P62826
150	6.88	5uww	5clq	8.726	P62826
151	5.098	5uww	5dh9	2.071	P62826
152	1.047	5uww	5dha	0.621	P62826
153	5.054	5uww	5dhf	2.038	P62826
154	6.379	5uww	5di9	2.605	P62826
155	6.46	5uww	5dif	6.714	P62826
156	7.194	5uww	5jlj	2.831	P62826
157	6.697	5uww	5uwh	2.642	P62826
158	6.364	5uww	5uwi	2.592	P62826
159	0.86	5uww	5uwj	0.456	P62826
160	5.094	5uww	5uwo	2.069	P62826
161	6.346	5uww	5uwp	6.689	P62826
162	0.465	5uww	5uwq	0.342	P62826
163	6.274	5uww	5uwr	2.504	P62826
164	1.147	5uww	5uws	0.61	P62826
165	6.371	5uww	5uwt	2.591	P62826
166	6.326	5uww	5uwu	2.58	P62826
167	5.666	5uww	5yro	6.473	P62826
168	5.288	5uww	5yst	2.178	P62826
169	5.276	5uww	5ysu	2.175	P62826
170	4.624	5uww	5ytb	6.507	P62826
171	10.303	5uww	5zpu	6.723	P62826
172	4.668	5uww	6a38	8.001	P62826
173	4.635	5uww	6a3a	7.967	P62826
174	4.599	5uww	6a3b	7.971	P62826
175	4.606	5uww	6a3c	7.98	P62826
176	4.593	5uww	6a3e	7.972	P62826
177	0.805	5uww	6cit	0.429	P62826
178	4.599	5uww	6kft	7.971	P62826
179	6.843	5uww	6lq9	2.782	P62826
180	5.22	5uww	6m60	5.25	P62826
181	5.32	5uww	6m6x	4.111	P62826
182	6.459	5uww	6x2m	2.666	P62826
183	6.455	5uww	6x2o	2.654	P62826
184	5.182	5uww	6x2p	2.136	P62826
185	5.089	5uww	6x2r	2.119	P62826
186	5.811	5uww	6x2s	5.049	P62826
187	5.159	5uww	6x2u	2.106	P62826
188	10.555	5uww	6x2v	3.984	P62826
189	5.172	5uww	6x2w	2.101	P62826
190	5.169	5uww	6x2x	2.111	P62826
191	5.108	5uww	6x2y	2.068	P62826
192	6.375	5uww	6xjp	2.617	P62826
193	1.223	5uww	6xjr	0.69	P62826
194	6.393	5uww	6xjs	2.625	P62826
195	6.414	5uww	6xjt	2.64	P62826
196	6.4	5uww	6xju	2.63	P62826
197	5.382	5uww	7cnd	5.187	P62826
198	5.255	5uww	7dbg	5.264	P62826
199	9.889	5uww	7l5e	6.7	P62826
200	40.54	5uww	7mnp	16.071	P62826
201	40.384	5uww	7mnq	16.163	P62826
202	40.292	5uww	7mnr	16.414	P62826
203	40.971	5uww	7mns	16.358	P62826
204	40.589	5uww	7mnt	16.254	P62826
205	40.766	5uww	7mnu	16.007	P62826
206	40.511	5uww	7mnv	16.407	P62826
207	8.005	5uww	7mnw	8.466	P62826
208	7.094	5uww	7mnx	8.19	P62826
209	6.759	5uww	7mny	7.164	P62826
210	7.179	5uww	7mnz	10.134	P62826
211	5.88	5uww	7mo0	9.029	P62826
212	40.498	5uww	7mo1	16.889	P62826
213	40.652	5uww	7mo2	16.243	P62826
214	40.691	5uww	7mo3	16.65	P62826
215	40.595	5uww	7mo4	16.587	P62826
216	40.364	5uww	7mo5	16.106	P62826
217	5.3	5uww	7ypz	5.228	P62826
218	5.259	5uww	8hq3	5.219	P62826
219	5.262	5uww	8hq4	4.078	P62826
220	5.251	5uww	8hq5	4.079	P62826
221	5.202	5uww	8hq6	5.21	P62826
222	5.207	5uww	8huf	4.066	P62826
223	5.282	5uww	8hug	4.084	P62826
224	5.257	5uww	8itv	5.248	P62826
225	0.815	2xba	2xb7	10.486	Q9UM73
226	0.671	2xba	2yhv	12.011	Q9UM73
227	2.341	2xba	2yjr	11.324	Q9UM73
228	1.346	2xba	2yjs	7.274	Q9UM73
229	0.743	2xba	3aox	19.051	Q9UM73
230	1.156	2xba	3l9p	17.415	Q9UM73
231	1.332	2xba	3lcs	19.326	Q9UM73
232	1.321	2xba	3lct	20.458	Q9UM73
233	0.792	2xba	4anl	11.865	Q9UM73
234	0.889	2xba	4anq	13.209	Q9UM73
235	0.945	2xba	4ans	12.387	Q9UM73
236	1.091	2xba	4ccb	12.762	Q9UM73
237	1.179	2xba	4ccu	12.428	Q9UM73
238	1.035	2xba	4cd0	14.212	Q9UM73
239	1.004	2xba	4cli	15.232	Q9UM73
240	0.916	2xba	4clj	14.219	Q9UM73
241	0.962	2xba	4cmo	15.238	Q9UM73
242	1.077	2xba	4cmt	9.572	Q9UM73
243	0.936	2xba	4cmu	15.247	Q9UM73
244	1.176	2xba	4cnh	7.986	Q9UM73
245	0.895	2xba	4ctb	12.651	Q9UM73
246	1.229	2xba	4ctc	8.014	Q9UM73
247	1.13	2xba	4dce	10.769	Q9UM73
248	0.817	2xba	4fnw	19.761	Q9UM73
249	0.54	2xba	4fnx	9.462	Q9UM73
250	2.545	2xba	4fny	16.486	Q9UM73
251	1.038	2xba	4fnz	9.764	Q9UM73
252	0.744	2xba	4fob	14.316	Q9UM73
253	0.691	2xba	4foc	15.649	Q9UM73
254	0.759	2xba	4fod	21.215	Q9UM73
255	1.062	2xba	4mkc	17.555	Q9UM73
256	5.756	2xba	4tt7	7.076	Q9UM73
257	5.762	2xba	4z55	12.044	Q9UM73
258	1.016	2xba	5a9u	11.645	Q9UM73
259	1.064	2xba	5aa8	10.838	Q9UM73
260	0.887	2xba	5aa9	14.579	Q9UM73
261	0.723	2xba	5aaa	14.568	Q9UM73
262	1.387	2xba	5aab	11.427	Q9UM73
263	1.075	2xba	5aac	11.656	Q9UM73
264	0.901	2xba	5fto	16.664	Q9UM73
265	0.82	2xba	5ftq	14.169	Q9UM73
266	2.138	2xba	5iug	9.673	Q9UM73
267	5.909	2xba	5iuh	9.919	Q9UM73
268	0.762	2xba	5iui	19.004	Q9UM73
269	1.152	2xba	5kz0	14.07	Q9UM73
270	0.814	2xba	6cdt	13.428	Q9UM73
271	1.515	2xba	6e0r	10.223	Q9UM73
272	1.473	2xba	6ebw	10.853	Q9UM73
273	1.508	2xba	6edl	10.488	Q9UM73
274	0.869	2xba	6mx8	8.836	Q9UM73
275	1.133	2xba	7btt	17.947	Q9UM73
276	1.311	2xba	7jy4	10.48	Q9UM73
277	1.229	2xba	7jyr	10.144	Q9UM73
278	4.689	2xba	7jys	7.587	Q9UM73
279	1.19	2xba	7jyt	6.712	Q9UM73
280	0.998	2xba	7r7k	9.343	Q9UM73
281	4.874	2xba	7r7r	9.444	Q9UM73
282	11.742	2xba	8arj	18.928	Q9UM73
283	5.207	6md7	2shp	11.226	Q06124
284	2.534	6md7	4dgp	6.576	Q06124
285	2.435	6md7	4dgx	6.803	Q06124
286	8.283	6md7	4gwf	16.681	Q06124
287	5.482	6md7	4h1o	12.454	Q06124
288	7.939	6md7	4h34	19.082	Q06124
289	9.386	6md7	4nwf	18.433	Q06124
290	6.052	6md7	4nwg	14.261	Q06124
291	3.063	6md7	4ohd	8.965	Q06124
292	3.28	6md7	4ohe	13.003	Q06124
293	2.209	6md7	4ohh	9.517	Q06124
294	2.385	6md7	4ohi	8.239	Q06124
295	2.45	6md7	4ohl	14.777	Q06124
296	3.642	6md7	5bk8	5.934	Q06124
297	2.717	6md7	5ehp	9.509	Q06124
298	8.032	6md7	5ehr	18.523	Q06124
299	10.77	6md7	5i6v	19.716	Q06124
300	10.422	6md7	5ibm	19.522	Q06124
301	11.455	6md7	5ibs	18.389	Q06124
302	5.724	6md7	5xzr	7.784	Q06124
303	6.013	6md7	6atd	16.713	Q06124
304	0.525	6md7	6bmr	12.327	Q06124
305	6.996	6md7	6bmu	19.158	Q06124
306	2.312	6md7	6bmv	15.802	Q06124
307	6.939	6md7	6bmw	18.946	Q06124
308	0.56	6md7	6bmx	13.441	Q06124
309	7.003	6md7	6bmy	19.147	Q06124
310	14.359	6md7	6bn5	22.905	Q06124
311	6.364	6md7	6cmp	13.199	Q06124
312	8.774	6md7	6cmr	18.073	Q06124
313	8.424	6md7	6cms	9.728	Q06124
314	58.631	6md7	6crf	26.329	Q06124
315	11.476	6md7	6crg	20.606	Q06124
316	9.35	6md7	6md9	19.852	Q06124
317	9.343	6md7	6mda	19.853	Q06124
318	2.676	6md7	6mdb	14.34	Q06124
319	8.031	6md7	6mdc	19.214	Q06124
320	5.759	6md7	6mdd	18.394	Q06124
321	2.541	6md7	6wu8	8.318	Q06124
322	8.621	6md7	7emn	17.166	Q06124
323	3.158	6md7	7jvm	15.318	Q06124
324	9.416	6md7	7jvn	19.752	Q06124
325	3.364	6md7	7r75	7.966	Q06124
326	2.767	6md7	7r7d	10.564	Q06124
327	5.586	6md7	7r7i	10.887	Q06124
328	4.685	6md7	7r7l	12.841	Q06124
329	8.548	6md7	7vxg	19.867	Q06124
330	14.234	6md7	7xhq	23.911	Q06124
331	2.972	6md7	8b5y	12.79	Q06124
332	3.996	6md7	8cbh	13.269	Q06124
333	11.23	6md7	8gww	20.078	Q06124
334	2.046	6md7	8rzw	5.189	Q06124
335	2.596	6md7	8rzy	8.024	Q06124
336	2.461	6md7	8s01	11.845	Q06124
337	2.515	6md7	8s04	7.182	Q06124
338	2.656	6md7	8s06	6.707	Q06124
339	2.646	6md7	8s07	7.334	Q06124
340	5.607	6md7	8s0h	10.963	Q06124
341	2.541	6md7	8s0i	7.345	Q06124
342	2.474	6md7	8s0j	8.478	Q06124
343	2.512	6md7	8s0k	9.604	Q06124
344	2.77	6md7	8s0o	11.618	Q06124
345	2.876	6md7	8s0p	5.8	Q06124
346	2.859	6md7	8s0q	7.768	Q06124
347	6.633	6md7	8s0s	8.735	Q06124
348	3.511	6md7	8t6d	7.913	Q06124
349	2.466	6md7	8t6g	10.481	Q06124
350	9.276	6md7	8t7q	12.296	Q06124
351	8.652	6md7	8t8q	6.777	Q06124
352	5.529	6md7	8u7w	7.268	Q06124
353	2.552	6md7	8u7x	10.097	Q06124
354	12.605	6md7	8wfy	17.351	Q06124
355	2.916	6md7	9blg	7.233	Q06124
356	0.96	4u7z	1s9j	5.267	Q02750
357	0.609	4u7z	2p55	5.248	Q02750
358	0.529	4u7z	3dv3	5.484	Q02750
359	0.719	4u7z	3dy7	9.525	Q02750
360	0.659	4u7z	3e8n	0.754	Q02750
361	0.715	4u7z	3eqb	5.242	Q02750
362	1.095	4u7z	3eqc	22.793	Q02750
363	1.286	4u7z	3eqd	22.972	Q02750
364	1.534	4u7z	3eqf	22.976	Q02750
365	1.272	4u7z	3eqg	22.864	Q02750
366	1.252	4u7z	3eqh	22.873	Q02750
367	1.415	4u7z	3eqi	22.981	Q02750
368	0.799	4u7z	3mbl	4.11	Q02750
369	0.811	4u7z	3orn	4.093	Q02750
370	1.054	4u7z	3os3	3.932	Q02750
371	0.81	4u7z	3pp1	4.096	Q02750
372	1.34	4u7z	3sls	20.835	Q02750
373	0.799	4u7z	3v01	5.243	Q02750
374	0.655	4u7z	3v04	5.246	Q02750
375	1.179	4u7z	3vvh	6.304	Q02750
376	1.929	4u7z	3w8q	24.209	Q02750
377	7.393	4u7z	3wig	7.245	Q02750
378	1.812	4u7z	3zls	22.952	Q02750
379	5.844	4u7z	3zlw	22.802	Q02750
380	1.647	4u7z	3zlx	22.84	Q02750
381	6.114	4u7z	3zly	22.588	Q02750
382	1.787	4u7z	3zm4	22.653	Q02750
383	1.738	4u7z	4an2	5.619	Q02750
384	1.301	4u7z	4an3	5.98	Q02750
385	1.306	4u7z	4an9	5.66	Q02750
386	1.239	4u7z	4anb	5.614	Q02750
387	0.734	4u7z	4ark	4.194	Q02750
388	1.084	4u7z	4lmn	4.791	Q02750
389	0.984	4u7z	4mne	6.685	Q02750
390	0.621	4u7z	4u80	5.212	Q02750
391	0.384	4u7z	4u81	5.233	Q02750
392	2.046	4u7z	5bx0	22.978	Q02750
393	7.481	4u7z	5eym	19.998	Q02750
394	1.704	4u7z	5hze	20.983	Q02750
395	1.31	4u7z	5yt3	19.049	Q02750
396	1.117	4u7z	6nyb	12.817	Q02750
397	0.889	4u7z	6pp9	22.861	Q02750
398	12.606	4u7z	6q0j	22.225	Q02750
399	12.607	4u7z	6q0t	22.239	Q02750
400	0.988	4u7z	6u2g	22.347	Q02750
401	1.116	4u7z	6v2w	22.701	Q02750
402	1.311	4u7z	7b3m	22.971	Q02750
403	1.286	4u7z	7b7r	22.922	Q02750
404	1.308	4u7z	7b94	22.957	Q02750
405	1.316	4u7z	7b9l	22.933	Q02750
406	1.041	4u7z	7m0u	22.231	Q02750
407	1.236	4u7z	7m0v	22.37	Q02750
408	0.929	4u7z	7m0x	22.619	Q02750
409	0.998	4u7z	7m0y	22.217	Q02750
410	1.089	4u7z	7m0z	22.41	Q02750
411	2.157	4u7z	7mfd	16.356	Q02750
412	1.904	4u7z	7pqv	22.919	Q02750
413	1.882	4u7z	7xlp	20.91	Q02750
414	4.309	4u7z	7xnc	20.652	Q02750
415	1.397	4u7z	8dgs	23.115	Q02750
416	1.055	4u7z	8dgt	22.22	Q02750
417	12.833	4u7z	8chf	13.637	Q02750
418	11.16	4u7z	9axa	13.864	Q02750
419	11.264	4u7z	9axc	13.919	Q02750
420	5.772	4u7z	9axh	19.605	Q02750
421	0.941	4u7z	9axm	22.661	Q02750
422	1.58	4u7z	9axx	22.313	Q02750
423	1.018	4u7z	9axy	22.676	Q02750
424	3.553	4u7z	9ay7	22.871	Q02750
425	2.903	4u7z	9aya	21.384	Q02750
426	0.926	3fzk	3fzf	3.756	P11142
427	0.96	3fzk	3fzh	1.512	P11142
428	0.525	3fzk	3fzl	0.522	P11142
429	0.366	3fzk	3fzm	4.464	P11142
430	0.767	3fzk	3ldq	4.058	P11142
431	0.833	3fzk	3m3z	4.448	P11142
432	1.503	3fzk	4h5n	7.577	P11142
433	1.678	3fzk	4h5r	7.62	P11142
434	1.391	3fzk	4h5t	7.725	P11142
435	1.254	3fzk	4h5v	7.67	P11142
436	1.444	3fzk	4h5w	7.592	P11142
437	0.931	3fzk	4hwi	6.809	P11142
438	0.852	3fzk	5aqf	7.881	P11142
439	2.675	3fzk	5aqg	8.787	P11142
440	2.598	3fzk	5aqh	7.798	P11142
441	3.691	3fzk	5aqi	7.571	P11142
442	0.998	3fzk	5aqj	7.977	P11142
443	0.805	3fzk	5aqk	12.546	P11142
444	3.56	3fzk	5aql	7.598	P11142
445	3.566	3fzk	5aqm	7.478	P11142
446	2.475	3fzk	5aqn	7.262	P11142
447	2.534	3fzk	5aqo	10.578	P11142
448	1.047	3fzk	5aqp	7.658	P11142
449	0.951	3fzk	5aqq	8.293	P11142
450	0.923	3fzk	5aqr	7.114	P11142
451	0.992	3fzk	5aqs	8.13	P11142
452	0.857	3fzk	5aqt	8.036	P11142
453	2.689	3fzk	5aqu	8.784	P11142
454	0.791	3fzk	5aqv	7.173	P11142
455	1.009	3fzk	6b1i	9.075	P11142
456	1.161	3fzk	6b1n	10.533	P11142
457	1.343	3fzk	6zyj	4.935	P11142
458	2.665	5h0b	1qcf	3.306	P08631
459	2.045	5h0b	2c0i	9.901	P08631
460	1.927	5h0b	2c0o	9.878	P08631
461	8.654	5h0b	3vry	13.507	P08631
462	7.268	5h0b	3vrz	12.629	P08631
463	8.225	5h0b	3vs0	13.288	P08631
464	12.055	5h0b	3vs1	16.031	P08631
465	6.225	5h0b	3vs2	11.646	P08631
466	1.853	5h0b	3vs3	9.072	P08631
467	8.552	5h0b	3vs4	13.371	P08631
468	7.162	5h0b	3vs5	12.605	P08631
469	1.896	5h0b	3vs6	9.088	P08631
470	2.308	5h0b	3vs7	9.987	P08631
471	8.105	5h0b	4lud	15.919	P08631
472	9.893	5h0b	4lue	16.148	P08631
473	0.748	5h0b	5h09	0.915	P08631
474	0.983	5h0b	5h0e	0.859	P08631
475	0.763	5h0b	5h0g	0.741	P08631
476	0.787	5h0b	5h0h	0.754	P08631
477	1.553	4x3p	1j8f	17.77	Q8IXJ6
478	1.481	4x3p	3zgo	19.613	Q8IXJ6
479	2.647	4x3p	3zgv	13.346	Q8IXJ6
480	1.299	4x3p	4l3o	12.46	Q8IXJ6
481	3.924	4x3p	4r8m	14.624	Q8IXJ6
482	0.919	4x3p	4rmg	13.049	Q8IXJ6
483	0.886	4x3p	4rmh	13.602	Q8IXJ6
484	0.827	4x3p	4rmi	19.982	Q8IXJ6
485	1.114	4x3p	4rmj	10.197	Q8IXJ6
486	0.212	4x3p	4x3o	2.225	Q8IXJ6
487	1.19	4x3p	5d7o	10.809	Q8IXJ6
488	1.238	4x3p	5d7p	9.61	Q8IXJ6
489	1.168	4x3p	5d7q	9.611	Q8IXJ6
490	0.922	4x3p	5dy4	12.116	Q8IXJ6
491	0.918	4x3p	5dy5	9.841	Q8IXJ6
492	1.061	4x3p	5fyq	15.801	Q8IXJ6
493	1.033	4x3p	5g4c	8.928	Q8IXJ6
494	1.339	4x3p	5mar	10.215	Q8IXJ6
495	1.253	4x3p	5mat	11.165	Q8IXJ6
496	1.001	4x3p	5yql	12.901	Q8IXJ6
497	0.774	4x3p	5yqm	13.972	Q8IXJ6
498	0.795	4x3p	5yqn	18.08	Q8IXJ6
499	0.788	4x3p	5yqo	18.1	Q8IXJ6
500	0.767	4x3p	6l65	15.777	Q8IXJ6
501	0.573	4x3p	6l66	7.128	Q8IXJ6
502	0.51	4x3p	6l71	5.048	Q8IXJ6
503	0.653	4x3p	6l72	9.691	Q8IXJ6
504	1.03	4x3p	6nr0	10.732	Q8IXJ6
505	1.229	4x3p	6qcn	10.858	Q8IXJ6
506	1.49	4x3p	7t1d	12.531	Q8IXJ6
507	0.8	4x3p	8owz	9.859	Q8IXJ6
508	0.62	4x3p	8tgp	20.127	Q8IXJ6
509	5.265	2x2l	2ivs	9.138	P07949
510	7.572	2x2l	2ivt	6.659	P07949
511	3.702	2x2l	2ivu	8.805	P07949
512	3.736	2x2l	2ivv	13.117	P07949
513	2.74	2x2l	2x2k	5.181	P07949
514	4.175	2x2l	2x2m	9.688	P07949
515	5.061	2x2l	4cki	11.825	P07949
516	5.287	2x2l	4ckj	12.525	P07949
517	10.559	2x2l	5fm2	16.616	P07949
518	10.486	2x2l	5fm3	13.25	P07949
519	7.522	2x2l	6i83	14.19	P07949
520	1.55	2x2l	6ne7	15.373	P07949
521	8.278	2x2l	6nec	14.21	P07949
522	1.68	2x2l	6nja	15.076	P07949
523	10.062	2x2l	6vhg	6.979	P07949
524	8.395	2x2l	7du8	14.335	P07949
525	8.277	2x2l	7du9	14.319	P07949
526	8.378	2x2l	7dua	14.106	P07949
527	8.28	2x2l	7ju6	14.411	P07949
528	5.099	2x2l	7nzn	5.78	P07949
529	9.537	2x2l	7run	7.685	P07949
530	9.331	5ccm	3mek	16.099	Q9H7B4
531	1.775	5ccm	3oxf	5.253	Q9H7B4
532	1.863	5ccm	3oxg	5.253	Q9H7B4
533	1.897	5ccm	3oxl	6.788	Q9H7B4
534	4.857	5ccm	3pdn	7.664	Q9H7B4
535	3.729	5ccm	3qwp	12.413	Q9H7B4
536	7.192	5ccm	3ru0	15.736	Q9H7B4
537	0.743	5ccm	5ccl	0.856	Q9H7B4
538	2.516	5ccm	5ex0	6.792	Q9H7B4
539	2.743	5ccm	5ex3	6.797	Q9H7B4
540	9.286	5ccm	5hi7	16.643	Q9H7B4
541	7.191	5ccm	5hq8	10.976	Q9H7B4
542	0.708	5ccm	5v37	0.688	Q9H7B4
543	6.346	5ccm	5yjo	10.558	Q9H7B4
544	6.401	5ccm	6ijl	11.622	Q9H7B4
545	6.916	5ccm	6o9o	12.18	Q9H7B4
546	6.916	5ccm	6p6g	12.18	Q9H7B4
547	6.261	5ccm	6p6k	15.686	Q9H7B4
548	1.918	5ccm	6p7z	11.339	Q9H7B4
549	6.135	5ccm	6paf	14.598	Q9H7B4
550	0.769	5ccm	6yuh	5.247	Q9H7B4
551	0.711	5ccm	6zrb	5.27	Q9H7B4
552	0.693	5ccm	7bj1	5.256	Q9H7B4
553	0.767	5ccm	7o2a	7.546	Q9H7B4
554	0.697	5ccm	7o2b	7.543	Q9H7B4
555	0.697	5ccm	7o2c	7.561	Q9H7B4
556	0.673	5ccm	7qlb	5.266	Q9H7B4
557	0.765	5ccm	7qnr	5.252	Q9H7B4
558	0.786	5ccm	7qnu	5.258	Q9H7B4
559	0.733	5ccm	8owo	5.266	Q9H7B4
560	3.048	6lwg	1tdh	11.086	Q96FI4
561	2.873	6lwg	4nrv	10.152	Q96FI4
562	3.072	6lwg	5itq	12.346	Q96FI4
563	11.571	6lwg	5itr	7.281	Q96FI4
564	11.652	6lwg	5itt	8.159	Q96FI4
565	11.482	6lwg	5itu	7.433	Q96FI4
566	0.123	6lwg	6lwd	3.046	Q96FI4
567	0.409	6lwg	6lwf	2.454	Q96FI4
568	11.487	6lwg	6lwi	1.557	Q96FI4
569	11.518	6lwg	6lwk	3.312	Q96FI4
570	11.482	6lwg	6lwl	8.286	Q96FI4
571	0.352	6lwg	6lwn	8.133	Q96FI4
572	11.314	6lwg	6lwq	8.274	Q96FI4
573	0.711	6lwg	6lwr	6.176	Q96FI4
574	5.435	7nh5	3o96	11.461	P31749
575	15.452	7nh5	4ejn	20.733	P31749
576	17.172	7nh5	5kcv	23.517	P31749
577	8.97	7nh5	6hhf	10.26	P31749
578	0.682	7nh5	6hhg	10.344	P31749
579	4.728	7nh5	6hhh	13.008	P31749
580	5.239	7nh5	6hhi	13.568	P31749
581	6.661	7nh5	6hhj	20.192	P31749
582	9.138	7nh5	6s9w	21.033	P31749
583	0.898	7nh5	6s9x	8.824	P31749
584	3.756	7nh5	7nh4	10.625	P31749
585	34.521	4a49	1fbv	33.952	P22681
586	31.836	4a49	2k4d	19.37	P22681
587	23.38	4a49	2y1m	37.882	P22681
588	24.918	4a49	2y1n	36.105	P22681
589	10.842	4a49	4a4b	44.661	P22681
590	10.639	4a49	4a4c	44.935	P22681
591	16.681	4a49	5hkx	42.132	P22681
592	26.083	4a49	5j3x	36.75	P22681
593	14.489	4a49	5o76	45.107	P22681
594	3.484	2jbp	1kwp	17.116	P49137
595	1.907	2jbp	2oza	14.522	P49137
596	0.905	2jbp	3gok	5.214	P49137
597	1.288	2jbp	3ka0	15.599	P49137
598	2.982	2jbp	4tyh	13.575	P49137
599	3.851	2jbp	6tca	13.902	P49137
600	3.584	2jbp	8xu4	7.698	P49137
601	1.22	2jbp	8xx1	8.526	P49137
602	3.523	6zvo	2msv	6.873	Q8NB16
603	3.952	6zvo	6d74	8.768	Q8NB16
604	2.933	6zvo	6ux8	5.96	Q8NB16
605	3.062	6zvo	6zle	6.683	Q8NB16
606	2.748	6zvo	6zpr	7.149	Q8NB16
607	1.81	6zvo	6zz1	5.174	Q8NB16
608	2.182	6zvo	7nm2	6.992	Q8NB16
609	2.535	6zvo	7nm4	6.859	Q8NB16
610	2.5	6zvo	7nm5	6.716	Q8NB16
611	18.665	7cm7	6wpk	22.579	Q6SZW1
612	16.794	7cm7	6zfx	15.392	Q6SZW1
613	17.099	7cm7	7anw	16.172	Q6SZW1
614	13.891	7cm7	7cm5	7.95	Q6SZW1
615	11.54	7cm7	7cm6	6.611	Q6SZW1
616	15.739	7cm7	7djt	15.085	Q6SZW1
617	52.837	7cm7	7knq	30.458	Q6SZW1
618	17.174	7cm7	7ld0	10.371	Q6SZW1
619	4.648	7cm7	7qg0	11.725	Q6SZW1
620	8.926	8hlj	3kcz	7.938	Q9UGN5
621	9.017	8hlj	3kjd	14.14	Q9UGN5
622	15.041	8hlj	4pjv	21.97	Q9UGN5
623	8.942	8hlj	4tvj	7.344	Q9UGN5
624	2.155	8hlj	4zzx	7.764	Q9UGN5
625	3.416	8hlj	4zzy	7.908	Q9UGN5
626	19.234	8hlj	7aeo	36.523	Q9UGN5
627	9.138	8hlj	7r59	9.024	Q9UGN5
628	1.534	8hlj	8he8	5.959	Q9UGN5
629	1.298	8hlj	8hko	1.102	Q9UGN5
630	1.38	8hlj	8hks	2.644	Q9UGN5
631	1.72	8hlj	8hlq	1.185	Q9UGN5
632	2.156	5oe7	3znv	16.713	Q96BN8
633	5.051	5oe7	3znx	14.626	Q96BN8
634	0.515	5oe7	3znz	13.746	Q96BN8
635	3.325	5oe7	4ksj	7.202	Q96BN8
636	1.97	5oe7	4ksk	13.874	Q96BN8
637	0.698	5oe7	4ksl	16.139	Q96BN8
638	3.326	5oe7	6i9c	14.211	Q96BN8
639	3.44	5oe7	6sak	16.06	Q96BN8
640	3.642	4coo	4l0d	6.859	P35520
641	5.612	4coo	4l28	6.679	P35520
642	50.552	4coo	4pcu	24.905	P35520
643	4.248	4coo	7qgt	9.396	P35520
644	4.24	4coo	8s5h	6.314	P35520
645	4.253	4coo	8s5i	6.296	P35520
646	4.3	4coo	8s5j	6.347	P35520
647	4.418	4coo	8s5k	6.411	P35520
648	6.81	7zgu	6npy	17.72	Q96P20
649	4.129	7zgu	7pzc	42.496	Q96P20
650	3.085	7zgu	7vtp	16.504	Q96P20
651	79.596	7zgu	8ej4	30.766	Q96P20
652	76.868	7zgu	8swf	28.188	Q96P20
653	3.213	7zgu	8swk	18.497	Q96P20
654	1.858	7zgu	8sxn	17.808	Q96P20
655	13.994	4zh2	4llg	11.409	P00579
656	0.116	4zh2	4lk1	0.078	P00579
657	13.28	4zh2	7khi	26.234	P00579
658	0.042	4zh2	4zh3	0.048	P00579
659	0.041	4zh2	4zh4	0.047	P00579
660	6.589	7yqe	1fmk	6.41	P12931
661	7.174	7yqe	1ksw	3.549	P12931
662	8.674	7yqe	1y57	5.581	P12931
663	5.539	7yqe	2h8h	5.603	P12931
664	5.877	7yqe	2src	3.405	P12931
665	6.014	7yqe	4k11	3.42	P12931
666	11.052	7liu	4pxa	8.228	O00571
667	19.208	7liu	5e7j	20.3	O00571
668	18.571	7liu	5e7m	20.07	O00571
669	15.662	7liu	6cz5	18.932	O00571
670	15.234	7liu	6o5f	26.772	O00571
671	15.058	7liu	8ssw	25.92	O00571
672	9.136	5ezv	5iso	6.913	P54646
673	11.095	5ezv	6b1u	8.032	P54646
674	16.58	5ezv	6b2e	23.659	P54646
675	7.401	5ezv	8bik	8.973	P54646
676	1.741	2a2a	1wmk	6.02	Q9UIK4
677	0.375	2a2a	1z9x	6.175	Q9UIK4
678	1.353	2a2a	2a27	5.975	Q9UIK4
679	0.34	2a2a	2cke	0.587	Q9UIK4
680	1.558	2a2a	6paw	9.338	Q9UIK4
681	16.691	6iil	2ayn	9.295	P54578
682	16.993	6iil	2ayo	18.503	P54578
683	1.851	6iil	6iik	6.493	P54578
684	14.813	6iil	6iim	5.34	P54578
685	4.209	6iil	6iin	7.711	P54578
686	0.429	3fxw	3fhr	6.704	Q16644
687	1.204	3fxw	3r1n	7.041	Q16644
688	3.853	3fxw	3she	6.104	Q16644
689	0.841	3fxw	7nrb	6.713	Q16644
690	1.195	3enm	3fme	19.574	P52564
691	5.143	3enm	3vn9	17.46	P52564
692	2.637	3enm	8a8m	21.737	P52564
693	5.255	3enm	8p7j	11.021	P52564
694	5.233	3enm	8pm3	9.99	P52564
695	3.209	6uqg	5u6o	12.288	O60741
696	1.93	6uqg	5u6p	9.057	O60741
697	1.986	6uqg	6uqf	14.083	O60741
698	4.698	2qr8	2qr7	8.296	P18654
699	0.8	2qr8	4m8t	8.848	P18654
700	0.738	2qr8	4mao	6.935	P18654
701	0.561	2qr8	5o1s	9.812	P18654
702	70.824	6ty4	2j0j	22.907	Q00944
703	68.259	6ty4	2j0k	22.169	Q00944
704	2.192	6ty4	6ty3	14.784	Q00944
705	6.51	1opl	5mo4	15.351	P00519
706	2.721	1opl	8ssn	16.846	P00519
707	30.272	4wxx	3pta	53.958	P26358
708	28.52	4wxx	3swr	53.85	P26358
709	35.58	4wxx	7xi9	54.948	P26358
710	6.779	4kc9	4kbl	24.477	Q9Y4X5
711	7.215	4kc9	5udh	24.608	Q9Y4X5
712	0.591	5vlo	2vn9	9.651	Q13557
713	0.446	5vlo	6ayw	7.822	Q13557
714	3.008	7udp	4ped	7.876	Q8NI60
715	1.15	7udp	5i35	10.442	Q8NI60
716	2.996	7udp	7udq	11.783	Q8NI60
717	3.222	6dat	1md0	7.721	P27577
718	14.84	6dat	1r36	10.721	P27577
719	3.282	6dat	6da1	3.107	P27577
720	6.761	2r09	2r0d	12.862	O08967
721	50.795	2r09	6bbp	22.966	O08967
722	53.114	2r09	6bbq	24.763	O08967
723	11.25	1jxo	1jxm	13.745	P31016
724	11.477	1jxo	1kjw	22.402	P31016
725	5.569	1jxo	5ypr	15.29	P31016
726	1.452	4k7d	4k95	42.684	Q9JK66
727	5.473	4k7d	4zyn	20.608	Q9JK66
728	16.986	4k7d	7us1	11.859	Q9JK66
729	19.481	7nxf	1mhs	41.588	P07038
730	0.0	7nxf	7ny1	0.0	P07038
731	3.415	6gtz	6gtv	1.199	A0A0R4I961
732	2.289	6gtz	6gu0	0.967	A0A0R4I961
733	7.391	2jc6	6t6f	13.366	Q8IU85
734	5.214	4ey0	4fbn	13.33	P19174
735	1.581	3zzw	4gt4	9.991	Q01974
736	0.996	4fg8	4fg9	5.847	Q14012
737	2.996	4fg8	4fgb	15.261	Q14012
738	0.362	2je0	2je1	0.712	P39687
739	1.186	2je0	4xos	1.363	P39687
740	1.516	3aln	3alo	22.054	P45985
741	2.984	8fw9	8fvu	6.419	Q9NPP4
742	1.015	8fw9	8fw2	1.232	Q9NPP4
743	17.544	5dny	3av0	7.383	Q58719
744	0.222	5dny	5f3w	0.29	Q58719
745	0.001	8f2h	8f2i	0.001	P04637
746	11.365	4wzi	4x0f	10.294	Q07343
747	5.4	5upd	6cen	22.681	Q9BZ95
748	13.491	3ky9	6nf1	11.028	P15498
749	2.21	2lqn	2lqw	17.506	P46109
750	11.877	4or9	4ora	3.803	P16298
751	4.759	5lru	5lrv	17.988	Q6GQQ9
752	5.566	1xsz	4c7p	3.681	Q8RT31
753	3.176	2lf7	2lf8	2.192	P97360
754	2.418	3pjw	3pjx	1.447	Q3KK31
755	25.772	4s20	7m8e	10.496	P60240
756	8.558	4fl2	4fl3	12.399	P43405
757	1.089	3lfv	3mf0	12.546	O76074
758	38.56	2j3s	4p3w	51.587	P21333
759	7.005	8gae	8gft	3.546	P53041
760	49.699	4u7p	4u7t	20.833	Q9Y6K1
761	57.658	2b3o	3ps5	31.566	P29350
762	7.309	7lfh	7vtq	12.914	Q8R4B8
763	9.906	4ja7	4ja9	1.523	P53042
764	0.948	7bfk	7bfl	13.587	B5XAZ0
765	53.746	2kb3	2kb4	27.911	Q8NQJ3
