uniprot	pdb	complex_rmsd	1.0_aligned	1.0_comp	1.1_aligned	1.1_comp	1.2_aligned	1.2_comp	2.0_aligned	2.0_comp	2.1_aligned	2.1_comp	2.2_aligned	2.2_comp	2.3_aligned	2.3_comp	region_1	region_2	state	conformation	gt_fn	bioemu_filename	1_aligned	1_comp	2_aligned	2_comp
O08967	2r09	17.358	0	0	3.287	18.465	0.673	63.243	0.765	30.874	0	0	0	0	0	0	251-265,383-395	77-206	Autoinhibited	base	2r09.cif	O08967_bioemu_cluster_0.pdb	1.98	40.854	0.765	30.874
O08967	2r09	8.199	0	0	2.889	9.919	0.462	18.955	0.795	14.901	0	0	0	0	0	0	251-265,383-395	77-206	Autoinhibited	base	2r09.cif	O08967_bioemu_cluster_1.pdb	1.675	14.437	0.795	14.901
O08967	2r09	20.178	0	0	6.261	7.021	0.607	51.27	1.187	33.414	0	0	0	0	0	0	251-265,383-395	77-206	Autoinhibited	base	2r09.cif	O08967_bioemu_cluster_2.pdb	3.434	29.146	1.187	33.414
O08967	2r09	20.136	0	0	5.003	24.549	0.466	67.056	0.755	49.702	0	0	0	0	0	0	251-265,383-395	77-206	Autoinhibited	base	2r09.cif	O08967_bioemu_cluster_3.pdb	2.735	45.802	0.755	49.702
O08967	2r09	17.179	0	0	5.372	35.256	0.71	80.29	0.632	49.282	0	0	0	0	0	0	251-265,383-395	77-206	Autoinhibited	base	2r09.cif	O08967_bioemu_cluster_4.pdb	3.041	57.773	0.632	49.282
O08967	2r09	17.142	0	0	4.042	31.728	0.529	49.204	0.703	27.452	0	0	0	0	0	0	251-265,383-395	77-206	Autoinhibited	base	2r09.cif	O08967_bioemu_cluster_5.pdb	2.285	40.466	0.703	27.452
O08967	2r09	18.586	0	0	3.799	14.928	0.533	40.801	0.764	19.834	0	0	0	0	0	0	251-265,383-395	77-206	Autoinhibited	base	2r09.cif	O08967_bioemu_cluster_6.pdb	2.166	27.864	0.764	19.834
O08967	2r09	7.765	0	0	2.765	14.438	1.312	17.192	0.904	14.293	0	0	0	0	0	0	251-265,383-395	77-206	Autoinhibited	base	2r09.cif	O08967_bioemu_cluster_7.pdb	2.038	15.815	0.904	14.293
O08967	2r09	13.266	0	0	4.264	8.855	0.728	29.683	0.942	31.847	0	0	0	0	0	0	251-265,383-395	77-206	Autoinhibited	base	2r09.cif	O08967_bioemu_cluster_8.pdb	2.496	19.269	0.942	31.847
O08967	2r09	17.172	0	0	5.008	12.8	0.491	53.891	0.826	37.936	0	0	0	0	0	0	251-265,383-395	77-206	Autoinhibited	base	2r09.cif	O08967_bioemu_cluster_9.pdb	2.749	33.346	0.826	37.936
O08967	2r09	13.98	0	0	3.679	20.517	0.75	35.965	0.967	18.204	0	0	0	0	0	0	251-265,383-395	77-206	Autoinhibited	base	2r09.cif	O08967_bioemu_cluster_10.pdb	2.215	28.241	0.967	18.204
O08967	2r09	20.195	0	0	5.319	17.613	0.508	62.872	0.979	44.475	0	0	0	0	0	0	251-265,383-395	77-206	Autoinhibited	base	2r09.cif	O08967_bioemu_cluster_11.pdb	2.913	40.242	0.979	44.475
O08967	2r09	17.29	0	0	4.244	7.245	0.588	43.117	0.868	18.71	0	0	0	0	0	0	251-265,383-395	77-206	Autoinhibited	base	2r09.cif	O08967_bioemu_cluster_12.pdb	2.416	25.181	0.868	18.71
O08967	2r09	18.636	0	0	3.978	33.583	0.644	44.71	0.926	42.802	0	0	0	0	0	0	251-265,383-395	77-206	Autoinhibited	base	2r09.cif	O08967_bioemu_cluster_13.pdb	2.311	39.147	0.926	42.802
O08967	2r09	11.35	0	0	3.907	18.652	0.504	32.609	0.735	14.238	0	0	0	0	0	0	251-265,383-395	77-206	Autoinhibited	base	2r09.cif	O08967_bioemu_cluster_14.pdb	2.205	25.631	0.735	14.238
O08967	2r09	16.465	0	0	5.97	11.732	0.596	26.979	0.915	31.05	0	0	0	0	0	0	251-265,383-395	77-206	Autoinhibited	base	2r09.cif	O08967_bioemu_cluster_15.pdb	3.283	19.355	0.915	31.05
O08967	2r09	13.193	0	0	3.061	19.918	0.582	38.203	1.139	22.643	0	0	0	0	0	0	251-265,383-395	77-206	Autoinhibited	base	2r09.cif	O08967_bioemu_cluster_16.pdb	1.821	29.061	1.139	22.643
O08967	2r09	13.182	0	0	4.736	16.527	0.655	29.494	1.285	31.023	0	0	0	0	0	0	251-265,383-395	77-206	Autoinhibited	base	2r09.cif	O08967_bioemu_cluster_17.pdb	2.696	23.011	1.285	31.023
O08967	2r09	8.352	0	0	3.063	14.027	2.171	16.055	0.793	14.038	0	0	0	0	0	0	251-265,383-395	77-206	Autoinhibited	base	2r09.cif	O08967_bioemu_cluster_18.pdb	2.617	15.041	0.793	14.038
O08967	2r09	17.58	0	0	3.722	19.941	0.882	28.462	0.864	30.124	0	0	0	0	0	0	251-265,383-395	77-206	Autoinhibited	base	2r09.cif	O08967_bioemu_cluster_19.pdb	2.302	24.201	0.864	30.124
O08967	2r09	18.65	0	0	3.057	34.443	0.796	26.673	0.787	34.857	0	0	0	0	0	0	251-265,383-395	77-206	Autoinhibited	base	2r09.cif	O08967_bioemu_cluster_20.pdb	1.926	30.558	0.787	34.857
O08967	6bbq	15.253	0	0	6.298	44.882	0.924	31.56	0.767	48.109	0	0	0	0	0	0	251-265,383-395	77-206	Active	alternate	6bbq.cif	O08967_bioemu_cluster_0.pdb	3.611	38.221	0.767	48.109
O08967	6bbq	23.868	0	0	5.372	44.112	0.691	54.855	0.795	48.756	0	0	0	0	0	0	251-265,383-395	77-206	Active	alternate	6bbq.cif	O08967_bioemu_cluster_1.pdb	3.031	49.483	0.795	48.756
O08967	6bbq	18.202	0	0	7.609	37.733	0.771	59.463	1.182	52.694	0	0	0	0	0	0	251-265,383-395	77-206	Active	alternate	6bbq.cif	O08967_bioemu_cluster_2.pdb	4.19	48.598	1.182	52.694
O08967	6bbq	19.807	0	0	6.729	30.383	0.689	22.791	0.76	68.358	0	0	0	0	0	0	251-265,383-395	77-206	Active	alternate	6bbq.cif	O08967_bioemu_cluster_3.pdb	3.709	26.587	0.76	68.358
O08967	6bbq	19.591	0	0	6.137	25.499	0.739	51.484	0.638	55.934	0	0	0	0	0	0	251-265,383-395	77-206	Active	alternate	6bbq.cif	O08967_bioemu_cluster_4.pdb	3.438	38.492	0.638	55.934
O08967	6bbq	27.41	0	0	5.894	38.386	0.773	33.558	0.704	70.547	0	0	0	0	0	0	251-265,383-395	77-206	Active	alternate	6bbq.cif	O08967_bioemu_cluster_5.pdb	3.333	35.972	0.704	70.547
O08967	6bbq	20.173	0	0	4.938	29.246	0.7	49.217	0.771	55.47	0	0	0	0	0	0	251-265,383-395	77-206	Active	alternate	6bbq.cif	O08967_bioemu_cluster_6.pdb	2.819	39.231	0.771	55.47
O08967	6bbq	24.054	0	0	5.479	40.568	1.515	62.215	0.909	54.885	0	0	0	0	0	0	251-265,383-395	77-206	Active	alternate	6bbq.cif	O08967_bioemu_cluster_7.pdb	3.497	51.392	0.909	54.885
O08967	6bbq	20.195	0	0	5.868	45.59	0.914	62.981	0.941	28.46	0	0	0	0	0	0	251-265,383-395	77-206	Active	alternate	6bbq.cif	O08967_bioemu_cluster_8.pdb	3.391	54.285	0.941	28.46
O08967	6bbq	20.216	0	0	5.07	25.288	0.766	38.451	0.824	47.59	0	0	0	0	0	0	251-265,383-395	77-206	Active	alternate	6bbq.cif	O08967_bioemu_cluster_9.pdb	2.918	31.87	0.824	47.59
O08967	6bbq	24.008	0	0	4.647	30.713	0.889	70.516	0.977	43.68	0	0	0	0	0	0	251-265,383-395	77-206	Active	alternate	6bbq.cif	O08967_bioemu_cluster_10.pdb	2.768	50.615	0.977	43.68
O08967	6bbq	14.373	0	0	6.376	25.542	0.776	37.006	0.983	47.296	0	0	0	0	0	0	251-265,383-395	77-206	Active	alternate	6bbq.cif	O08967_bioemu_cluster_11.pdb	3.576	31.274	0.983	47.296
O08967	6bbq	24.487	0	0	6.222	40.738	0.893	51.136	0.867	63.295	0	0	0	0	0	0	251-265,383-395	77-206	Active	alternate	6bbq.cif	O08967_bioemu_cluster_12.pdb	3.558	45.937	0.867	63.295
O08967	6bbq	20.144	0	0	7.224	45.516	0.91	33.957	0.931	48.149	0	0	0	0	0	0	251-265,383-395	77-206	Active	alternate	6bbq.cif	O08967_bioemu_cluster_13.pdb	4.067	39.736	0.931	48.149
O08967	6bbq	21.284	0	0	5.331	44.083	0.754	49.04	0.734	60.221	0	0	0	0	0	0	251-265,383-395	77-206	Active	alternate	6bbq.cif	O08967_bioemu_cluster_14.pdb	3.043	46.561	0.734	60.221
O08967	6bbq	21.945	0	0	8.101	39.366	0.838	66.769	0.918	43.724	0	0	0	0	0	0	251-265,383-395	77-206	Active	alternate	6bbq.cif	O08967_bioemu_cluster_15.pdb	4.47	53.068	0.918	43.724
O08967	6bbq	24.022	0	0	6.019	44.209	0.788	54.412	1.157	42.394	0	0	0	0	0	0	251-265,383-395	77-206	Active	alternate	6bbq.cif	O08967_bioemu_cluster_16.pdb	3.404	49.311	1.157	42.394
O08967	6bbq	19.528	0	0	6.238	40.53	0.875	57.175	1.296	26.448	0	0	0	0	0	0	251-265,383-395	77-206	Active	alternate	6bbq.cif	O08967_bioemu_cluster_17.pdb	3.557	48.852	1.296	26.448
O08967	6bbq	23.462	0	0	5.824	40.692	2.056	61.797	0.8	47.62	0	0	0	0	0	0	251-265,383-395	77-206	Active	alternate	6bbq.cif	O08967_bioemu_cluster_18.pdb	3.94	51.245	0.8	47.62
O08967	6bbq	24.363	0	0	5.293	38.571	0.901	59.985	0.836	61.176	0	0	0	0	0	0	251-265,383-395	77-206	Active	alternate	6bbq.cif	O08967_bioemu_cluster_19.pdb	3.097	49.278	0.836	61.176
O08967	6bbq	14.898	0	0	7.281	44.674	0.946	60.452	0.797	31.213	0	0	0	0	0	0	251-265,383-395	77-206	Active	alternate	6bbq.cif	O08967_bioemu_cluster_20.pdb	4.114	52.563	0.797	31.213
P00579	4llg	13.222	2.419	66.397	0	0	0	0	0	0	0.616	41.294	2.711	40.346	0	0	2-80	379-449,458-534	Active	base	4llg.cif	P00579_bioemu_cluster_0.pdb	2.419	66.397	1.663	40.82
P00579	7khi	16.726	7.342	74.957	0	0	0	0	0	0	0.657	42.85	3.043	41.98	0	0	2-80	379-449,458-534	Active	alternate	7khi.cif	P00579_bioemu_cluster_0.pdb	7.342	74.957	1.85	42.415
P07038	7ny1	2.942	5.314	7.221	0	0	0	0	1.346	8.606	0	0	0	0	0	0	892-917	562-625	Autoinhibited	base	7ny1.cif	P07038_bioemu_cluster_0.pdb	5.314	7.221	1.346	8.606
P07038	7ny1	18.303	6.433	14.388	0	0	0	0	1.687	22.638	0	0	0	0	0	0	892-917	562-625	Autoinhibited	base	7ny1.cif	P07038_bioemu_cluster_1.pdb	6.433	14.388	1.687	22.638
P07038	1mhs	9.612	3.859	13.64	0	0	0	0	7.285	20.099	0	0	0	0	0	0	892-917	562-625	Active	alternate	1mhs.cif	P07038_bioemu_cluster_0.pdb	3.859	13.64	7.285	20.099
P07038	1mhs	18.311	4.691	16.399	0	0	0	0	7.386	25.655	0	0	0	0	0	0	892-917	562-625	Active	alternate	1mhs.cif	P07038_bioemu_cluster_1.pdb	4.691	16.399	7.386	25.655
P12931	4k11	3.45	0	0	1.238	4.175	0.591	3.719	0	0	0.641	5.179	3.313	13.887	0	0	249-269,151-248	84-145,524-536	Autoinhibited	base	4k11.cif	P12931_bioemu_cluster_0.pdb	0.914	3.947	1.977	9.533
P12931	4k11	18.648	0	0	6.652	47.173	0.796	18.38	0	0	0.819	10.999	3.517	58.117	0	0	249-269,151-248	84-145,524-536	Autoinhibited	base	4k11.cif	P12931_bioemu_cluster_1.pdb	3.724	32.776	2.168	34.558
P12931	4k11	16.204	0	0	4.037	29.815	0.542	27.448	0	0	0.704	7.47	3.07	77.556	0	0	249-269,151-248	84-145,524-536	Autoinhibited	base	4k11.cif	P12931_bioemu_cluster_2.pdb	2.289	28.632	1.887	42.513
P12931	4k11	13.51	0	0	5.213	21.404	0.647	22.739	0	0	0.683	5.813	3.367	47.084	0	0	249-269,151-248	84-145,524-536	Autoinhibited	base	4k11.cif	P12931_bioemu_cluster_3.pdb	2.93	22.072	2.025	26.449
P12931	4k11	4.652	0	0	1.416	7.736	0.596	7.725	0	0	0.705	4.333	2.708	39.893	0	0	249-269,151-248	84-145,524-536	Autoinhibited	base	4k11.cif	P12931_bioemu_cluster_4.pdb	1.006	7.73	1.707	22.113
P12931	4k11	20.577	0	0	7.481	39.158	1.155	22.366	0	0	1.024	15.284	3.905	66.651	0	0	249-269,151-248	84-145,524-536	Autoinhibited	base	4k11.cif	P12931_bioemu_cluster_5.pdb	4.318	30.762	2.465	40.968
P12931	4k11	20.022	0	0	5.345	37.945	0.591	28.63	0	0	0.731	9.945	3.214	76.346	0	0	249-269,151-248	84-145,524-536	Autoinhibited	base	4k11.cif	P12931_bioemu_cluster_6.pdb	2.968	33.288	1.972	43.145
P12931	1y57	24.022	0	0	5.489	41.288	0.918	38.883	0	0	1.397	13.475	3.375	84.365	0	0	249-269,151-248	84-145,524-536	Active	alternate	1y57.cif	P12931_bioemu_cluster_0.pdb	3.204	40.085	2.386	48.92
P12931	1y57	19.698	0	0	5.434	35.944	0.93	54.641	0	0	1.485	14.889	4.833	101.67	0	0	249-269,151-248	84-145,524-536	Active	alternate	1y57.cif	P12931_bioemu_cluster_1.pdb	3.182	45.293	3.159	58.279
P12931	1y57	18.244	0	0	5.35	49.801	0.846	41.673	0	0	1.406	15.114	3.901	88.165	0	0	249-269,151-248	84-145,524-536	Active	alternate	1y57.cif	P12931_bioemu_cluster_2.pdb	3.098	45.737	2.653	51.64
P12931	1y57	14.4	0	0	4.495	51.347	0.903	16.492	0	0	1.44	10.528	3.287	85.048	0	0	249-269,151-248	84-145,524-536	Active	alternate	1y57.cif	P12931_bioemu_cluster_3.pdb	2.699	33.919	2.364	47.788
P12931	1y57	23.711	0	0	5.749	46.386	0.844	42.209	0	0	1.211	12.532	4.331	76.444	0	0	249-269,151-248	84-145,524-536	Active	alternate	1y57.cif	P12931_bioemu_cluster_4.pdb	3.296	44.297	2.771	44.488
P12931	1y57	19.248	0	0	6.446	31.567	1.107	55.225	0	0	1.397	17.566	3.458	86.975	0	0	249-269,151-248	84-145,524-536	Active	alternate	1y57.cif	P12931_bioemu_cluster_5.pdb	3.776	43.396	2.428	52.27
P12931	1y57	21.069	0	0	6.055	35.925	0.841	52.917	0	0	1.367	15.823	4.07	102.213	0	0	249-269,151-248	84-145,524-536	Active	alternate	1y57.cif	P12931_bioemu_cluster_6.pdb	3.448	44.421	2.719	59.018
P21333	2j3s	6.97	6.0	17.484	0	0	0	0	1.661	20.714	0	0	0	0	0	0	2142-2235	2236-2325	Autoinhibited	base	2j3s.cif	P21333_bioemu_cluster_0.pdb	6.0	17.484	1.661	20.714
P21333	2j3s	12.024	12.904	41.842	0	0	0	0	1.734	23.053	0	0	0	0	0	0	2142-2235	2236-2325	Autoinhibited	base	2j3s.cif	P21333_bioemu_cluster_1.pdb	12.904	41.842	1.734	23.053
P21333	2j3s	5.332	5.787	15.063	0	0	0	0	1.626	10.77	0	0	0	0	0	0	2142-2235	2236-2325	Autoinhibited	base	2j3s.cif	P21333_bioemu_cluster_2.pdb	5.787	15.063	1.626	10.77
P21333	2j3s	7.914	6.679	20.43	0	0	0	0	1.697	23.142	0	0	0	0	0	0	2142-2235	2236-2325	Autoinhibited	base	2j3s.cif	P21333_bioemu_cluster_3.pdb	6.679	20.43	1.697	23.142
P21333	2j3s	7.363	4.469	15.497	0	0	0	0	1.616	24.014	0	0	0	0	0	0	2142-2235	2236-2325	Autoinhibited	base	2j3s.cif	P21333_bioemu_cluster_4.pdb	4.469	15.497	1.616	24.014
P21333	2j3s	7.411	7.176	15.525	0	0	0	0	1.679	22.465	0	0	0	0	0	0	2142-2235	2236-2325	Autoinhibited	base	2j3s.cif	P21333_bioemu_cluster_5.pdb	7.176	15.525	1.679	22.465
P21333	2j3s	7.705	6.2	11.961	0	0	0	0	1.753	21.501	0	0	0	0	0	0	2142-2235	2236-2325	Autoinhibited	base	2j3s.cif	P21333_bioemu_cluster_6.pdb	6.2	11.961	1.753	21.501
P21333	2j3s	10.449	7.423	15.766	0	0	0	0	1.64	35.374	0	0	0	0	0	0	2142-2235	2236-2325	Autoinhibited	base	2j3s.cif	P21333_bioemu_cluster_7.pdb	7.423	15.766	1.64	35.374
P21333	2j3s	8.166	6.225	20.801	0	0	0	0	1.713	24.073	0	0	0	0	0	0	2142-2235	2236-2325	Autoinhibited	base	2j3s.cif	P21333_bioemu_cluster_8.pdb	6.225	20.801	1.713	24.073
P21333	4p3w	14.226	4.132	36.379	0	0	0	0	0.825	48.784	0	0	0	0	0	0	2142-2235	2236-2325	Active	alternate	4p3w.cif	P21333_bioemu_cluster_0.pdb	4.132	36.379	0.825	48.784
P21333	4p3w	11.904	3.368	22.931	0	0	0	0	1.01	37.147	0	0	0	0	0	0	2142-2235	2236-2325	Active	alternate	4p3w.cif	P21333_bioemu_cluster_1.pdb	3.368	22.931	1.01	37.147
P21333	4p3w	12.299	4.06	27.119	0	0	0	0	0.73	50.417	0	0	0	0	0	0	2142-2235	2236-2325	Active	alternate	4p3w.cif	P21333_bioemu_cluster_2.pdb	4.06	27.119	0.73	50.417
P21333	4p3w	14.571	4.512	38.682	0	0	0	0	0.915	48.894	0	0	0	0	0	0	2142-2235	2236-2325	Active	alternate	4p3w.cif	P21333_bioemu_cluster_3.pdb	4.512	38.682	0.915	48.894
P21333	4p3w	11.975	3.51	32.781	0	0	0	0	0.764	46.578	0	0	0	0	0	0	2142-2235	2236-2325	Active	alternate	4p3w.cif	P21333_bioemu_cluster_4.pdb	3.51	32.781	0.764	46.578
P21333	4p3w	13.886	3.02	34.574	0	0	0	0	0.799	50.362	0	0	0	0	0	0	2142-2235	2236-2325	Active	alternate	4p3w.cif	P21333_bioemu_cluster_5.pdb	3.02	34.574	0.799	50.362
P21333	4p3w	14.348	2.427	35.453	0	0	0	0	1.11	48.062	0	0	0	0	0	0	2142-2235	2236-2325	Active	alternate	4p3w.cif	P21333_bioemu_cluster_6.pdb	2.427	35.453	1.11	48.062
P21333	4p3w	9.798	3.46	24.602	0	0	0	0	0.915	46.273	0	0	0	0	0	0	2142-2235	2236-2325	Active	alternate	4p3w.cif	P21333_bioemu_cluster_7.pdb	3.46	24.602	0.915	46.273
P21333	4p3w	14.749	4.678	38.585	0	0	0	0	0.89	48.976	0	0	0	0	0	0	2142-2235	2236-2325	Active	alternate	4p3w.cif	P21333_bioemu_cluster_8.pdb	4.678	38.585	0.89	48.976
P22681	4a49	2.92	3.309	3.372	0	0	0	0	2.915	3.857	0	0	0	0	0	0	353-380	381-435	Active	base	4a49.cif	P22681_bioemu_cluster_0.pdb	3.309	3.372	2.915	3.857
P22681	4a49	7.548	6.276	23.933	0	0	0	0	7.428	13.596	0	0	0	0	0	0	353-380	381-435	Active	base	4a49.cif	P22681_bioemu_cluster_1.pdb	6.276	23.933	7.428	13.596
P22681	4a49	2.621	1.757	5.79	0	0	0	0	2.18	3.673	0	0	0	0	0	0	353-380	381-435	Active	base	4a49.cif	P22681_bioemu_cluster_2.pdb	1.757	5.79	2.18	3.673
P22681	4a49	3.002	2.628	6.949	0	0	0	0	1.951	4.736	0	0	0	0	0	0	353-380	381-435	Active	base	4a49.cif	P22681_bioemu_cluster_3.pdb	2.628	6.949	1.951	4.736
P22681	4a49	2.12	1.187	2.642	0	0	0	0	2.309	2.428	0	0	0	0	0	0	353-380	381-435	Active	base	4a49.cif	P22681_bioemu_cluster_4.pdb	1.187	2.642	2.309	2.428
P22681	4a49	2.01	1.609	2.715	0	0	0	0	1.767	2.733	0	0	0	0	0	0	353-380	381-435	Active	base	4a49.cif	P22681_bioemu_cluster_5.pdb	1.609	2.715	1.767	2.733
P22681	4a49	2.134	1.314	5.074	0	0	0	0	2.251	2.035	0	0	0	0	0	0	353-380	381-435	Active	base	4a49.cif	P22681_bioemu_cluster_6.pdb	1.314	5.074	2.251	2.035
P22681	4a49	8.753	2.161	10.988	0	0	0	0	8.834	8.406	0	0	0	0	0	0	353-380	381-435	Active	base	4a49.cif	P22681_bioemu_cluster_7.pdb	2.161	10.988	8.834	8.406
P22681	4a49	2.162	1.594	3.025	0	0	0	0	1.903	3.863	0	0	0	0	0	0	353-380	381-435	Active	base	4a49.cif	P22681_bioemu_cluster_8.pdb	1.594	3.025	1.903	3.863
P22681	4a49	2.041	1.051	4.054	0	0	0	0	1.585	4.034	0	0	0	0	0	0	353-380	381-435	Active	base	4a49.cif	P22681_bioemu_cluster_9.pdb	1.051	4.054	1.585	4.034
P22681	4a49	9.924	5.282	24.612	0	0	0	0	9.687	12.713	0	0	0	0	0	0	353-380	381-435	Active	base	4a49.cif	P22681_bioemu_cluster_10.pdb	5.282	24.612	9.687	12.713
P22681	4a49	3.709	2.16	8.517	0	0	0	0	2.708	5.839	0	0	0	0	0	0	353-380	381-435	Active	base	4a49.cif	P22681_bioemu_cluster_11.pdb	2.16	8.517	2.708	5.839
P22681	4a49	2.17	2.565	5.018	0	0	0	0	1.093	3.778	0	0	0	0	0	0	353-380	381-435	Active	base	4a49.cif	P22681_bioemu_cluster_12.pdb	2.565	5.018	1.093	3.778
P22681	4a49	2.049	2.526	2.377	0	0	0	0	1.98	3.414	0	0	0	0	0	0	353-380	381-435	Active	base	4a49.cif	P22681_bioemu_cluster_13.pdb	2.526	2.377	1.98	3.414
P22681	4a49	1.943	1.311	3.45	0	0	0	0	1.494	3.805	0	0	0	0	0	0	353-380	381-435	Active	base	4a49.cif	P22681_bioemu_cluster_14.pdb	1.311	3.45	1.494	3.805
P22681	4a49	7.711	6.427	21.412	0	0	0	0	3.071	14.07	0	0	0	0	0	0	353-380	381-435	Active	base	4a49.cif	P22681_bioemu_cluster_15.pdb	6.427	21.412	3.071	14.07
P22681	4a49	2.853	1.921	7.108	0	0	0	0	2.114	5.418	0	0	0	0	0	0	353-380	381-435	Active	base	4a49.cif	P22681_bioemu_cluster_16.pdb	1.921	7.108	2.114	5.418
P22681	4a49	3.16	2.31	6.229	0	0	0	0	2.94	5.977	0	0	0	0	0	0	353-380	381-435	Active	base	4a49.cif	P22681_bioemu_cluster_17.pdb	2.31	6.229	2.94	5.977
P22681	4a49	3.217	3.102	6.406	0	0	0	0	1.215	5.665	0	0	0	0	0	0	353-380	381-435	Active	base	4a49.cif	P22681_bioemu_cluster_18.pdb	3.102	6.406	1.215	5.665
P22681	4a49	7.068	4.07	14.824	0	0	0	0	5.391	10.217	0	0	0	0	0	0	353-380	381-435	Active	base	4a49.cif	P22681_bioemu_cluster_19.pdb	4.07	14.824	5.391	10.217
P22681	4a49	7.125	5.853	18.291	0	0	0	0	2.552	13.164	0	0	0	0	0	0	353-380	381-435	Active	base	4a49.cif	P22681_bioemu_cluster_20.pdb	5.853	18.291	2.552	13.164
P22681	4a49	2.047	1.598	3.674	0	0	0	0	1.844	3.337	0	0	0	0	0	0	353-380	381-435	Active	base	4a49.cif	P22681_bioemu_cluster_21.pdb	1.598	3.674	1.844	3.337
P22681	4a49	3.996	1.646	14.45	0	0	0	0	2.316	6.646	0	0	0	0	0	0	353-380	381-435	Active	base	4a49.cif	P22681_bioemu_cluster_22.pdb	1.646	14.45	2.316	6.646
P22681	4a49	2.311	2.189	9.304	0	0	0	0	2.133	3.912	0	0	0	0	0	0	353-380	381-435	Active	base	4a49.cif	P22681_bioemu_cluster_23.pdb	2.189	9.304	2.133	3.912
P22681	4a49	2.323	1.874	4.986	0	0	0	0	1.932	3.577	0	0	0	0	0	0	353-380	381-435	Active	base	4a49.cif	P22681_bioemu_cluster_24.pdb	1.874	4.986	1.932	3.577
P22681	4a49	2.571	2.068	6.137	0	0	0	0	1.981	3.844	0	0	0	0	0	0	353-380	381-435	Active	base	4a49.cif	P22681_bioemu_cluster_25.pdb	2.068	6.137	1.981	3.844
P22681	4a49	2.006	1.38	2.824	0	0	0	0	2.144	1.681	0	0	0	0	0	0	353-380	381-435	Active	base	4a49.cif	P22681_bioemu_cluster_26.pdb	1.38	2.824	2.144	1.681
P22681	4a49	4.606	1.753	12.341	0	0	0	0	2.922	7.953	0	0	0	0	0	0	353-380	381-435	Active	base	4a49.cif	P22681_bioemu_cluster_27.pdb	1.753	12.341	2.922	7.953
P22681	4a49	5.405	5.082	18.807	0	0	0	0	2.093	9.985	0	0	0	0	0	0	353-380	381-435	Active	base	4a49.cif	P22681_bioemu_cluster_28.pdb	5.082	18.807	2.093	9.985
P22681	4a49	3.256	1.617	6.172	0	0	0	0	3.332	4.998	0	0	0	0	0	0	353-380	381-435	Active	base	4a49.cif	P22681_bioemu_cluster_29.pdb	1.617	6.172	3.332	4.998
P22681	4a49	14.711	5.31	18.879	0	0	0	0	14.177	25.798	0	0	0	0	0	0	353-380	381-435	Active	base	4a49.cif	P22681_bioemu_cluster_30.pdb	5.31	18.879	14.177	25.798
P22681	4a49	15.518	5.423	22.025	0	0	0	0	12.988	33.159	0	0	0	0	0	0	353-380	381-435	Active	base	4a49.cif	P22681_bioemu_cluster_31.pdb	5.423	22.025	12.988	33.159
P22681	4a49	4.805	5.24	16.241	0	0	0	0	2.245	8.81	0	0	0	0	0	0	353-380	381-435	Active	base	4a49.cif	P22681_bioemu_cluster_32.pdb	5.24	16.241	2.245	8.81
P22681	4a49	7.36	1.886	14.745	0	0	0	0	6.697	19.563	0	0	0	0	0	0	353-380	381-435	Active	base	4a49.cif	P22681_bioemu_cluster_33.pdb	1.886	14.745	6.697	19.563
P22681	4a49	2.253	1.456	3.427	0	0	0	0	2.238	2.526	0	0	0	0	0	0	353-380	381-435	Active	base	4a49.cif	P22681_bioemu_cluster_34.pdb	1.456	3.427	2.238	2.526
P22681	4a49	2.615	1.898	3.87	0	0	0	0	2.523	4.114	0	0	0	0	0	0	353-380	381-435	Active	base	4a49.cif	P22681_bioemu_cluster_35.pdb	1.898	3.87	2.523	4.114
P22681	4a49	2.544	1.422	5.643	0	0	0	0	2.646	2.565	0	0	0	0	0	0	353-380	381-435	Active	base	4a49.cif	P22681_bioemu_cluster_36.pdb	1.422	5.643	2.646	2.565
P22681	4a49	6.015	3.211	9.679	0	0	0	0	3.076	12.083	0	0	0	0	0	0	353-380	381-435	Active	base	4a49.cif	P22681_bioemu_cluster_37.pdb	3.211	9.679	3.076	12.083
P22681	4a49	11.852	3.573	18.668	0	0	0	0	11.063	25.55	0	0	0	0	0	0	353-380	381-435	Active	base	4a49.cif	P22681_bioemu_cluster_38.pdb	3.573	18.668	11.063	25.55
P22681	4a49	2.362	1.439	4.097	0	0	0	0	2.425	3.546	0	0	0	0	0	0	353-380	381-435	Active	base	4a49.cif	P22681_bioemu_cluster_39.pdb	1.439	4.097	2.425	3.546
P22681	2y1m	12.135	8.788	38.622	0	0	0	0	3.764	21.622	0	0	0	0	0	0	353-380	381-435	Autoinhibited	alternate	2y1m.cif	P22681_bioemu_cluster_0.pdb	8.788	38.622	3.764	21.622
P22681	2y1m	10.989	6.685	33.879	0	0	0	0	7.275	17.006	0	0	0	0	0	0	353-380	381-435	Autoinhibited	alternate	2y1m.cif	P22681_bioemu_cluster_1.pdb	6.685	33.879	7.275	17.006
P22681	2y1m	12.777	9.57	40.024	0	0	0	0	3.127	22.894	0	0	0	0	0	0	353-380	381-435	Autoinhibited	alternate	2y1m.cif	P22681_bioemu_cluster_2.pdb	9.57	40.024	3.127	22.894
P22681	2y1m	11.323	10.373	40.357	0	0	0	0	3.282	20.299	0	0	0	0	0	0	353-380	381-435	Autoinhibited	alternate	2y1m.cif	P22681_bioemu_cluster_3.pdb	10.373	40.357	3.282	20.299
P22681	2y1m	11.194	9.751	38.401	0	0	0	0	3.178	19.847	0	0	0	0	0	0	353-380	381-435	Autoinhibited	alternate	2y1m.cif	P22681_bioemu_cluster_4.pdb	9.751	38.401	3.178	19.847
P22681	2y1m	11.895	8.703	38.118	0	0	0	0	2.841	21.507	0	0	0	0	0	0	353-380	381-435	Autoinhibited	alternate	2y1m.cif	P22681_bioemu_cluster_5.pdb	8.703	38.118	2.841	21.507
P22681	2y1m	12.633	10.071	40.666	0	0	0	0	3.455	22.693	0	0	0	0	0	0	353-380	381-435	Autoinhibited	alternate	2y1m.cif	P22681_bioemu_cluster_6.pdb	10.071	40.666	3.455	22.693
P22681	2y1m	13.597	10.026	38.399	0	0	0	0	10.176	22.392	0	0	0	0	0	0	353-380	381-435	Autoinhibited	alternate	2y1m.cif	P22681_bioemu_cluster_7.pdb	10.026	38.399	10.176	22.392
P22681	2y1m	12.017	8.99	39.65	0	0	0	0	3.533	21.561	0	0	0	0	0	0	353-380	381-435	Autoinhibited	alternate	2y1m.cif	P22681_bioemu_cluster_8.pdb	8.99	39.65	3.533	21.561
P22681	2y1m	11.696	9.278	40.725	0	0	0	0	2.453	21.641	0	0	0	0	0	0	353-380	381-435	Autoinhibited	alternate	2y1m.cif	P22681_bioemu_cluster_9.pdb	9.278	40.725	2.453	21.641
P22681	2y1m	13.59	7.045	25.193	0	0	0	0	10.3	21.443	0	0	0	0	0	0	353-380	381-435	Autoinhibited	alternate	2y1m.cif	P22681_bioemu_cluster_10.pdb	7.045	25.193	10.3	21.443
P22681	2y1m	10.148	9.938	36.401	0	0	0	0	4.142	17.344	0	0	0	0	0	0	353-380	381-435	Autoinhibited	alternate	2y1m.cif	P22681_bioemu_cluster_11.pdb	9.938	36.401	4.142	17.344
P22681	2y1m	11.223	10.614	40.547	0	0	0	0	2.806	20.057	0	0	0	0	0	0	353-380	381-435	Autoinhibited	alternate	2y1m.cif	P22681_bioemu_cluster_12.pdb	10.614	40.547	2.806	20.057
P22681	2y1m	12.248	9.292	40.185	0	0	0	0	3.173	21.984	0	0	0	0	0	0	353-380	381-435	Autoinhibited	alternate	2y1m.cif	P22681_bioemu_cluster_13.pdb	9.292	40.185	3.173	21.984
P22681	2y1m	10.502	9.83	39.277	0	0	0	0	3.152	18.388	0	0	0	0	0	0	353-380	381-435	Autoinhibited	alternate	2y1m.cif	P22681_bioemu_cluster_14.pdb	9.83	39.277	3.152	18.388
P22681	2y1m	13.035	8.799	30.077	0	0	0	0	4.724	22.93	0	0	0	0	0	0	353-380	381-435	Autoinhibited	alternate	2y1m.cif	P22681_bioemu_cluster_15.pdb	8.799	30.077	4.724	22.93
P22681	2y1m	11.514	9.889	37.64	0	0	0	0	3.75	20.353	0	0	0	0	0	0	353-380	381-435	Autoinhibited	alternate	2y1m.cif	P22681_bioemu_cluster_16.pdb	9.889	37.64	3.75	20.353
P22681	2y1m	11.618	9.76	37.728	0	0	0	0	4.044	20.444	0	0	0	0	0	0	353-380	381-435	Autoinhibited	alternate	2y1m.cif	P22681_bioemu_cluster_17.pdb	9.76	37.728	4.044	20.444
P22681	2y1m	10.067	8.422	37.251	0	0	0	0	2.72	18.066	0	0	0	0	0	0	353-380	381-435	Autoinhibited	alternate	2y1m.cif	P22681_bioemu_cluster_18.pdb	8.422	37.251	2.72	18.066
P22681	2y1m	8.574	10.588	41.726	0	0	0	0	3.651	16.372	0	0	0	0	0	0	353-380	381-435	Autoinhibited	alternate	2y1m.cif	P22681_bioemu_cluster_19.pdb	10.588	41.726	3.651	16.372
P22681	2y1m	15.472	9.614	24.99	0	0	0	0	3.375	26.261	0	0	0	0	0	0	353-380	381-435	Autoinhibited	alternate	2y1m.cif	P22681_bioemu_cluster_20.pdb	9.614	24.99	3.375	26.261
P22681	2y1m	11.046	8.957	37.931	0	0	0	0	3.378	19.572	0	0	0	0	0	0	353-380	381-435	Autoinhibited	alternate	2y1m.cif	P22681_bioemu_cluster_21.pdb	8.957	37.931	3.378	19.572
P22681	2y1m	9.755	10.662	36.729	0	0	0	0	2.808	17.57	0	0	0	0	0	0	353-380	381-435	Autoinhibited	alternate	2y1m.cif	P22681_bioemu_cluster_22.pdb	10.662	36.729	2.808	17.57
P22681	2y1m	11.775	9.867	39.533	0	0	0	0	2.626	21.014	0	0	0	0	0	0	353-380	381-435	Autoinhibited	alternate	2y1m.cif	P22681_bioemu_cluster_23.pdb	9.867	39.533	2.626	21.014
P22681	2y1m	12.615	9.662	37.961	0	0	0	0	3.382	22.676	0	0	0	0	0	0	353-380	381-435	Autoinhibited	alternate	2y1m.cif	P22681_bioemu_cluster_24.pdb	9.662	37.961	3.382	22.676
P22681	2y1m	12.04	8.43	36.521	0	0	0	0	2.794	21.798	0	0	0	0	0	0	353-380	381-435	Autoinhibited	alternate	2y1m.cif	P22681_bioemu_cluster_25.pdb	8.43	36.521	2.794	21.798
P22681	2y1m	12.053	9.31	40.032	0	0	0	0	3.175	21.635	0	0	0	0	0	0	353-380	381-435	Autoinhibited	alternate	2y1m.cif	P22681_bioemu_cluster_26.pdb	9.31	40.032	3.175	21.635
P22681	2y1m	13.192	9.946	42.121	0	0	0	0	3.281	23.627	0	0	0	0	0	0	353-380	381-435	Autoinhibited	alternate	2y1m.cif	P22681_bioemu_cluster_27.pdb	9.946	42.121	3.281	23.627
P22681	2y1m	14.074	9.098	34.704	0	0	0	0	1.767	25.881	0	0	0	0	0	0	353-380	381-435	Autoinhibited	alternate	2y1m.cif	P22681_bioemu_cluster_28.pdb	9.098	34.704	1.767	25.881
P22681	2y1m	11.631	9.218	38.853	0	0	0	0	5.051	19.664	0	0	0	0	0	0	353-380	381-435	Autoinhibited	alternate	2y1m.cif	P22681_bioemu_cluster_29.pdb	9.218	38.853	5.051	19.664
P22681	2y1m	16.927	7.947	32.718	0	0	0	0	13.79	25.505	0	0	0	0	0	0	353-380	381-435	Autoinhibited	alternate	2y1m.cif	P22681_bioemu_cluster_30.pdb	7.947	32.718	13.79	25.505
P22681	2y1m	14.339	9.052	30.857	0	0	0	0	12.658	37.943	0	0	0	0	0	0	353-380	381-435	Autoinhibited	alternate	2y1m.cif	P22681_bioemu_cluster_31.pdb	9.052	30.857	12.658	37.943
P22681	2y1m	9.375	8.829	21.01	0	0	0	0	2.026	16.951	0	0	0	0	0	0	353-380	381-435	Autoinhibited	alternate	2y1m.cif	P22681_bioemu_cluster_32.pdb	8.829	21.01	2.026	16.951
P22681	2y1m	13.086	9.677	43.597	0	0	0	0	5.271	30.717	0	0	0	0	0	0	353-380	381-435	Autoinhibited	alternate	2y1m.cif	P22681_bioemu_cluster_33.pdb	9.677	43.597	5.271	30.717
P22681	2y1m	10.934	9.723	38.615	0	0	0	0	3.628	19.216	0	0	0	0	0	0	353-380	381-435	Autoinhibited	alternate	2y1m.cif	P22681_bioemu_cluster_34.pdb	9.723	38.615	3.628	19.216
P22681	2y1m	11.971	8.354	36.23	0	0	0	0	3.413	21.171	0	0	0	0	0	0	353-380	381-435	Autoinhibited	alternate	2y1m.cif	P22681_bioemu_cluster_35.pdb	8.354	36.23	3.413	21.171
P22681	2y1m	11.595	10.214	40.396	0	0	0	0	2.777	20.683	0	0	0	0	0	0	353-380	381-435	Autoinhibited	alternate	2y1m.cif	P22681_bioemu_cluster_36.pdb	10.214	40.396	2.777	20.683
P22681	2y1m	11.545	9.41	34.821	0	0	0	0	4.346	20.279	0	0	0	0	0	0	353-380	381-435	Autoinhibited	alternate	2y1m.cif	P22681_bioemu_cluster_37.pdb	9.41	34.821	4.346	20.279
P22681	2y1m	12.355	7.699	32.914	0	0	0	0	11.099	30.059	0	0	0	0	0	0	353-380	381-435	Autoinhibited	alternate	2y1m.cif	P22681_bioemu_cluster_38.pdb	7.699	32.914	11.099	30.059
P22681	2y1m	12.267	9.71	37.981	0	0	0	0	3.575	21.96	0	0	0	0	0	0	353-380	381-435	Autoinhibited	alternate	2y1m.cif	P22681_bioemu_cluster_39.pdb	9.71	37.981	3.575	21.96
P26358	4wxx	3.708	11.328	37.072	0	0	0	0	2.477	10.066	0	0	0	0	0	0	647-714	1140-1602	Autoinhibited	base	4wxx.cif	P26358_bioemu_cluster_0.pdb	11.328	37.072	2.477	10.066
P26358	7xi9	8.349	1.592	60.839	0	0	0	0	1.572	35.066	0	0	0	0	0	0	647-714	1140-1602	Active	alternate	7xi9.cif	P26358_bioemu_cluster_0.pdb	1.592	60.839	1.572	35.066
P27577	1r36	3.997	0	0	1.051	19.272	2.929	5.07	1.723	5.122	0	0	0	0	0	0	304-310,416-441	335-415	Autoinhibited	base	1r36.cif	P27577_bioemu_cluster_0.pdb	1.99	12.171	1.723	5.122
P27577	1r36	5.426	0	0	1.033	8.443	1.554	3.244	1.841	8.198	0	0	0	0	0	0	304-310,416-441	335-415	Autoinhibited	base	1r36.cif	P27577_bioemu_cluster_1.pdb	1.293	5.843	1.841	8.198
P27577	1r36	4.844	0	0	0.993	19.615	4.414	5.056	2.039	6.444	0	0	0	0	0	0	304-310,416-441	335-415	Autoinhibited	base	1r36.cif	P27577_bioemu_cluster_2.pdb	2.704	12.335	2.039	6.444
P27577	1r36	5.055	0	0	0.919	17.125	6.128	3.555	1.829	7.797	0	0	0	0	0	0	304-310,416-441	335-415	Autoinhibited	base	1r36.cif	P27577_bioemu_cluster_3.pdb	3.524	10.34	1.829	7.797
P27577	1r36	4.503	0	0	3.541	24.357	3.412	4.482	1.559	6.061	0	0	0	0	0	0	304-310,416-441	335-415	Autoinhibited	base	1r36.cif	P27577_bioemu_cluster_4.pdb	3.476	14.419	1.559	6.061
P27577	1r36	4.077	0	0	2.84	16.636	3.828	4.241	1.825	5.716	0	0	0	0	0	0	304-310,416-441	335-415	Autoinhibited	base	1r36.cif	P27577_bioemu_cluster_5.pdb	3.334	10.438	1.825	5.716
P27577	1r36	4.946	0	0	2.72	23.525	2.137	3.699	1.7	6.535	0	0	0	0	0	0	304-310,416-441	335-415	Autoinhibited	base	1r36.cif	P27577_bioemu_cluster_6.pdb	2.429	13.612	1.7	6.535
P27577	1r36	3.638	0	0	1.688	12.986	3.605	2.274	1.865	4.015	0	0	0	0	0	0	304-310,416-441	335-415	Autoinhibited	base	1r36.cif	P27577_bioemu_cluster_7.pdb	2.647	7.63	1.865	4.015
P27577	1r36	4.303	0	0	1.4	14.462	2.253	3.876	1.708	4.724	0	0	0	0	0	0	304-310,416-441	335-415	Autoinhibited	base	1r36.cif	P27577_bioemu_cluster_8.pdb	1.827	9.169	1.708	4.724
P27577	1r36	4.554	0	0	0.499	15.322	3.405	3.443	1.705	5.066	0	0	0	0	0	0	304-310,416-441	335-415	Autoinhibited	base	1r36.cif	P27577_bioemu_cluster_9.pdb	1.952	9.383	1.705	5.066
P27577	1r36	4.559	0	0	2.207	17.139	2.248	4.982	1.982	4.318	0	0	0	0	0	0	304-310,416-441	335-415	Autoinhibited	base	1r36.cif	P27577_bioemu_cluster_10.pdb	2.228	11.06	1.982	4.318
P27577	1r36	3.468	0	0	1.045	10.588	2.131	4.679	1.744	3.592	0	0	0	0	0	0	304-310,416-441	335-415	Autoinhibited	base	1r36.cif	P27577_bioemu_cluster_11.pdb	1.588	7.633	1.744	3.592
P27577	1r36	4.56	0	0	1.056	14.021	6.65	4.805	1.676	7.454	0	0	0	0	0	0	304-310,416-441	335-415	Autoinhibited	base	1r36.cif	P27577_bioemu_cluster_12.pdb	3.853	9.413	1.676	7.454
P27577	1r36	4.417	0	0	0.805	17.514	2.775	10.772	1.752	5.46	0	0	0	0	0	0	304-310,416-441	335-415	Autoinhibited	base	1r36.cif	P27577_bioemu_cluster_13.pdb	1.79	14.143	1.752	5.46
P27577	1md0	6.338	0	0	0.945	25.928	1.06	2.017	0.706	11.911	0	0	0	0	0	0	304-310,416-441	335-415	Active	alternate	1md0.cif	P27577_bioemu_cluster_0.pdb	1.002	13.973	0.706	11.911
P27577	1md0	5.58	0	0	0.874	42.274	1.463	2.213	0.9	10.591	0	0	0	0	0	0	304-310,416-441	335-415	Active	alternate	1md0.cif	P27577_bioemu_cluster_1.pdb	1.169	22.244	0.9	10.591
P27577	1md0	5.945	0	0	0.686	25.982	0.982	1.599	1.138	11.684	0	0	0	0	0	0	304-310,416-441	335-415	Active	alternate	1md0.cif	P27577_bioemu_cluster_2.pdb	0.834	13.79	1.138	11.684
P27577	1md0	5.628	0	0	0.732	32.119	1.331	1.633	0.782	11.286	0	0	0	0	0	0	304-310,416-441	335-415	Active	alternate	1md0.cif	P27577_bioemu_cluster_3.pdb	1.031	16.876	0.782	11.286
P27577	1md0	5.522	0	0	3.49	23.937	0.772	2.04	0.867	10.75	0	0	0	0	0	0	304-310,416-441	335-415	Active	alternate	1md0.cif	P27577_bioemu_cluster_4.pdb	2.131	12.989	0.867	10.75
P27577	1md0	6.286	0	0	3.01	29.647	0.985	2.105	0.921	12.754	0	0	0	0	0	0	304-310,416-441	335-415	Active	alternate	1md0.cif	P27577_bioemu_cluster_5.pdb	1.997	15.876	0.921	12.754
P27577	1md0	5.277	0	0	2.653	30.717	1.239	1.489	0.871	9.323	0	0	0	0	0	0	304-310,416-441	335-415	Active	alternate	1md0.cif	P27577_bioemu_cluster_6.pdb	1.946	16.103	0.871	9.323
P27577	1md0	6.613	0	0	1.248	36.518	1.162	2.549	1.251	12.834	0	0	0	0	0	0	304-310,416-441	335-415	Active	alternate	1md0.cif	P27577_bioemu_cluster_7.pdb	1.205	19.534	1.251	12.834
P27577	1md0	6.036	0	0	0.929	29.399	1.303	3.933	0.92	11.957	0	0	0	0	0	0	304-310,416-441	335-415	Active	alternate	1md0.cif	P27577_bioemu_cluster_8.pdb	1.116	16.666	0.92	11.957
P27577	1md0	6.6	0	0	0.428	28.363	1.146	3.244	1.425	13.088	0	0	0	0	0	0	304-310,416-441	335-415	Active	alternate	1md0.cif	P27577_bioemu_cluster_9.pdb	0.787	15.803	1.425	13.088
P27577	1md0	6.799	0	0	2.212	31.253	1.236	2.386	0.888	12.067	0	0	0	0	0	0	304-310,416-441	335-415	Active	alternate	1md0.cif	P27577_bioemu_cluster_10.pdb	1.724	16.82	0.888	12.067
P27577	1md0	6.462	0	0	0.828	32.088	1.52	1.539	0.924	12.734	0	0	0	0	0	0	304-310,416-441	335-415	Active	alternate	1md0.cif	P27577_bioemu_cluster_11.pdb	1.174	16.814	0.924	12.734
P27577	1md0	6.072	0	0	0.795	34.973	1.544	3.929	0.782	11.976	0	0	0	0	0	0	304-310,416-441	335-415	Active	alternate	1md0.cif	P27577_bioemu_cluster_12.pdb	1.169	19.451	0.782	11.976
P27577	1md0	6.522	0	0	0.578	26.834	1.587	1.065	0.776	13.053	0	0	0	0	0	0	304-310,416-441	335-415	Active	alternate	1md0.cif	P27577_bioemu_cluster_13.pdb	1.083	13.95	0.776	13.053
P28482	4qp2	2.104	2.95	6.178	0	0	0	0	0	0	1.227	6.216	0.891	6.27	0	0	173-196	25-172,197-313	Active	base	4qp2.cif	P28482_bioemu_cluster_0.pdb	2.95	6.178	1.059	6.243
P28482	4qp2	1.604	3.107	3.414	0	0	0	0	0	0	1.339	4.115	0.944	3.813	0	0	173-196	25-172,197-313	Active	base	4qp2.cif	P28482_bioemu_cluster_1.pdb	3.107	3.414	1.141	3.964
P28482	6slg	2.286	2.97	7.033	0	0	0	0	0	0	0.998	5.898	1.065	6.803	0	0	173-196	25-172,197-313	Autoinhibited	alternate	6slg.cif	P28482_bioemu_cluster_0.pdb	2.97	7.033	1.031	6.351
P28482	6slg	2.158	3.587	8.356	0	0	0	0	0	0	1.339	6.403	1.165	5.411	0	0	173-196	25-172,197-313	Autoinhibited	alternate	6slg.cif	P28482_bioemu_cluster_1.pdb	3.587	8.356	1.252	5.907
P29350	3ps5	2.142	1.8	5.365	0	0	0	0	0.785	5.33	0	0	0	0	0	0	1-105	244-515	Active	base	3ps5.cif	P29350_bioemu_cluster_0.pdb	1.8	5.365	0.785	5.33
P29350	3ps5	22.923	1.52	68.396	0	0	0	0	0.77	61.488	0	0	0	0	0	0	1-105	244-515	Active	base	3ps5.cif	P29350_bioemu_cluster_1.pdb	1.52	68.396	0.77	61.488
P29350	3ps5	21.062	4.238	75.504	0	0	0	0	0.819	48.616	0	0	0	0	0	0	1-105	244-515	Active	base	3ps5.cif	P29350_bioemu_cluster_2.pdb	4.238	75.504	0.819	48.616
P29350	2b3o	22.661	1.849	64.919	0	0	0	0	0.983	57.719	0	0	0	0	0	0	1-105	244-515	Autoinhibited	alternate	2b3o.cif	P29350_bioemu_cluster_0.pdb	1.849	64.919	0.983	57.719
P29350	2b3o	21.607	1.808	53.966	0	0	0	0	0.927	57.823	0	0	0	0	0	0	1-105	244-515	Autoinhibited	alternate	2b3o.cif	P29350_bioemu_cluster_1.pdb	1.808	53.966	0.927	57.823
P29350	2b3o	16.632	4.489	36.604	0	0	0	0	0.939	26.9	0	0	0	0	0	0	1-105	244-515	Autoinhibited	alternate	2b3o.cif	P29350_bioemu_cluster_2.pdb	4.489	36.604	0.939	26.9
P35520	4pcu	17.126	3.233	42.365	0	0	0	0	2.901	36.282	0	0	0	0	0	0	414-551	40-413	Active	base	4pcu.cif	P35520_bioemu_cluster_0.pdb	3.233	42.365	2.901	36.282
P35520	4l28	8.957	2.494	24.83	0	0	0	0	2.264	27.019	0	0	0	0	0	0	414-551	40-413	Autoinhibited	alternate	4l28.cif	P35520_bioemu_cluster_0.pdb	2.494	24.83	2.264	27.019
P53042	4ja9	1.475	1.212	4.366	0	0	0	0	0	0	0.701	12.173	0.598	3.084	0	0	28-129	495-499,200-494	Active	base	4ja9.cif	P53042_bioemu_cluster_0.pdb	1.212	4.366	0.649	7.628
P53042	4ja7	1.763	0.93	5.8	0	0	0	0	0	0	1.474	23.356	0.586	3.468	0	0	28-129	495-499,200-494	Autoinhibited	alternate	4ja7.cif	P53042_bioemu_cluster_0.pdb	0.93	5.8	1.03	13.412
P60240	7m8e	6.38	1.129	26.638	0	0	0	0	0	0	3.904	12.227	1.332	16.61	0	0	1-110	147-416,441-659	Active	base	7m8e.cif	P60240_bioemu_cluster_0.pdb	1.129	26.638	2.618	14.418
P60240	7m8e	15.683	1.305	49.748	0	0	0	0	0	0	2.975	30.942	1.358	83.092	0	0	1-110	147-416,441-659	Active	base	7m8e.cif	P60240_bioemu_cluster_1.pdb	1.305	49.748	2.167	57.017
P60240	7m8e	13.931	1.036	33.383	0	0	0	0	0	0	3.486	16.106	1.348	28.817	0	0	1-110	147-416,441-659	Active	base	7m8e.cif	P60240_bioemu_cluster_2.pdb	1.036	33.383	2.417	22.462
P60240	7m8e	14.724	1.108	40.33	0	0	0	0	0	0	2.443	8.675	1.381	75.402	0	0	1-110	147-416,441-659	Active	base	7m8e.cif	P60240_bioemu_cluster_3.pdb	1.108	40.33	1.912	42.038
P60240	7m8e	28.801	1.044	65.234	0	0	0	0	0	0	4.969	13.922	1.449	126.491	0	0	1-110	147-416,441-659	Active	base	7m8e.cif	P60240_bioemu_cluster_4.pdb	1.044	65.234	3.209	70.207
P60240	4s20	14.336	2.253	62.861	0	0	0	0	0	0	4.071	34.063	2.059	36.03	0	0	1-110	147-416,441-659	Autoinhibited	alternate	4s20.cif	P60240_bioemu_cluster_0.pdb	2.253	62.861	3.065	35.047
P60240	4s20	20.578	2.397	57.176	0	0	0	0	0	0	3.99	35.065	2.007	72.075	0	0	1-110	147-416,441-659	Autoinhibited	alternate	4s20.cif	P60240_bioemu_cluster_1.pdb	2.397	57.176	2.998	53.57
P60240	4s20	16.663	2.119	67.247	0	0	0	0	0	0	3.933	29.542	2.037	28.829	0	0	1-110	147-416,441-659	Autoinhibited	alternate	4s20.cif	P60240_bioemu_cluster_2.pdb	2.119	67.247	2.985	29.186
P60240	4s20	16.055	2.287	49.598	0	0	0	0	0	0	3.046	30.59	2.048	61.088	0	0	1-110	147-416,441-659	Autoinhibited	alternate	4s20.cif	P60240_bioemu_cluster_3.pdb	2.287	49.598	2.547	45.839
P60240	4s20	27.355	2.386	41.719	0	0	0	0	0	0	5.083	27.99	2.115	108.361	0	0	1-110	147-416,441-659	Autoinhibited	alternate	4s20.cif	P60240_bioemu_cluster_4.pdb	2.386	41.719	3.599	68.175
P62826	1rrp	17.818	9.076	29.735	0	0	0	0	2.439	43.425	0	0	0	0	0	0	179-216	10-169	Active	base	1rrp.cif	P62826_bioemu_cluster_0.pdb	9.076	29.735	2.439	43.425
P62826	1rrp	11.976	6.466	33.32	0	0	0	0	3.641	28.337	0	0	0	0	0	0	179-216	10-169	Active	base	1rrp.cif	P62826_bioemu_cluster_1.pdb	6.466	33.32	3.641	28.337
P62826	1rrp	14.204	10.135	44.23	0	0	0	0	4.454	33.405	0	0	0	0	0	0	179-216	10-169	Active	base	1rrp.cif	P62826_bioemu_cluster_2.pdb	10.135	44.23	4.454	33.405
P62826	1rrp	17.472	4.866	35.705	0	0	0	0	2.427	42.646	0	0	0	0	0	0	179-216	10-169	Active	base	1rrp.cif	P62826_bioemu_cluster_3.pdb	4.866	35.705	2.427	42.646
P62826	1rrp	17.555	7.997	29.839	0	0	0	0	1.508	42.988	0	0	0	0	0	0	179-216	10-169	Active	base	1rrp.cif	P62826_bioemu_cluster_4.pdb	7.997	29.839	1.508	42.988
P62826	1rrp	17.554	8.461	28.849	0	0	0	0	1.747	42.991	0	0	0	0	0	0	179-216	10-169	Active	base	1rrp.cif	P62826_bioemu_cluster_5.pdb	8.461	28.849	1.747	42.991
P62826	1rrp	17.609	8.616	30.127	0	0	0	0	1.996	43.146	0	0	0	0	0	0	179-216	10-169	Active	base	1rrp.cif	P62826_bioemu_cluster_6.pdb	8.616	30.127	1.996	43.146
P62826	1rrp	19.073	8.75	28.929	0	0	0	0	5.44	45.298	0	0	0	0	0	0	179-216	10-169	Active	base	1rrp.cif	P62826_bioemu_cluster_7.pdb	8.75	28.929	5.44	45.298
P62826	1rrp	17.939	10.368	29.185	0	0	0	0	5.083	42.683	0	0	0	0	0	0	179-216	10-169	Active	base	1rrp.cif	P62826_bioemu_cluster_8.pdb	10.368	29.185	5.083	42.683
P62826	1rrp	18.58	9.713	27.853	0	0	0	0	2.202	45.586	0	0	0	0	0	0	179-216	10-169	Active	base	1rrp.cif	P62826_bioemu_cluster_9.pdb	9.713	27.853	2.202	45.586
P62826	1rrp	18.083	6.923	30.637	0	0	0	0	5.75	42.523	0	0	0	0	0	0	179-216	10-169	Active	base	1rrp.cif	P62826_bioemu_cluster_10.pdb	6.923	30.637	5.75	42.523
P62826	1rrp	18.072	7.857	27.778	0	0	0	0	2.237	44.123	0	0	0	0	0	0	179-216	10-169	Active	base	1rrp.cif	P62826_bioemu_cluster_11.pdb	7.857	27.778	2.237	44.123
P62826	1rrp	16.501	7.987	29.126	0	0	0	0	3.082	39.977	0	0	0	0	0	0	179-216	10-169	Active	base	1rrp.cif	P62826_bioemu_cluster_12.pdb	7.987	29.126	3.082	39.977
P62826	1rrp	16.985	7.957	32.321	0	0	0	0	2.765	41.397	0	0	0	0	0	0	179-216	10-169	Active	base	1rrp.cif	P62826_bioemu_cluster_13.pdb	7.957	32.321	2.765	41.397
P62826	1rrp	13.608	5.721	28.412	0	0	0	0	5.406	31.341	0	0	0	0	0	0	179-216	10-169	Active	base	1rrp.cif	P62826_bioemu_cluster_14.pdb	5.721	28.412	5.406	31.341
P62826	1rrp	18.53	8.576	31.877	0	0	0	0	2.594	45.202	0	0	0	0	0	0	179-216	10-169	Active	base	1rrp.cif	P62826_bioemu_cluster_15.pdb	8.576	31.877	2.594	45.202
P62826	1rrp	17.657	7.886	29.29	0	0	0	0	3.794	42.631	0	0	0	0	0	0	179-216	10-169	Active	base	1rrp.cif	P62826_bioemu_cluster_16.pdb	7.886	29.29	3.794	42.631
P62826	1rrp	18.146	7.585	29.035	0	0	0	0	2.011	44.302	0	0	0	0	0	0	179-216	10-169	Active	base	1rrp.cif	P62826_bioemu_cluster_17.pdb	7.585	29.035	2.011	44.302
P62826	1rrp	19.37	5.191	26.609	0	0	0	0	4.949	46.278	0	0	0	0	0	0	179-216	10-169	Active	base	1rrp.cif	P62826_bioemu_cluster_18.pdb	5.191	26.609	4.949	46.278
P62826	1rrp	18.452	5.973	28.106	0	0	0	0	3.351	44.725	0	0	0	0	0	0	179-216	10-169	Active	base	1rrp.cif	P62826_bioemu_cluster_19.pdb	5.973	28.106	3.351	44.725
P62826	1rrp	14.381	3.96	24.663	0	0	0	0	6.295	32.381	0	0	0	0	0	0	179-216	10-169	Active	base	1rrp.cif	P62826_bioemu_cluster_20.pdb	3.96	24.663	6.295	32.381
P62826	1rrp	17.829	7.717	26.399	0	0	0	0	3.425	43.061	0	0	0	0	0	0	179-216	10-169	Active	base	1rrp.cif	P62826_bioemu_cluster_21.pdb	7.717	26.399	3.425	43.061
P62826	1rrp	18.177	9.429	30.314	0	0	0	0	3.377	44.011	0	0	0	0	0	0	179-216	10-169	Active	base	1rrp.cif	P62826_bioemu_cluster_22.pdb	9.429	30.314	3.377	44.011
P62826	1rrp	17.823	6.948	29.485	0	0	0	0	3.474	43.2	0	0	0	0	0	0	179-216	10-169	Active	base	1rrp.cif	P62826_bioemu_cluster_23.pdb	6.948	29.485	3.474	43.2
P62826	1rrp	18.32	8.43	28.911	0	0	0	0	3.157	44.367	0	0	0	0	0	0	179-216	10-169	Active	base	1rrp.cif	P62826_bioemu_cluster_24.pdb	8.43	28.911	3.157	44.367
P62826	1rrp	17.567	8.057	29.192	0	0	0	0	6.785	40.623	0	0	0	0	0	0	179-216	10-169	Active	base	1rrp.cif	P62826_bioemu_cluster_25.pdb	8.057	29.192	6.785	40.623
P62826	1rrp	17.497	3.955	21.9	0	0	0	0	2.836	43.02	0	0	0	0	0	0	179-216	10-169	Active	base	1rrp.cif	P62826_bioemu_cluster_26.pdb	3.955	21.9	2.836	43.02
P62826	1rrp	18.142	7.81	29.254	0	0	0	0	4.252	43.322	0	0	0	0	0	0	179-216	10-169	Active	base	1rrp.cif	P62826_bioemu_cluster_27.pdb	7.81	29.254	4.252	43.322
P62826	1rrp	17.998	9.786	30.711	0	0	0	0	2.19	44.021	0	0	0	0	0	0	179-216	10-169	Active	base	1rrp.cif	P62826_bioemu_cluster_28.pdb	9.786	30.711	2.19	44.021
P62826	1rrp	16.072	10.103	36.133	0	0	0	0	1.97	39.311	0	0	0	0	0	0	179-216	10-169	Active	base	1rrp.cif	P62826_bioemu_cluster_29.pdb	10.103	36.133	1.97	39.311
P62826	3gj7	3.788	2.342	6.48	0	0	0	0	3.948	3.656	0	0	0	0	0	0	179-216	10-169	Autoinhibited	alternate	3gj7.cif	P62826_bioemu_cluster_0.pdb	2.342	6.48	3.948	3.656
P62826	3gj7	10.725	5.634	23.952	0	0	0	0	2.967	26.955	0	0	0	0	0	0	179-216	10-169	Autoinhibited	alternate	3gj7.cif	P62826_bioemu_cluster_1.pdb	5.634	23.952	2.967	26.955
P62826	3gj7	10.739	6.206	33.221	0	0	0	0	4.384	25.796	0	0	0	0	0	0	179-216	10-169	Autoinhibited	alternate	3gj7.cif	P62826_bioemu_cluster_2.pdb	6.206	33.221	4.384	25.796
P62826	3gj7	14.001	6.564	25.797	0	0	0	0	3.553	35.277	0	0	0	0	0	0	179-216	10-169	Autoinhibited	alternate	3gj7.cif	P62826_bioemu_cluster_3.pdb	6.564	25.797	3.553	35.277
P62826	3gj7	3.971	2.744	6.499	0	0	0	0	4.18	3.215	0	0	0	0	0	0	179-216	10-169	Autoinhibited	alternate	3gj7.cif	P62826_bioemu_cluster_4.pdb	2.744	6.499	4.18	3.215
P62826	3gj7	4.291	1.53	5.653	0	0	0	0	4.591	2.876	0	0	0	0	0	0	179-216	10-169	Autoinhibited	alternate	3gj7.cif	P62826_bioemu_cluster_5.pdb	1.53	5.653	4.591	2.876
P62826	3gj7	3.579	1.531	5.301	0	0	0	0	3.867	2.108	0	0	0	0	0	0	179-216	10-169	Autoinhibited	alternate	3gj7.cif	P62826_bioemu_cluster_6.pdb	1.531	5.301	3.867	2.108
P62826	3gj7	2.533	1.667	5.393	0	0	0	0	2.192	4.181	0	0	0	0	0	0	179-216	10-169	Autoinhibited	alternate	3gj7.cif	P62826_bioemu_cluster_7.pdb	1.667	5.393	2.192	4.181
P62826	3gj7	2.946	2.002	4.813	0	0	0	0	2.941	3.251	0	0	0	0	0	0	179-216	10-169	Autoinhibited	alternate	3gj7.cif	P62826_bioemu_cluster_8.pdb	2.002	4.813	2.941	3.251
P62826	3gj7	4.032	3.04	7.833	0	0	0	0	3.918	5.387	0	0	0	0	0	0	179-216	10-169	Autoinhibited	alternate	3gj7.cif	P62826_bioemu_cluster_9.pdb	3.04	7.833	3.918	5.387
P62826	3gj7	3.222	2.984	7.226	0	0	0	0	2.765	5.176	0	0	0	0	0	0	179-216	10-169	Autoinhibited	alternate	3gj7.cif	P62826_bioemu_cluster_10.pdb	2.984	7.226	2.765	5.176
P62826	3gj7	3.673	2.613	4.995	0	0	0	0	3.941	2.695	0	0	0	0	0	0	179-216	10-169	Autoinhibited	alternate	3gj7.cif	P62826_bioemu_cluster_11.pdb	2.613	4.995	3.941	2.695
P62826	3gj7	3.428	2.723	6.307	0	0	0	0	3.044	5.408	0	0	0	0	0	0	179-216	10-169	Autoinhibited	alternate	3gj7.cif	P62826_bioemu_cluster_12.pdb	2.723	6.307	3.044	5.408
P62826	3gj7	6.685	4.105	16.124	0	0	0	0	5.165	12.394	0	0	0	0	0	0	179-216	10-169	Autoinhibited	alternate	3gj7.cif	P62826_bioemu_cluster_13.pdb	4.105	16.124	5.165	12.394
P62826	3gj7	11.104	3.301	21.719	0	0	0	0	2.251	28.307	0	0	0	0	0	0	179-216	10-169	Autoinhibited	alternate	3gj7.cif	P62826_bioemu_cluster_14.pdb	3.301	21.719	2.251	28.307
P62826	3gj7	4.684	2.861	11.83	0	0	0	0	3.68	8.868	0	0	0	0	0	0	179-216	10-169	Autoinhibited	alternate	3gj7.cif	P62826_bioemu_cluster_15.pdb	2.861	11.83	3.68	8.868
P62826	3gj7	4.407	2.23	5.316	0	0	0	0	4.743	2.782	0	0	0	0	0	0	179-216	10-169	Autoinhibited	alternate	3gj7.cif	P62826_bioemu_cluster_16.pdb	2.23	5.316	4.743	2.782
P62826	3gj7	3.664	0.996	4.296	0	0	0	0	3.999	2.717	0	0	0	0	0	0	179-216	10-169	Autoinhibited	alternate	3gj7.cif	P62826_bioemu_cluster_17.pdb	0.996	4.296	3.999	2.717
P62826	3gj7	5.907	5.843	9.671	0	0	0	0	3.282	13.236	0	0	0	0	0	0	179-216	10-169	Autoinhibited	alternate	3gj7.cif	P62826_bioemu_cluster_18.pdb	5.843	9.671	3.282	13.236
P62826	3gj7	3.73	3.444	4.506	0	0	0	0	3.598	4.653	0	0	0	0	0	0	179-216	10-169	Autoinhibited	alternate	3gj7.cif	P62826_bioemu_cluster_19.pdb	3.444	4.506	3.598	4.653
P62826	3gj7	14.577	4.461	25.463	0	0	0	0	3.097	36.959	0	0	0	0	0	0	179-216	10-169	Autoinhibited	alternate	3gj7.cif	P62826_bioemu_cluster_20.pdb	4.461	25.463	3.097	36.959
P62826	3gj7	2.782	3.75	7.714	0	0	0	0	2.234	4.908	0	0	0	0	0	0	179-216	10-169	Autoinhibited	alternate	3gj7.cif	P62826_bioemu_cluster_21.pdb	3.75	7.714	2.234	4.908
P62826	3gj7	3.072	2.861	4.057	0	0	0	0	3.062	3.751	0	0	0	0	0	0	179-216	10-169	Autoinhibited	alternate	3gj7.cif	P62826_bioemu_cluster_22.pdb	2.861	4.057	3.062	3.751
P62826	3gj7	2.857	2.65	5.012	0	0	0	0	2.814	3.623	0	0	0	0	0	0	179-216	10-169	Autoinhibited	alternate	3gj7.cif	P62826_bioemu_cluster_23.pdb	2.65	5.012	2.814	3.623
P62826	3gj7	3.286	2.117	6.554	0	0	0	0	3.067	4.976	0	0	0	0	0	0	179-216	10-169	Autoinhibited	alternate	3gj7.cif	P62826_bioemu_cluster_24.pdb	2.117	6.554	3.067	4.976
P62826	3gj7	4.21	2.967	7.267	0	0	0	0	4.003	5.673	0	0	0	0	0	0	179-216	10-169	Autoinhibited	alternate	3gj7.cif	P62826_bioemu_cluster_25.pdb	2.967	7.267	4.003	5.673
P62826	3gj7	7.042	5.725	14.581	0	0	0	0	4.587	14.792	0	0	0	0	0	0	179-216	10-169	Autoinhibited	alternate	3gj7.cif	P62826_bioemu_cluster_26.pdb	5.725	14.581	4.587	14.792
P62826	3gj7	3.633	3.932	4.632	0	0	0	0	3.373	4.025	0	0	0	0	0	0	179-216	10-169	Autoinhibited	alternate	3gj7.cif	P62826_bioemu_cluster_27.pdb	3.932	4.632	3.373	4.025
P62826	3gj7	4.077	4.627	5.672	0	0	0	0	3.815	5.922	0	0	0	0	0	0	179-216	10-169	Autoinhibited	alternate	3gj7.cif	P62826_bioemu_cluster_28.pdb	4.627	5.672	3.815	5.922
P62826	3gj7	8.595	6.691	24.733	0	0	0	0	4.301	19.971	0	0	0	0	0	0	179-216	10-169	Autoinhibited	alternate	3gj7.cif	P62826_bioemu_cluster_29.pdb	6.691	24.733	4.301	19.971
Q8NQJ3	2kb3	13.476	12.916	19.736	0	0	0	0	2.215	26.961	0	0	0	0	0	0	1-40	68-117	Autoinhibited	base	2kb3.cif	Q8NQJ3_bioemu_cluster_0.pdb	12.916	19.736	2.215	26.961
Q8NQJ3	2kb3	15.68	10.16	21.0	0	0	0	0	2.183	34.503	0	0	0	0	0	0	1-40	68-117	Autoinhibited	base	2kb3.cif	Q8NQJ3_bioemu_cluster_1.pdb	10.16	21.0	2.183	34.503
Q8NQJ3	2kb3	14.116	12.606	18.951	0	0	0	0	2.26	23.349	0	0	0	0	0	0	1-40	68-117	Autoinhibited	base	2kb3.cif	Q8NQJ3_bioemu_cluster_2.pdb	12.606	18.951	2.26	23.349
Q8NQJ3	2kb3	13.485	15.088	25.442	0	0	0	0	2.418	26.83	0	0	0	0	0	0	1-40	68-117	Autoinhibited	base	2kb3.cif	Q8NQJ3_bioemu_cluster_3.pdb	15.088	25.442	2.418	26.83
Q8NQJ3	2kb3	14.599	12.182	17.959	0	0	0	0	6.054	27.463	0	0	0	0	0	0	1-40	68-117	Autoinhibited	base	2kb3.cif	Q8NQJ3_bioemu_cluster_4.pdb	12.182	17.959	6.054	27.463
Q8NQJ3	2kb3	15.614	11.99	25.993	0	0	0	0	4.409	31.787	0	0	0	0	0	0	1-40	68-117	Autoinhibited	base	2kb3.cif	Q8NQJ3_bioemu_cluster_5.pdb	11.99	25.993	4.409	31.787
Q8NQJ3	2kb3	13.223	8.308	16.682	0	0	0	0	3.59	24.725	0	0	0	0	0	0	1-40	68-117	Autoinhibited	base	2kb3.cif	Q8NQJ3_bioemu_cluster_6.pdb	8.308	16.682	3.59	24.725
Q8NQJ3	2kb3	15.328	10.659	21.487	0	0	0	0	2.19	29.951	0	0	0	0	0	0	1-40	68-117	Autoinhibited	base	2kb3.cif	Q8NQJ3_bioemu_cluster_7.pdb	10.659	21.487	2.19	29.951
Q8NQJ3	2kb3	10.331	12.539	16.337	0	0	0	0	2.179	21.811	0	0	0	0	0	0	1-40	68-117	Autoinhibited	base	2kb3.cif	Q8NQJ3_bioemu_cluster_8.pdb	12.539	16.337	2.179	21.811
Q8NQJ3	2kb3	11.497	8.126	18.525	0	0	0	0	2.019	22.171	0	0	0	0	0	0	1-40	68-117	Autoinhibited	base	2kb3.cif	Q8NQJ3_bioemu_cluster_9.pdb	8.126	18.525	2.019	22.171
Q8NQJ3	2kb3	11.313	10.785	11.139	0	0	0	0	2.488	18.077	0	0	0	0	0	0	1-40	68-117	Autoinhibited	base	2kb3.cif	Q8NQJ3_bioemu_cluster_10.pdb	10.785	11.139	2.488	18.077
Q8NQJ3	2kb3	15.094	8.58	18.902	0	0	0	0	4.259	27.56	0	0	0	0	0	0	1-40	68-117	Autoinhibited	base	2kb3.cif	Q8NQJ3_bioemu_cluster_11.pdb	8.58	18.902	4.259	27.56
Q8NQJ3	2kb3	16.159	12.927	23.474	0	0	0	0	1.85	28.475	0	0	0	0	0	0	1-40	68-117	Autoinhibited	base	2kb3.cif	Q8NQJ3_bioemu_cluster_12.pdb	12.927	23.474	1.85	28.475
Q8NQJ3	2kb3	17.302	16.451	21.327	0	0	0	0	6.867	28.226	0	0	0	0	0	0	1-40	68-117	Autoinhibited	base	2kb3.cif	Q8NQJ3_bioemu_cluster_13.pdb	16.451	21.327	6.867	28.226
Q8NQJ3	2kb3	17.058	14.326	31.758	0	0	0	0	1.986	30.869	0	0	0	0	0	0	1-40	68-117	Autoinhibited	base	2kb3.cif	Q8NQJ3_bioemu_cluster_14.pdb	14.326	31.758	1.986	30.869
Q8NQJ3	2kb3	13.707	14.107	17.387	0	0	0	0	2.18	23.563	0	0	0	0	0	0	1-40	68-117	Autoinhibited	base	2kb3.cif	Q8NQJ3_bioemu_cluster_15.pdb	14.107	17.387	2.18	23.563
Q8NQJ3	2kb3	17.29	13.597	32.974	0	0	0	0	4.599	32.058	0	0	0	0	0	0	1-40	68-117	Autoinhibited	base	2kb3.cif	Q8NQJ3_bioemu_cluster_16.pdb	13.597	32.974	4.599	32.058
Q8NQJ3	2kb3	12.806	8.514	21.66	0	0	0	0	2.373	22.227	0	0	0	0	0	0	1-40	68-117	Autoinhibited	base	2kb3.cif	Q8NQJ3_bioemu_cluster_17.pdb	8.514	21.66	2.373	22.227
Q8NQJ3	2kb3	13.324	11.759	20.823	0	0	0	0	3.0	30.513	0	0	0	0	0	0	1-40	68-117	Autoinhibited	base	2kb3.cif	Q8NQJ3_bioemu_cluster_18.pdb	11.759	20.823	3.0	30.513
Q8NQJ3	2kb3	15.419	11.259	23.671	0	0	0	0	3.103	30.122	0	0	0	0	0	0	1-40	68-117	Autoinhibited	base	2kb3.cif	Q8NQJ3_bioemu_cluster_19.pdb	11.259	23.671	3.103	30.122
Q8NQJ3	2kb3	12.66	10.34	22.539	0	0	0	0	2.089	22.179	0	0	0	0	0	0	1-40	68-117	Autoinhibited	base	2kb3.cif	Q8NQJ3_bioemu_cluster_20.pdb	10.34	22.539	2.089	22.179
Q8NQJ3	2kb3	8.103	8.901	9.984	0	0	0	0	4.125	14.74	0	0	0	0	0	0	1-40	68-117	Autoinhibited	base	2kb3.cif	Q8NQJ3_bioemu_cluster_21.pdb	8.901	9.984	4.125	14.74
Q8NQJ3	2kb3	18.817	13.326	29.887	0	0	0	0	2.104	35.45	0	0	0	0	0	0	1-40	68-117	Autoinhibited	base	2kb3.cif	Q8NQJ3_bioemu_cluster_22.pdb	13.326	29.887	2.104	35.45
Q8NQJ3	2kb3	15.241	11.673	21.958	0	0	0	0	2.388	26.044	0	0	0	0	0	0	1-40	68-117	Autoinhibited	base	2kb3.cif	Q8NQJ3_bioemu_cluster_23.pdb	11.673	21.958	2.388	26.044
Q8NQJ3	2kb3	17.813	14.132	25.794	0	0	0	0	1.909	31.429	0	0	0	0	0	0	1-40	68-117	Autoinhibited	base	2kb3.cif	Q8NQJ3_bioemu_cluster_24.pdb	14.132	25.794	1.909	31.429
Q8NQJ3	2kb3	13.423	15.121	22.152	0	0	0	0	3.801	26.569	0	0	0	0	0	0	1-40	68-117	Autoinhibited	base	2kb3.cif	Q8NQJ3_bioemu_cluster_25.pdb	15.121	22.152	3.801	26.569
Q8NQJ3	2kb3	11.332	8.185	15.874	0	0	0	0	2.825	22.364	0	0	0	0	0	0	1-40	68-117	Autoinhibited	base	2kb3.cif	Q8NQJ3_bioemu_cluster_26.pdb	8.185	15.874	2.825	22.364
Q8NQJ3	2kb3	12.847	12.122	15.219	0	0	0	0	2.575	28.205	0	0	0	0	0	0	1-40	68-117	Autoinhibited	base	2kb3.cif	Q8NQJ3_bioemu_cluster_27.pdb	12.122	15.219	2.575	28.205
Q8NQJ3	2kb3	12.425	10.779	15.043	0	0	0	0	3.866	28.069	0	0	0	0	0	0	1-40	68-117	Autoinhibited	base	2kb3.cif	Q8NQJ3_bioemu_cluster_28.pdb	10.779	15.043	3.866	28.069
Q8NQJ3	2kb3	16.822	10.013	24.059	0	0	0	0	2.307	30.592	0	0	0	0	0	0	1-40	68-117	Autoinhibited	base	2kb3.cif	Q8NQJ3_bioemu_cluster_29.pdb	10.013	24.059	2.307	30.592
Q8NQJ3	2kb3	14.698	13.954	19.701	0	0	0	0	7.111	25.744	0	0	0	0	0	0	1-40	68-117	Autoinhibited	base	2kb3.cif	Q8NQJ3_bioemu_cluster_30.pdb	13.954	19.701	7.111	25.744
Q8NQJ3	2kb3	10.732	10.547	16.929	0	0	0	0	2.633	19.311	0	0	0	0	0	0	1-40	68-117	Autoinhibited	base	2kb3.cif	Q8NQJ3_bioemu_cluster_31.pdb	10.547	16.929	2.633	19.311
Q8NQJ3	2kb3	16.612	11.879	21.803	0	0	0	0	1.973	28.634	0	0	0	0	0	0	1-40	68-117	Autoinhibited	base	2kb3.cif	Q8NQJ3_bioemu_cluster_32.pdb	11.879	21.803	1.973	28.634
Q8NQJ3	2kb3	11.805	10.691	16.946	0	0	0	0	1.968	21.868	0	0	0	0	0	0	1-40	68-117	Autoinhibited	base	2kb3.cif	Q8NQJ3_bioemu_cluster_33.pdb	10.691	16.946	1.968	21.868
Q8NQJ3	2kb3	14.021	8.577	21.947	0	0	0	0	1.916	24.36	0	0	0	0	0	0	1-40	68-117	Autoinhibited	base	2kb3.cif	Q8NQJ3_bioemu_cluster_34.pdb	8.577	21.947	1.916	24.36
Q8NQJ3	2kb3	11.952	5.414	18.008	0	0	0	0	8.408	20.38	0	0	0	0	0	0	1-40	68-117	Autoinhibited	base	2kb3.cif	Q8NQJ3_bioemu_cluster_35.pdb	5.414	18.008	8.408	20.38
Q8NQJ3	2kb3	16.258	12.31	29.646	0	0	0	0	2.514	28.153	0	0	0	0	0	0	1-40	68-117	Autoinhibited	base	2kb3.cif	Q8NQJ3_bioemu_cluster_36.pdb	12.31	29.646	2.514	28.153
Q8NQJ3	2kb3	14.258	10.617	16.99	0	0	0	0	2.725	29.716	0	0	0	0	0	0	1-40	68-117	Autoinhibited	base	2kb3.cif	Q8NQJ3_bioemu_cluster_37.pdb	10.617	16.99	2.725	29.716
Q8NQJ3	2kb3	10.591	10.356	13.459	0	0	0	0	3.352	16.029	0	0	0	0	0	0	1-40	68-117	Autoinhibited	base	2kb3.cif	Q8NQJ3_bioemu_cluster_38.pdb	10.356	13.459	3.352	16.029
Q8NQJ3	2kb3	13.775	9.527	18.656	0	0	0	0	5.254	25.13	0	0	0	0	0	0	1-40	68-117	Autoinhibited	base	2kb3.cif	Q8NQJ3_bioemu_cluster_39.pdb	9.527	18.656	5.254	25.13
Q8NQJ3	2kb3	14.195	10.871	22.438	0	0	0	0	2.75	29.331	0	0	0	0	0	0	1-40	68-117	Autoinhibited	base	2kb3.cif	Q8NQJ3_bioemu_cluster_40.pdb	10.871	22.438	2.75	29.331
Q8NQJ3	2kb3	12.798	10.945	15.123	0	0	0	0	3.084	27.582	0	0	0	0	0	0	1-40	68-117	Autoinhibited	base	2kb3.cif	Q8NQJ3_bioemu_cluster_41.pdb	10.945	15.123	3.084	27.582
Q8NQJ3	2kb3	11.162	9.74	14.674	0	0	0	0	2.188	26.176	0	0	0	0	0	0	1-40	68-117	Autoinhibited	base	2kb3.cif	Q8NQJ3_bioemu_cluster_42.pdb	9.74	14.674	2.188	26.176
Q8NQJ3	2kb3	15.471	13.384	20.207	0	0	0	0	4.702	27.937	0	0	0	0	0	0	1-40	68-117	Autoinhibited	base	2kb3.cif	Q8NQJ3_bioemu_cluster_43.pdb	13.384	20.207	4.702	27.937
Q8NQJ3	2kb3	15.029	13.611	19.475	0	0	0	0	2.872	25.48	0	0	0	0	0	0	1-40	68-117	Autoinhibited	base	2kb3.cif	Q8NQJ3_bioemu_cluster_44.pdb	13.611	19.475	2.872	25.48
Q8NQJ3	2kb3	12.599	12.15	19.355	0	0	0	0	2.108	27.803	0	0	0	0	0	0	1-40	68-117	Autoinhibited	base	2kb3.cif	Q8NQJ3_bioemu_cluster_45.pdb	12.15	19.355	2.108	27.803
Q8NQJ3	2kb3	13.56	10.262	16.766	0	0	0	0	5.251	23.307	0	0	0	0	0	0	1-40	68-117	Autoinhibited	base	2kb3.cif	Q8NQJ3_bioemu_cluster_46.pdb	10.262	16.766	5.251	23.307
Q8NQJ3	2kb3	13.245	12.796	20.93	0	0	0	0	1.992	27.769	0	0	0	0	0	0	1-40	68-117	Autoinhibited	base	2kb3.cif	Q8NQJ3_bioemu_cluster_47.pdb	12.796	20.93	1.992	27.769
Q8NQJ3	2kb3	14.585	13.356	16.592	0	0	0	0	2.377	25.28	0	0	0	0	0	0	1-40	68-117	Autoinhibited	base	2kb3.cif	Q8NQJ3_bioemu_cluster_48.pdb	13.356	16.592	2.377	25.28
Q8NQJ3	2kb3	16.521	11.215	24.43	0	0	0	0	4.919	27.651	0	0	0	0	0	0	1-40	68-117	Autoinhibited	base	2kb3.cif	Q8NQJ3_bioemu_cluster_49.pdb	11.215	24.43	4.919	27.651
Q8NQJ3	2kb3	14.711	14.146	18.078	0	0	0	0	3.762	29.441	0	0	0	0	0	0	1-40	68-117	Autoinhibited	base	2kb3.cif	Q8NQJ3_bioemu_cluster_50.pdb	14.146	18.078	3.762	29.441
Q8NQJ3	2kb3	18.094	16.782	23.351	0	0	0	0	9.935	30.457	0	0	0	0	0	0	1-40	68-117	Autoinhibited	base	2kb3.cif	Q8NQJ3_bioemu_cluster_51.pdb	16.782	23.351	9.935	30.457
Q8NQJ3	2kb3	13.434	13.106	13.62	0	0	0	0	2.293	27.609	0	0	0	0	0	0	1-40	68-117	Autoinhibited	base	2kb3.cif	Q8NQJ3_bioemu_cluster_52.pdb	13.106	13.62	2.293	27.609
Q8NQJ3	2kb3	17.464	13.675	26.659	0	0	0	0	2.201	36.935	0	0	0	0	0	0	1-40	68-117	Autoinhibited	base	2kb3.cif	Q8NQJ3_bioemu_cluster_53.pdb	13.675	26.659	2.201	36.935
Q8NQJ3	2kb3	11.479	7.957	17.791	0	0	0	0	3.309	21.183	0	0	0	0	0	0	1-40	68-117	Autoinhibited	base	2kb3.cif	Q8NQJ3_bioemu_cluster_54.pdb	7.957	17.791	3.309	21.183
Q8NQJ3	2kb3	14.133	13.734	21.421	0	0	0	0	2.168	24.366	0	0	0	0	0	0	1-40	68-117	Autoinhibited	base	2kb3.cif	Q8NQJ3_bioemu_cluster_55.pdb	13.734	21.421	2.168	24.366
Q8NQJ3	2kb3	16.092	12.536	25.344	0	0	0	0	5.913	29.08	0	0	0	0	0	0	1-40	68-117	Autoinhibited	base	2kb3.cif	Q8NQJ3_bioemu_cluster_56.pdb	12.536	25.344	5.913	29.08
Q8NQJ3	2kb3	10.376	11.798	13.727	0	0	0	0	2.703	22.861	0	0	0	0	0	0	1-40	68-117	Autoinhibited	base	2kb3.cif	Q8NQJ3_bioemu_cluster_57.pdb	11.798	13.727	2.703	22.861
Q8NQJ3	2kb3	14.039	14.058	12.84	0	0	0	0	1.951	25.177	0	0	0	0	0	0	1-40	68-117	Autoinhibited	base	2kb3.cif	Q8NQJ3_bioemu_cluster_58.pdb	14.058	12.84	1.951	25.177
Q8NQJ3	2kb3	13.166	11.116	18.286	0	0	0	0	2.109	29.016	0	0	0	0	0	0	1-40	68-117	Autoinhibited	base	2kb3.cif	Q8NQJ3_bioemu_cluster_59.pdb	11.116	18.286	2.109	29.016
Q8NQJ3	2kb3	16.537	13.071	28.663	0	0	0	0	3.42	31.141	0	0	0	0	0	0	1-40	68-117	Autoinhibited	base	2kb3.cif	Q8NQJ3_bioemu_cluster_60.pdb	13.071	28.663	3.42	31.141
Q8NQJ3	2kb3	17.105	11.668	24.665	0	0	0	0	4.519	29.256	0	0	0	0	0	0	1-40	68-117	Autoinhibited	base	2kb3.cif	Q8NQJ3_bioemu_cluster_61.pdb	11.668	24.665	4.519	29.256
Q8NQJ3	2kb3	16.892	15.012	18.66	0	0	0	0	4.921	29.198	0	0	0	0	0	0	1-40	68-117	Autoinhibited	base	2kb3.cif	Q8NQJ3_bioemu_cluster_62.pdb	15.012	18.66	4.921	29.198
Q8NQJ3	2kb3	11.86	9.725	18.711	0	0	0	0	4.449	23.512	0	0	0	0	0	0	1-40	68-117	Autoinhibited	base	2kb3.cif	Q8NQJ3_bioemu_cluster_63.pdb	9.725	18.711	4.449	23.512
Q8NQJ3	2kb3	14.703	15.095	28.295	0	0	0	0	4.132	26.082	0	0	0	0	0	0	1-40	68-117	Autoinhibited	base	2kb3.cif	Q8NQJ3_bioemu_cluster_64.pdb	15.095	28.295	4.132	26.082
Q8NQJ3	2kb3	17.861	15.702	26.705	0	0	0	0	2.249	35.634	0	0	0	0	0	0	1-40	68-117	Autoinhibited	base	2kb3.cif	Q8NQJ3_bioemu_cluster_65.pdb	15.702	26.705	2.249	35.634
Q8NQJ3	2kb4	24.754	12.818	52.871	0	0	0	0	2.059	42.703	0	0	0	0	0	0	1-40	68-117	Active	alternate	2kb4.cif	Q8NQJ3_bioemu_cluster_0.pdb	12.818	52.871	2.059	42.703
Q8NQJ3	2kb4	25.09	9.662	51.022	0	0	0	0	1.989	48.925	0	0	0	0	0	0	1-40	68-117	Active	alternate	2kb4.cif	Q8NQJ3_bioemu_cluster_1.pdb	9.662	51.022	1.989	48.925
Q8NQJ3	2kb4	24.933	20.911	58.887	0	0	0	0	2.135	41.991	0	0	0	0	0	0	1-40	68-117	Active	alternate	2kb4.cif	Q8NQJ3_bioemu_cluster_2.pdb	20.911	58.887	2.135	41.991
Q8NQJ3	2kb4	24.478	14.932	49.989	0	0	0	0	2.494	45.063	0	0	0	0	0	0	1-40	68-117	Active	alternate	2kb4.cif	Q8NQJ3_bioemu_cluster_3.pdb	14.932	49.989	2.494	45.063
Q8NQJ3	2kb4	24.587	14.402	56.44	0	0	0	0	5.69	57.23	0	0	0	0	0	0	1-40	68-117	Active	alternate	2kb4.cif	Q8NQJ3_bioemu_cluster_4.pdb	14.402	56.44	5.69	57.23
Q8NQJ3	2kb4	22.507	16.329	55.965	0	0	0	0	4.364	53.91	0	0	0	0	0	0	1-40	68-117	Active	alternate	2kb4.cif	Q8NQJ3_bioemu_cluster_5.pdb	16.329	55.965	4.364	53.91
Q8NQJ3	2kb4	22.471	15.062	45.069	0	0	0	0	3.917	46.777	0	0	0	0	0	0	1-40	68-117	Active	alternate	2kb4.cif	Q8NQJ3_bioemu_cluster_6.pdb	15.062	45.069	3.917	46.777
Q8NQJ3	2kb4	23.389	14.36	54.91	0	0	0	0	2.358	42.777	0	0	0	0	0	0	1-40	68-117	Active	alternate	2kb4.cif	Q8NQJ3_bioemu_cluster_7.pdb	14.36	54.91	2.358	42.777
Q8NQJ3	2kb4	27.89	12.418	55.128	0	0	0	0	1.862	47.39	0	0	0	0	0	0	1-40	68-117	Active	alternate	2kb4.cif	Q8NQJ3_bioemu_cluster_8.pdb	12.418	55.128	1.862	47.39
Q8NQJ3	2kb4	20.558	13.349	46.552	0	0	0	0	1.844	44.52	0	0	0	0	0	0	1-40	68-117	Active	alternate	2kb4.cif	Q8NQJ3_bioemu_cluster_9.pdb	13.349	46.552	1.844	44.52
Q8NQJ3	2kb4	28.952	14.413	53.589	0	0	0	0	2.443	49.572	0	0	0	0	0	0	1-40	68-117	Active	alternate	2kb4.cif	Q8NQJ3_bioemu_cluster_10.pdb	14.413	53.589	2.443	49.572
Q8NQJ3	2kb4	24.994	15.827	51.779	0	0	0	0	4.166	41.972	0	0	0	0	0	0	1-40	68-117	Active	alternate	2kb4.cif	Q8NQJ3_bioemu_cluster_11.pdb	15.827	51.779	4.166	41.972
Q8NQJ3	2kb4	29.21	16.515	58.175	0	0	0	0	1.819	49.816	0	0	0	0	0	0	1-40	68-117	Active	alternate	2kb4.cif	Q8NQJ3_bioemu_cluster_12.pdb	16.515	58.175	1.819	49.816
Q8NQJ3	2kb4	22.979	15.344	50.035	0	0	0	0	7.148	57.314	0	0	0	0	0	0	1-40	68-117	Active	alternate	2kb4.cif	Q8NQJ3_bioemu_cluster_13.pdb	15.344	50.035	7.148	57.314
Q8NQJ3	2kb4	17.115	11.691	41.524	0	0	0	0	1.947	39.929	0	0	0	0	0	0	1-40	68-117	Active	alternate	2kb4.cif	Q8NQJ3_bioemu_cluster_14.pdb	11.691	41.524	1.947	39.929
Q8NQJ3	2kb4	27.848	15.742	43.83	0	0	0	0	2.376	46.664	0	0	0	0	0	0	1-40	68-117	Active	alternate	2kb4.cif	Q8NQJ3_bioemu_cluster_15.pdb	15.742	43.83	2.376	46.664
Q8NQJ3	2kb4	20.407	16.446	44.776	0	0	0	0	3.762	55.031	0	0	0	0	0	0	1-40	68-117	Active	alternate	2kb4.cif	Q8NQJ3_bioemu_cluster_16.pdb	16.446	44.776	3.762	55.031
Q8NQJ3	2kb4	26.844	16.312	54.479	0	0	0	0	2.354	44.618	0	0	0	0	0	0	1-40	68-117	Active	alternate	2kb4.cif	Q8NQJ3_bioemu_cluster_17.pdb	16.312	54.479	2.354	44.618
Q8NQJ3	2kb4	21.808	17.195	59.321	0	0	0	0	3.045	36.85	0	0	0	0	0	0	1-40	68-117	Active	alternate	2kb4.cif	Q8NQJ3_bioemu_cluster_18.pdb	17.195	59.321	3.045	36.85
Q8NQJ3	2kb4	22.466	15.839	50.182	0	0	0	0	2.86	41.155	0	0	0	0	0	0	1-40	68-117	Active	alternate	2kb4.cif	Q8NQJ3_bioemu_cluster_19.pdb	15.839	50.182	2.86	41.155
Q8NQJ3	2kb4	26.627	17.081	50.756	0	0	0	0	1.997	45.736	0	0	0	0	0	0	1-40	68-117	Active	alternate	2kb4.cif	Q8NQJ3_bioemu_cluster_20.pdb	17.081	50.756	1.997	45.736
Q8NQJ3	2kb4	27.923	9.598	49.215	0	0	0	0	4.258	47.896	0	0	0	0	0	0	1-40	68-117	Active	alternate	2kb4.cif	Q8NQJ3_bioemu_cluster_21.pdb	9.598	49.215	4.258	47.896
Q8NQJ3	2kb4	16.636	13.423	48.34	0	0	0	0	1.969	43.64	0	0	0	0	0	0	1-40	68-117	Active	alternate	2kb4.cif	Q8NQJ3_bioemu_cluster_22.pdb	13.423	48.34	1.969	43.64
Q8NQJ3	2kb4	27.299	13.842	51.442	0	0	0	0	2.199	47.456	0	0	0	0	0	0	1-40	68-117	Active	alternate	2kb4.cif	Q8NQJ3_bioemu_cluster_23.pdb	13.842	51.442	2.199	47.456
Q8NQJ3	2kb4	23.419	17.415	46.831	0	0	0	0	1.762	46.803	0	0	0	0	0	0	1-40	68-117	Active	alternate	2kb4.cif	Q8NQJ3_bioemu_cluster_24.pdb	17.415	46.831	1.762	46.803
Q8NQJ3	2kb4	23.62	18.085	52.807	0	0	0	0	3.884	40.69	0	0	0	0	0	0	1-40	68-117	Active	alternate	2kb4.cif	Q8NQJ3_bioemu_cluster_25.pdb	18.085	52.807	3.884	40.69
Q8NQJ3	2kb4	25.816	13.011	49.938	0	0	0	0	3.026	46.119	0	0	0	0	0	0	1-40	68-117	Active	alternate	2kb4.cif	Q8NQJ3_bioemu_cluster_26.pdb	13.011	49.938	3.026	46.119
Q8NQJ3	2kb4	27.185	14.44	58.269	0	0	0	0	2.637	46.688	0	0	0	0	0	0	1-40	68-117	Active	alternate	2kb4.cif	Q8NQJ3_bioemu_cluster_27.pdb	14.44	58.269	2.637	46.688
Q8NQJ3	2kb4	24.96	13.236	59.361	0	0	0	0	4.104	42.176	0	0	0	0	0	0	1-40	68-117	Active	alternate	2kb4.cif	Q8NQJ3_bioemu_cluster_28.pdb	13.236	59.361	4.104	42.176
Q8NQJ3	2kb4	21.183	18.31	37.656	0	0	0	0	2.215	40.464	0	0	0	0	0	0	1-40	68-117	Active	alternate	2kb4.cif	Q8NQJ3_bioemu_cluster_29.pdb	18.31	37.656	2.215	40.464
Q8NQJ3	2kb4	24.394	20.207	49.881	0	0	0	0	6.95	39.536	0	0	0	0	0	0	1-40	68-117	Active	alternate	2kb4.cif	Q8NQJ3_bioemu_cluster_30.pdb	20.207	49.881	6.95	39.536
Q8NQJ3	2kb4	27.228	16.325	51.386	0	0	0	0	2.766	45.567	0	0	0	0	0	0	1-40	68-117	Active	alternate	2kb4.cif	Q8NQJ3_bioemu_cluster_31.pdb	16.325	51.386	2.766	45.567
Q8NQJ3	2kb4	27.51	13.8	56.721	0	0	0	0	1.924	55.336	0	0	0	0	0	0	1-40	68-117	Active	alternate	2kb4.cif	Q8NQJ3_bioemu_cluster_32.pdb	13.8	56.721	1.924	55.336
Q8NQJ3	2kb4	26.205	9.616	53.579	0	0	0	0	2.054	44.828	0	0	0	0	0	0	1-40	68-117	Active	alternate	2kb4.cif	Q8NQJ3_bioemu_cluster_33.pdb	9.616	53.579	2.054	44.828
Q8NQJ3	2kb4	22.715	13.579	39.788	0	0	0	0	2.057	41.26	0	0	0	0	0	0	1-40	68-117	Active	alternate	2kb4.cif	Q8NQJ3_bioemu_cluster_34.pdb	13.579	39.788	2.057	41.26
Q8NQJ3	2kb4	29.517	14.975	61.0	0	0	0	0	8.528	52.238	0	0	0	0	0	0	1-40	68-117	Active	alternate	2kb4.cif	Q8NQJ3_bioemu_cluster_35.pdb	14.975	61.0	8.528	52.238
Q8NQJ3	2kb4	21.288	18.925	44.163	0	0	0	0	2.697	37.096	0	0	0	0	0	0	1-40	68-117	Active	alternate	2kb4.cif	Q8NQJ3_bioemu_cluster_36.pdb	18.925	44.163	2.697	37.096
Q8NQJ3	2kb4	26.105	13.217	53.283	0	0	0	0	2.764	42.661	0	0	0	0	0	0	1-40	68-117	Active	alternate	2kb4.cif	Q8NQJ3_bioemu_cluster_37.pdb	13.217	53.283	2.764	42.661
Q8NQJ3	2kb4	30.013	12.51	52.723	0	0	0	0	3.446	51.22	0	0	0	0	0	0	1-40	68-117	Active	alternate	2kb4.cif	Q8NQJ3_bioemu_cluster_38.pdb	12.51	52.723	3.446	51.22
Q8NQJ3	2kb4	27.051	11.489	53.021	0	0	0	0	5.248	49.132	0	0	0	0	0	0	1-40	68-117	Active	alternate	2kb4.cif	Q8NQJ3_bioemu_cluster_39.pdb	11.489	53.021	5.248	49.132
Q8NQJ3	2kb4	27.948	16.199	64.689	0	0	0	0	2.394	55.421	0	0	0	0	0	0	1-40	68-117	Active	alternate	2kb4.cif	Q8NQJ3_bioemu_cluster_40.pdb	16.199	64.689	2.394	55.421
Q8NQJ3	2kb4	24.929	13.765	48.761	0	0	0	0	3.378	42.083	0	0	0	0	0	0	1-40	68-117	Active	alternate	2kb4.cif	Q8NQJ3_bioemu_cluster_41.pdb	13.765	48.761	3.378	42.083
Q8NQJ3	2kb4	27.355	14.181	60.527	0	0	0	0	1.966	47.573	0	0	0	0	0	0	1-40	68-117	Active	alternate	2kb4.cif	Q8NQJ3_bioemu_cluster_42.pdb	14.181	60.527	1.966	47.573
Q8NQJ3	2kb4	26.241	12.463	54.622	0	0	0	0	4.957	49.135	0	0	0	0	0	0	1-40	68-117	Active	alternate	2kb4.cif	Q8NQJ3_bioemu_cluster_43.pdb	12.463	54.622	4.957	49.135
Q8NQJ3	2kb4	25.618	12.453	51.966	0	0	0	0	2.46	44.2	0	0	0	0	0	0	1-40	68-117	Active	alternate	2kb4.cif	Q8NQJ3_bioemu_cluster_44.pdb	12.453	51.966	2.46	44.2
Q8NQJ3	2kb4	26.408	13.129	56.609	0	0	0	0	1.964	45.602	0	0	0	0	0	0	1-40	68-117	Active	alternate	2kb4.cif	Q8NQJ3_bioemu_cluster_45.pdb	13.129	56.609	1.964	45.602
Q8NQJ3	2kb4	30.342	13.793	48.829	0	0	0	0	5.859	53.651	0	0	0	0	0	0	1-40	68-117	Active	alternate	2kb4.cif	Q8NQJ3_bioemu_cluster_46.pdb	13.793	48.829	5.859	53.651
Q8NQJ3	2kb4	22.659	18.461	63.4	0	0	0	0	1.832	43.454	0	0	0	0	0	0	1-40	68-117	Active	alternate	2kb4.cif	Q8NQJ3_bioemu_cluster_47.pdb	18.461	63.4	1.832	43.454
Q8NQJ3	2kb4	30.211	15.05	57.118	0	0	0	0	2.203	52.81	0	0	0	0	0	0	1-40	68-117	Active	alternate	2kb4.cif	Q8NQJ3_bioemu_cluster_48.pdb	15.05	57.118	2.203	52.81
Q8NQJ3	2kb4	30.347	13.716	59.38	0	0	0	0	5.197	53.503	0	0	0	0	0	0	1-40	68-117	Active	alternate	2kb4.cif	Q8NQJ3_bioemu_cluster_49.pdb	13.716	59.38	5.197	53.503
Q8NQJ3	2kb4	25.068	17.46	53.127	0	0	0	0	4.351	41.949	0	0	0	0	0	0	1-40	68-117	Active	alternate	2kb4.cif	Q8NQJ3_bioemu_cluster_50.pdb	17.46	53.127	4.351	41.949
Q8NQJ3	2kb4	21.665	14.925	50.314	0	0	0	0	9.882	49.294	0	0	0	0	0	0	1-40	68-117	Active	alternate	2kb4.cif	Q8NQJ3_bioemu_cluster_51.pdb	14.925	50.314	9.882	49.294
Q8NQJ3	2kb4	29.212	14.468	51.521	0	0	0	0	2.148	54.426	0	0	0	0	0	0	1-40	68-117	Active	alternate	2kb4.cif	Q8NQJ3_bioemu_cluster_52.pdb	14.468	51.521	2.148	54.426
Q8NQJ3	2kb4	23.265	14.991	60.209	0	0	0	0	2.044	41.481	0	0	0	0	0	0	1-40	68-117	Active	alternate	2kb4.cif	Q8NQJ3_bioemu_cluster_53.pdb	14.991	60.209	2.044	41.481
Q8NQJ3	2kb4	30.493	13.384	51.553	0	0	0	0	4.047	54.62	0	0	0	0	0	0	1-40	68-117	Active	alternate	2kb4.cif	Q8NQJ3_bioemu_cluster_54.pdb	13.384	51.553	4.047	54.62
Q8NQJ3	2kb4	27.23	17.408	56.725	0	0	0	0	2.168	47.484	0	0	0	0	0	0	1-40	68-117	Active	alternate	2kb4.cif	Q8NQJ3_bioemu_cluster_55.pdb	17.408	56.725	2.168	47.484
Q8NQJ3	2kb4	27.149	12.028	54.834	0	0	0	0	5.462	53.933	0	0	0	0	0	0	1-40	68-117	Active	alternate	2kb4.cif	Q8NQJ3_bioemu_cluster_56.pdb	12.028	54.834	5.462	53.933
Q8NQJ3	2kb4	25.692	11.21	57.327	0	0	0	0	3.242	44.336	0	0	0	0	0	0	1-40	68-117	Active	alternate	2kb4.cif	Q8NQJ3_bioemu_cluster_57.pdb	11.21	57.327	3.242	44.336
Q8NQJ3	2kb4	29.678	11.701	50.269	0	0	0	0	1.82	57.148	0	0	0	0	0	0	1-40	68-117	Active	alternate	2kb4.cif	Q8NQJ3_bioemu_cluster_58.pdb	11.701	50.269	1.82	57.148
Q8NQJ3	2kb4	27.123	12.937	52.21	0	0	0	0	2.121	45.509	0	0	0	0	0	0	1-40	68-117	Active	alternate	2kb4.cif	Q8NQJ3_bioemu_cluster_59.pdb	12.937	52.21	2.121	45.509
Q8NQJ3	2kb4	19.909	14.774	29.438	0	0	0	0	3.973	51.282	0	0	0	0	0	0	1-40	68-117	Active	alternate	2kb4.cif	Q8NQJ3_bioemu_cluster_60.pdb	14.774	29.438	3.973	51.282
Q8NQJ3	2kb4	25.152	13.767	43.194	0	0	0	0	4.756	45.493	0	0	0	0	0	0	1-40	68-117	Active	alternate	2kb4.cif	Q8NQJ3_bioemu_cluster_61.pdb	13.767	43.194	4.756	45.493
Q8NQJ3	2kb4	28.499	17.493	56.509	0	0	0	0	5.129	54.967	0	0	0	0	0	0	1-40	68-117	Active	alternate	2kb4.cif	Q8NQJ3_bioemu_cluster_62.pdb	17.493	56.509	5.129	54.967
Q8NQJ3	2kb4	27.571	12.259	53.825	0	0	0	0	4.31	53.409	0	0	0	0	0	0	1-40	68-117	Active	alternate	2kb4.cif	Q8NQJ3_bioemu_cluster_63.pdb	12.259	53.825	4.31	53.409
Q8NQJ3	2kb4	19.044	20.923	39.223	0	0	0	0	3.452	38.825	0	0	0	0	0	0	1-40	68-117	Active	alternate	2kb4.cif	Q8NQJ3_bioemu_cluster_64.pdb	20.923	39.223	3.452	38.825
Q8NQJ3	2kb4	21.416	22.922	54.457	0	0	0	0	2.094	46.324	0	0	0	0	0	0	1-40	68-117	Active	alternate	2kb4.cif	Q8NQJ3_bioemu_cluster_65.pdb	22.922	54.457	2.094	46.324
Q9Y6K1	4u7t	1.102	0.913	3.347	0	0	0	0	0.919	1.556	0	0	0	0	0	0	476-626	634-912	Active	base	4u7t.cif	Q9Y6K1_bioemu_cluster_0.pdb	0.913	3.347	0.919	1.556
Q9Y6K1	4u7t	19.281	7.998	31.182	0	0	0	0	0.988	56.524	0	0	0	0	0	0	476-626	634-912	Active	base	4u7t.cif	Q9Y6K1_bioemu_cluster_1.pdb	7.998	31.182	0.988	56.524
Q9Y6K1	4u7p	15.745	7.754	30.963	0	0	0	0	0.901	48.143	0	0	0	0	0	0	476-626	634-912	Autoinhibited	alternate	4u7p.cif	Q9Y6K1_bioemu_cluster_0.pdb	7.754	30.963	0.901	48.143
Q9Y6K1	4u7p	8.041	8.185	25.757	0	0	0	0	0.895	15.198	0	0	0	0	0	0	476-626	634-912	Autoinhibited	alternate	4u7p.cif	Q9Y6K1_bioemu_cluster_1.pdb	8.185	25.757	0.895	15.198
