uniprot;region_1;region_2;af_filename;filename;complex_mean_plddt;r1_mean_plddt;r2_mean_plddt;mean_pae_1_1;mean_pae_1_2;mean_pae_2_2;interacting_residue_pairs;interface_residues;status
A0A044RE18;42-116;159-447;A0A044RE18.pdb;A0A044RE18.pdb;86,194;92,338;96,708;3,986;7,609;2,613;[(116, 300), (66, 226), (70, 283), (116, 414), (70, 315), (114, 302), (116, 342), (116, 413), (113, 302), (111, 311), (114, 299), (110, 278), (108, 281), (44, 322), (113, 310), (113, 300), (111, 278), (71, 290), (116, 341), (113, 311), (44, 315), (112, 302), (71, 322), (111, 354), (42, 280), (116, 352), (110, 276), (115, 240), (69, 315), (70, 290), (69, 284), (115, 237), (114, 304), (116, 338), (115, 299), (109, 279), (108, 315), (109, 277), (115, 201), (116, 412), (115, 202), (113, 273), (76, 278), (70, 318), (114, 300), (70, 287), (111, 282), (116, 301), (111, 314), (108, 279), (76, 280), (70, 319), (116, 240), (116, 302), (76, 223), (76, 281), (69, 280), (113, 282), (116, 299), (44, 318), (108, 278), (115, 273), (65, 226), (113, 301), (111, 312), (115, 238), (71, 318), (113, 354), (115, 300), (69, 287), (115, 414), (111, 310), (109, 278), (108, 280), (111, 279), (112, 303), (116, 339), (110, 277), (116, 411), (111, 277), (112, 301), (116, 304), (67, 228), (76, 226), (116, 340), (115, 239), (42, 315), (76, 284), (114, 303), (69, 283), (113, 277), (111, 313), (114, 301), (112, 310), (116, 377), (70, 322)];{273, 276, 277, 278, 279, 280, 281, 282, 283, 284, 413, 414, 412, 287, 411, 290, 42, 299, 300, 44, 302, 301, 304, 303, 310, 311, 312, 313, 314, 315, 318, 319, 65, 66, 322, 67, 69, 70, 71, 201, 202, 76, 338, 339, 340, 341, 342, 223, 352, 226, 354, 228, 108, 237, 110, 111, 112, 113, 114, 115, 116, 240, 109, 238, 239, 377};folded
Q39253;ene-36;56-62;Q39253.pdb;Q39253.pdb;82,447;35,552;77,98;16,876;26,913;2,224;;;disordered
C8ZE58;604-741;855-886;C8ZE58.pdb;C8ZE58.pdb;68,653;62,107;67,505;18,135;17,516;8,008;[(606, 862), (606, 855), (656, 869), (650, 882), (640, 882), (663, 865), (607, 863), (656, 873), (667, 865), (663, 864), (660, 865), (607, 864), (604, 861), (654, 884), (654, 877), (657, 878), (660, 864), (610, 864), (657, 874), (664, 867), (610, 862), (643, 880), (607, 861), (657, 877), (653, 876), (604, 872), (653, 873), (607, 869), (660, 869), (650, 880), (614, 864), (650, 876), (606, 859), (642, 882), (611, 864), (607, 862), (650, 877), (640, 884), (640, 877), (660, 870), (604, 873), (653, 877), (661, 870), (606, 858), (657, 870), (667, 866), (606, 861), (610, 863), (656, 864), (639, 884), (667, 867), (659, 864), (643, 882), (657, 873), (664, 870)];{640, 642, 643, 866, 650, 653, 654, 656, 657, 659, 660, 661, 663, 664, 667, 855, 858, 859, 604, 861, 606, 863, 864, 865, 862, 607, 610, 869, 867, 614, 872, 873, 874, 611, 876, 877, 878, 870, 880, 882, 884, 639};disordered
A2A5C2;1-42,417-480;334-417,334-417;A2A5C2.pdb;A2A5C2.pdb;52,651;45,611;95,539;24,159;27,837;2,415;[(341, 429), (402, 417), (402, 422), (401, 425), (405, 417), (415, 417), (417, 419), (338, 430), (403, 422), (405, 419), (341, 426), (416, 426), (416, 417), (403, 425), (417, 426), (340, 425), (404, 417), (416, 418), (340, 426), (338, 429), (403, 426), (403, 417), (417, 418), (417, 422)];{416, 417, 418, 419, 422, 425, 426, 429, 430, 401, 402, 338, 403, 341, 405, 340, 404, 415};disordered
A0A544CH04;112-139;1-101;A0A544CH04.pdb;A0A544CH04.pdb;68,449;35,62;84,698;11,992;23,063;4,293;[(52, 139), (82, 129), (11, 137), (49, 139), (87, 126), (87, 129)];{129, 137, 11, 139, 49, 82, 52, 87, 126};folded
Q8IZQ8;1-149;700-938;Q8IZQ8.pdb;Q8IZQ8.pdb;56,254;86,035;47,272;13,085;28,162;25,894;[(23, 938)];{938, 23};folded
Q04584;100-267;352-538;Q04584.pdb;Q04584.pdb;64,894;48,804;89,726;25,06;30,173;9,547;;;disordered
Q9HES9;895-927;9-342;Q9HES9.pdb;Q9HES9.pdb;74,382;34,412;89,904;12,437;30,714;5,114;;;disordered
Q9UR24;jun-16;273-498;Q9UR24.pdb;Q9UR24.pdb;68,575;40,806;79,377;4,686;21,018;8,602;;;disordered
Q15942;61-346;384-570;Q15942.pdb;Q15942.pdb;63,543;48,631;88,578;26,834;30,046;9,72;;;disordered
Q93107;91-157;469-725;Q93107.pdb;Q93107.pdb;62,054;73,73;86,575;8,735;13,573;6,238;[(142, 678), (129, 675), (124, 674), (146, 674), (152, 635), (134, 679), (125, 674), (128, 674), (148, 677), (144, 643), (137, 678), (138, 678), (152, 632), (144, 641), (148, 635), (138, 682), (156, 621), (142, 674), (157, 621), (149, 677), (153, 628), (148, 639), (141, 678), (149, 674), (130, 678), (134, 678), (141, 682), (128, 672), (127, 672), (129, 672), (130, 675), (134, 675), (148, 640), (152, 677), (141, 681), (131, 675), (145, 640), (145, 678), (141, 641), (130, 674), (138, 641), (149, 673), (144, 640), (148, 642), (152, 628), (135, 678), (145, 677), (134, 683), (156, 617), (128, 675), (145, 681), (145, 674), (157, 617)];{128, 129, 641, 643, 130, 640, 134, 131, 642, 137, 138, 135, 141, 142, 144, 145, 146, 148, 149, 152, 153, 156, 157, 672, 673, 674, 675, 677, 678, 679, 681, 682, 683, 617, 621, 127, 628, 632, 635, 124, 125, 639};folded
Q9EQU5;ene-37;237-290;Q9EQU5.pdb;Q9EQU5.pdb;78,981;48,346;53,626;16,578;30,146;18,565;;;disordered
B7YZY9;395-454;585-949;B7YZY9.pdb;B7YZY9.pdb;69,175;66,788;85,061;8,962;17,253;8,454;[(441, 600), (452, 700), (430, 653), (420, 654), (424, 671), (436, 665), (422, 654), (437, 652), (434, 654), (437, 651), (430, 656), (423, 654), (451, 702), (454, 833), (451, 832), (434, 653), (443, 885), (441, 649), (434, 652), (447, 885), (437, 648), (440, 665), (424, 656), (444, 644), (441, 648), (422, 655), (451, 701), (445, 644), (451, 885), (451, 883), (410, 679), (424, 674), (440, 648), (422, 653), (420, 652), (445, 645), (423, 678), (448, 644), (437, 653), (422, 656), (452, 640), (451, 644), (401, 654), (424, 676), (444, 885), (452, 644), (421, 654), (423, 677), (410, 678), (424, 673), (437, 649), (444, 702), (423, 676), (420, 601), (437, 660), (444, 648)];{640, 644, 645, 648, 649, 651, 652, 653, 654, 655, 656, 401, 660, 665, 410, 671, 673, 674, 420, 676, 422, 423, 424, 679, 678, 421, 677, 430, 434, 436, 437, 440, 441, 443, 700, 444, 702, 447, 832, 833, 701, 451, 452, 445, 454, 448, 600, 601, 883, 885};folded
A0A378K7V6;1-116;262-345;A0A378K7V6.pdb;A0A378K7V6.pdb;89,487;78,98;92,214;11,477;19,708;3,136;;;folded
Q75UG7;265-870;30-264;Q75UG7.pdb;Q75UG7.pdb;93,094;95,782;93,171;5,96;5,307;3,697;[(196, 283), (192, 278), (101, 272), (155, 289), (119, 678), (119, 591), (156, 284), (86, 535), (207, 532), (236, 302), (52, 674), (159, 281), (119, 721), (142, 276), (62, 814), (63, 732), (156, 289), (97, 272), (120, 816), (242, 293), (142, 273), (123, 728), (112, 446), (58, 816), (143, 276), (108, 443), (158, 283), (55, 816), (240, 293), (228, 443), (132, 277), (227, 440), (117, 585), (228, 532), (121, 726), (154, 289), (242, 290), (233, 438), (241, 293), (58, 814), (158, 281), (236, 298), (118, 674), (147, 286), (118, 585), (263, 266), (246, 294), (157, 282), (228, 444), (98, 275), (131, 277), (238, 294), (161, 282), (135, 277), (225, 298), (240, 291), (233, 436), (228, 441), (63, 861), (122, 821), (159, 283), (55, 678), (232, 437), (98, 276), (62, 821), (112, 272), (159, 284), (153, 288), (153, 292), (264, 266), (241, 290), (59, 814), (230, 532), (230, 536), (233, 437), (161, 280), (241, 291), (117, 587), (99, 272), (155, 286), (232, 439), (236, 297), (109, 446), (236, 437), (51, 676), (63, 821), (62, 819), (113, 272), (155, 287), (158, 277), (67, 862), (236, 294), (135, 271), (161, 281), (47, 579), (156, 286), (133, 277), (195, 278), (160, 275), (154, 291), (114, 271), (248, 439), (156, 287), (158, 278), (118, 680), (55, 676), (118, 582), (63, 863), (158, 275), (125, 726), (239, 291), (117, 586), (67, 740), (144, 276), (194, 283), (141, 273), (119, 680), (158, 276), (58, 819), (119, 719), (229, 532), (100, 270), (52, 675), (156, 285), (154, 287), (127, 863), (124, 727), (249, 443), (236, 296), (237, 391), (108, 446), (192, 277), (124, 726), (119, 586), (157, 283), (140, 273), (233, 397), (96, 276), (235, 439), (62, 860), (156, 283), (263, 265), (246, 293), (157, 284), (236, 397), (160, 282), (134, 277), (58, 817), (124, 725), (123, 821), (123, 727), (147, 285), (48, 674), (248, 302), (122, 814), (55, 677), (58, 815), (157, 289), (123, 726), (227, 441), (162, 275), (237, 397), (162, 280), (51, 579), (246, 298), (158, 282), (248, 299), (170, 289), (264, 265), (233, 439), (251, 443), (131, 273), (251, 487), (160, 280), (135, 273), (47, 580), (52, 678), (63, 728), (155, 288), (227, 439), (147, 283), (248, 300), (114, 273), (240, 292), (232, 438), (158, 280), (149, 288), (160, 281), (161, 279), (135, 274), (86, 534), (168, 275), (192, 279), (213, 291), (248, 298), (100, 265), (159, 282), (97, 276), (119, 720), (59, 816), (240, 290), (97, 273), (66, 740), (65, 862), (133, 863), (197, 276), (114, 272), (52, 676), (100, 275), (119, 585), (62, 820), (154, 288), (159, 280)];{532, 534, 535, 536, 47, 48, 51, 52, 55, 58, 59, 62, 63, 65, 66, 67, 579, 580, 582, 585, 586, 587, 591, 86, 96, 97, 98, 99, 100, 101, 108, 109, 112, 113, 114, 117, 118, 119, 120, 121, 122, 123, 124, 125, 127, 131, 132, 133, 134, 135, 140, 141, 142, 143, 144, 147, 149, 153, 154, 155, 156, 157, 158, 159, 160, 161, 674, 675, 676, 677, 678, 162, 680, 168, 170, 192, 194, 195, 196, 197, 207, 719, 721, 720, 725, 726, 727, 728, 213, 732, 225, 227, 228, 740, 230, 229, 232, 233, 235, 236, 237, 238, 239, 240, 241, 242, 246, 248, 249, 251, 263, 264, 265, 266, 270, 271, 272, 273, 274, 275, 276, 277, 278, 279, 280, 281, 282, 283, 284, 285, 286, 287, 288, 289, 290, 291, 292, 293, 294, 296, 297, 298, 299, 300, 302, 814, 816, 817, 815, 819, 820, 821, 860, 861, 862, 863, 391, 397, 436, 437, 438, 439, 440, 441, 443, 444, 446, 487};folded
Q48F24;175-347;249-253;Q48F24.pdb;Q48F24.pdb;92,541;97,153;97,349;2,402;2,065;0,92;[(175, 253), (227, 251), (251, 252), (206, 253), (252, 254), (227, 250), (207, 252), (247, 252), (249, 251), (248, 252), (204, 253), (247, 253), (249, 250), (212, 251), (247, 249), (206, 251), (248, 249), (246, 252), (251, 253), (247, 250), (205, 253), (249, 252), (207, 253), (208, 253), (250, 251), (253, 254), (248, 253), (206, 252), (252, 253), (177, 253), (230, 253), (207, 251), (208, 251), (247, 251), (246, 253), (253, 255), (227, 253), (231, 253), (211, 251), (248, 250), (250, 252), (234, 253)];{175, 177, 204, 205, 206, 207, 208, 211, 212, 227, 230, 231, 234, 246, 247, 248, 249, 250, 251, 252, 253, 254, 255};folded
