pdb,uniprot,dockq,fnat,fnonnat,irms,lrms,capri
7xi9,p26358,0.022,0,0,13.819,35.32,Incorrect
8bfm,q8iu85,0.962,0.978,0.022,0.408,1.305,High
5ehp,q06124,0.968,0.947,0.1,0.297,0.713,High
7syf,q8tcu6,0.676,0.571,0.2,1.379,2.586,Medium
3v01,q02750,0.896,0.927,0.038,0.805,1.022,High
7nr5,p28482,0.875,0.842,0.086,0.729,1.406,High
1s9j,q02750,,,,,,Incorrect
5b5r,q5y4y6,0.394,0.443,0.306,4.998,6.174,Acceptable
6gdq,p28482,0.951,0.946,0,0.475,0.454,High
3kjd,q9ugn5,0.916,0.866,0.097,0.513,0.963,High
8p7j,p52564,,,,,,Incorrect
5jlj,p62826,0.015,0,1,15.661,44.126,Incorrect
7r7d,q06124,0.952,0.958,0.16,0.488,0.678,High
5lku,q09472,,,,,,Incorrect
4fv4,p28482,0.868,0.952,0.033,1.073,0.784,High
6q7s,p28482,0.956,0.955,0,0.449,0.603,High
6xjs,p62826,0.015,0,1,14.752,44.793,Incorrect
7khi,p00579,,,,,,Incorrect
8qt8,q8ixj6,0.905,0.927,0.026,0.699,1.549,High
7x34,p32527,0.855,0.892,0.25,0.97,1.504,High
5oe7,q96bn8,,,,,,Incorrect
4px6,p43405,0.907,1,0.034,0.833,1.797,High
8aoc,p28482,0.958,0.954,0.019,0.427,0.643,High
5h09,p08631,0.846,0.812,0.212,0.884,1.14,High
6a38,p62826,0.015,0,1,14.972,44.527,Incorrect
8uc7,o60741,0.645,0.696,0.238,2.157,2.628,Medium
7yqe,p12931,0.688,0.5,0,1.003,3.24,Medium
8jny,q9ugn5,0.892,0.879,0.078,0.719,1.066,High
2b3o,p29350,0.009,0,1,20.894,57.289,Incorrect
2j0j,q00944,0.557,0.667,0.176,4.086,3.036,Medium
4iz7,p28482,0.72,0.838,0.197,1.688,3.119,Medium
9mie,q96p20,,,,,,Incorrect
8huf,p62826,0.015,0,1,14.521,44.984,Incorrect
3wtz,p14921,0.344,0.423,0.593,2.65,11.215,Acceptable
3tuc,p43405,0.678,0.745,0.128,1.51,4.344,Medium
6qa4,p28482,0.871,0.822,0.076,0.708,1.418,High
7vxg,q06124,0.956,0.939,0.195,0.401,0.559,High
2p55,q02750,0.916,0.925,0.063,0.675,0.84,High
3wty,p14921,0.962,0.947,0.1,0.364,0.668,High
4ol0,p62826,0.278,0,1,2.452,7.502,Acceptable
6n58,p00579,,,,,,Incorrect
5cy3,p43405,0.673,0.857,0.163,2.156,3.766,Medium
3fpm,p49137,0.874,0.9,0.129,0.807,2.006,High
3kyq,q5egy4,0.933,0.907,0.139,0.503,0.648,High
9axx,q02750,0.843,0.857,0.049,0.985,1.404,High
4zzn,p28482,0.952,0.945,0.019,0.45,0.666,High
5fto,q9um73,0.598,0.81,0.145,3.029,4.434,Medium
6g9d,p28482,0.968,0.963,0.01,0.363,0.517,High
7o2b,q9h7b4,0.969,0.944,0.038,0.261,0.707,High
4anl,q9um73,0.745,0.879,0.15,1.665,2.706,Medium
3vf9,p43405,0.877,0.931,0.129,0.898,1.611,High
3r2b,p49137,0.891,0.824,0.082,0.496,1.965,High
4f5a,p12931,0.719,0.5,0,0.884,2.599,Medium
7bot,q8ixj6,0.913,0.941,0,0.748,0.576,High
4zzm,p28482,0.897,0.882,0.04,0.676,1.316,High
6iil,p54578,,,,,,Incorrect
4dfl,p43405,0.861,0.972,0.125,1.124,1.519,High
6i82,p07949,0.783,1,0,1.249,4.789,Medium
4qp6,p28482,0.82,0.844,0.122,1.056,1.999,High
3fxw,q16644,0.897,0.867,0.133,0.676,0.754,High
6g91,p28482,0.957,0.946,0,0.418,0.552,High
4fl2,p43405,0.959,0.969,0.023,0.38,1.507,High
6pst,p00579,,,,,,Incorrect
5mo4,p00519,0.849,0.85,0.056,0.882,1.873,High
1tvo,p28482,0.909,0.935,0.038,0.753,0.632,High
2y1n,p22681,0.251,0.583,0.517,5.821,24.44,Acceptable
5y0z,q8ixj6,0.907,0.926,0.038,0.727,1.04,High
6b1u,p54646,,,,,,Incorrect
8hq6,p62826,0.015,0,1,14.808,45.059,Incorrect
8s0s,q06124,0.941,0.986,0.089,0.641,0.794,High
4tui,q58719,0.866,0.926,0.113,0.939,1.91,High
3vrz,p08631,0.885,0.912,0.061,0.851,1.006,High
8hq3,p62826,0.015,0,1,14.744,45.259,Incorrect
3fhr,q16644,0.894,0.87,0.105,0.701,0.761,High
6lwh,q96fi4,,,,,,Incorrect
4l3o,q8ixj6,0.955,0.948,0.087,0.418,0.849,High
3oxg,q9h7b4,0.931,0.923,0.077,0.519,1.282,High
7.00E+73,p28482,0.959,0.938,0,0.363,0.589,High
4hat,p62826,0.015,0,1,15.003,44.724,Incorrect
6t6f,q8iu85,0.927,0.967,0.033,0.631,1.626,High
8hks,q9ugn5,0.885,0.856,0.127,0.704,1.188,High
6o5f,o00571,0.252,0.686,0.263,10.178,37.547,Acceptable
4gpt,p62826,0.015,0,1,14.697,44.822,Incorrect
2y1m,p22681,0.291,0.692,0.561,5.825,23.271,Acceptable
3vry,p08631,0.911,0.967,0.121,0.78,1.195,High
8ssn,p00519,0.717,0.773,0.227,1.69,2.212,Medium
5xxj,q9h7b4,0.967,0.927,0.019,0.223,0.509,High
7jvn,q06124,0.976,0.973,0.076,0.313,0.476,High
2yfx,q9um73,0.755,0.879,0.15,1.583,2.623,Medium
6a3b,p62826,0.015,0,1,14.779,44.491,Incorrect
5y5u,p43405,0.858,0.967,0.094,1.06,2.157,High
4fv6,p28482,0.872,0.95,0.034,1.046,0.636,High
7nr8,p28482,0.948,0.937,0.01,0.468,0.565,High
4xg2,p43405,0.859,0.97,0,1.138,1.412,High
5ax3,p28482,0.498,0.59,0.281,2.835,5.746,Medium
5nhh,p28482,0.912,0.936,0.029,0.737,0.653,High
8ao7,p28482,0.948,0.972,0.019,0.558,0.697,High
4mxz,p12931,,,,,,Incorrect
3nbz,p62826,0.206,0,1,2.835,10.404,Incorrect
5fm3,p07949,0.546,0.833,0.167,2.955,6.958,Medium
1rrp,p62826,0.016,0,1,12.161,45.25,Incorrect
3fzk,p11142,0.956,0.929,0.049,0.365,0.556,High
6d74,q8nb16,0.643,0.604,0.216,1.729,2.922,Medium
7od1,o95376,0.891,0.897,0.167,0.785,0.767,High
3pjw,q3kk31,0.877,0.849,0.141,0.761,0.931,High
6zcq,p43405,0.875,1,0.15,1.088,1.518,High
6ijl,q9h7b4,0.957,0.909,0.038,0.271,0.622,High
2cke,q9uik4,0.986,1,0.103,0.288,0.705,High
5kj2,q09472,,,,,,Incorrect
8u8k,p28482,0.525,0.678,0.371,2.562,6.354,Medium
3d0e,p31751,0.761,0.878,0.093,1.493,2.78,Medium
5bve,p28482,0.89,0.98,0.039,0.992,0.615,High
7nrb,q16644,0.888,0.853,0.114,0.702,0.763,High
1o6l,p31751,0.914,0.92,0.053,0.669,0.934,High
4joa,q9um73,0.804,0.85,0.15,1.228,1.631,High
4kc9,q9y4x5,0.014,0,1,19.388,44.194,Incorrect
6md9,q06124,0.967,0.934,0.09,0.262,0.408,High
6mdc,q06124,0.972,0.947,0.09,0.243,0.618,High
6x2u,p62826,0.015,0,1,14.794,44.577,Incorrect
4zzy,q9ugn5,0.741,0.86,0.253,1.593,2.94,Medium
5di9,p62826,0.015,0,1,14.975,44.835,Incorrect
4f4p,p43405,0.92,1,0.043,0.79,1.261,High
6a3c,p62826,0.015,0,1,14.774,44.555,Incorrect
8tua,q8tcu6,0.744,0.609,0.125,1.003,2.289,Medium
5aqk,p11142,0.96,0.949,0.075,0.399,0.491,High
6zc0,p43405,0.85,1,0.079,1.222,1.992,High
3eqb,q02750,0.892,0.912,0.076,0.803,1.009,High
3eqc,q02750,0.838,0.906,0.049,1.162,1.139,High
4h5r,p11142,0.958,0.925,0.075,0.333,0.448,High
6dmg,p28482,0.965,0.963,0.019,0.394,0.465,High
6zvo,q8nb16,0.861,0.865,0.086,0.873,1.425,High
5uwq,p62826,0.015,0,1,14.846,44.9,Incorrect
9bc7,o60741,0.937,0.902,0.115,0.452,0.695,High
4fg8,q14012,0.934,0.955,0,0.617,0.761,High
6s9w,p31749,0.216,0.153,0.605,6.264,9.569,Incorrect
6xh7,p00579,,,,,,Incorrect
6lwg,q96fi4,,,,,,Incorrect
8fw2,q9npp4,,,,,,Incorrect
8rzw,q06124,0.926,0.935,0.1,0.627,0.844,High
7cm7,q6szw1,0.913,0.887,0.13,0.5,1.903,High
7w3g,p54578,,,,,,Incorrect
6b1i,p11142,0.975,0.95,0.05,0.236,0.328,High
6gjb,p28482,0.958,0.955,0,0.435,0.552,High
8t8q,q06124,0.961,0.959,0.113,0.416,0.561,High
6s73,q8tdx7,0.53,0.5,0.444,2.165,4.688,Medium
5lma,p43405,0.855,0.967,0.275,1.143,1.576,High
2n1b,p62826,0.591,0.708,0.333,2.287,4.698,Medium
3lct,q9um73,0.68,0.736,0.243,1.787,2.977,Medium
3fzf,p11142,0.94,0.905,0.073,0.439,0.718,High
3kcz,q9ugn5,0.908,0.884,0.097,0.62,1.041,High
7jij,q13131,,,,,,Incorrect
4gmx,p62826,0.015,0,1,14.51,44.66,Incorrect
4tyh,p49137,0.704,0.818,0.109,2.275,0.875,Medium
2ivt,p07949,0.344,0.321,0.308,3.142,8.075,Acceptable
6oph,p28482,0.523,0.667,0.402,2.546,6.325,Medium
5lkx,q09472,,,,,,Incorrect
3vs1,p08631,0.899,0.968,0.091,0.864,1.313,High
6edl,q9um73,0.841,0.952,0.024,1.207,1.682,High
6bmx,q06124,0.975,0.973,0.113,0.31,0.629,High
4ylo,p00579,,,,,,Incorrect
5nhp,p28482,0.948,0.937,0.01,0.473,0.431,High
7du8,p07949,0.311,0.265,0.5,3.327,8.491,Acceptable
6lwj,q96fi4,,,,,,Incorrect
6lwd,q96fi4,,,,,,Incorrect
4u81,q02750,0.913,0.927,0.038,0.7,0.818,High
8ej4,q8tdx7,0.656,1,0.333,2.199,6.218,Medium
5cxz,p43405,0.837,0.944,0.105,1.201,1.827,High
6sak,q96bn8,,,,,,Incorrect
5aqm,p11142,0.958,0.925,0.075,0.332,0.529,High
6c9g,q13131,,,,,,Incorrect
7w5y,p00579,,,,,,Incorrect
4ora,p16298,0.611,0.84,0.176,2.232,5.822,Medium
6x2y,p62826,0.015,0,1,14.985,44.951,Incorrect
4i0s,p43405,0.834,0.943,0.175,1.234,1.675,High
7w3k,p54578,,,,,,Incorrect
4pv0,p43405,0.848,0.946,0.125,1.152,1.531,High
6g8x,p28482,0.889,0.873,0.086,0.707,1.338,High
4zx2,p53041,0.962,0.917,0,0.247,0.53,High
4pzr,q09472,,,,,,Incorrect
7ng7,p12931,,,,,,Incorrect
4bqa,p15036,0.363,0.458,0.522,3.732,8.643,Acceptable
5aqp,p11142,0.96,0.95,0.05,0.396,0.607,High
7nj0,q14674,,,,,,Incorrect
7qnu,q9h7b4,0.963,0.926,0.038,0.266,0.612,High
6t8x,p49137,0.682,0.889,0.111,1.612,5.64,Medium
1opl,p00519,,,,,,Incorrect
8s5m,p35520,0.651,0.758,0.265,2.552,2.151,Medium
4yjv,p43405,0.816,0.969,0.031,1.439,1.786,High
6b5b,q3up24,0.59,0.536,0.444,2.064,3.022,Medium
5aqh,p11142,0.965,0.949,0.075,0.344,0.449,High
4pzt,q09472,,,,,,Incorrect
4h34,q06124,0.872,0.864,0.174,0.764,1.747,High
6hhg,p31749,0.206,0.17,0.529,5.8,10.758,Incorrect
9blg,q06124,0.977,0.986,0.087,0.344,0.613,High
6gjd,p28482,0.966,0.954,0.01,0.351,0.52,High
2jbp,p49137,0.88,0.838,0.088,0.687,1.366,High
1gzo,p31751,0.677,0.827,0.23,2.249,2.897,Medium
6zcs,p43405,0.858,1,0.175,1.201,1.645,High
4kn7,p00579,,,,,,Incorrect
5e7i,o00571,0.766,0.943,0.12,0.743,7.667,Medium
6crf,q06124,0.014,0,1,10.353,59.038,Incorrect
7b7r,q02750,0.885,0.895,0.037,0.809,1.036,High
4yln,p00579,,,,,,Incorrect
4hau,p62826,0.015,0,1,14.887,43.922,Incorrect
5cll,p62826,0.077,0,1,4.323,22.559,Incorrect
5ciw,p62826,0.951,0.921,0.049,0.393,0.589,High
5o1s,p18654,0.502,0.388,0.345,2.353,3.836,Medium
4rew,q13131,,,,,,Incorrect
4x3o,q8ixj6,0.893,0.902,0.051,0.79,0.613,High
6zcx,p43405,0.866,1,0.154,1.148,1.521,High
8a8m,p52564,,,,,,Incorrect
1opk,p00520,0.956,0.986,0.053,0.512,0.96,High
9axh,q02750,0.89,0.901,0.052,0.8,0.843,High
4f59,p12931,0.721,0.5,0,0.871,2.589,Medium
3jwn,a0a0r4i961,0.09,0.185,0.571,10.871,31.481,Incorrect
4l3v,p35520,0.905,1,0.056,0.705,2.899,High
6b1n,p11142,0.962,0.909,0.024,0.227,0.332,High
6qag,p28482,0.97,0.972,0,0.378,0.453,High
7us1,q9jk66,0.451,0.906,0.121,4.663,11.495,Acceptable
7ypz,p62826,0.015,0,1,14.536,45.365,Incorrect
3pt6,p13864,0.025,0,1,12.112,33.573,Incorrect
6xzq,p39687,0.895,0.946,0.221,0.856,1.101,High
1dbh,q07889,,,,,,Incorrect
7qnr,q9h7b4,0.97,0.943,0.038,0.255,0.586,High
8hko,q9ugn5,0.891,0.903,0.088,0.778,1.124,High
8s0p,q06124,0.892,0.922,0.113,0.821,1.044,High
8s06,q06124,0.92,0.942,0.188,0.686,0.859,High
7liu,o00571,0.712,0.768,0.189,1.612,2.784,Medium
6o9o,q9h7b4,0.951,0.879,0.019,0.214,0.639,High
5c27,p43405,0.874,1,0.15,1.113,1.276,High
3vs4,p08631,0.854,0.789,0.091,0.762,1.252,High
6nbs,p28482,,,,,,Incorrect
3m42,p49137,0.625,0.795,0.139,3.879,1.978,Medium
3wtv,p14921,0.951,0.944,0.15,0.448,0.857,High
8aog,p28482,0.957,0.954,0.019,0.436,0.647,High
4u7p,q9y6k1,0.312,0.262,0.795,4.194,7.514,Acceptable
6pp9,q02750,0.955,0.953,0.012,0.449,0.748,High
8wfy,q06124,0.963,0.942,0.177,0.321,0.77,High
5aqn,p11142,0.949,0.902,0.075,0.352,0.495,High
8pt3,p28482,0.575,0.675,0.325,2.152,5.257,Medium
8hkn,q9ugn5,0.916,0.901,0.108,0.606,0.969,High
8bfs,q8iu85,0.957,0.978,0.033,0.41,1.646,High
5y5t,p43405,0.839,0.972,0.125,1.274,1.647,High
3os3,q02750,0.827,0.918,0.082,1.276,1.096,High
7crr,q9bz95,0.811,0.875,0.176,1.232,1.689,High
2shp,q06124,0.935,0.908,0.115,0.46,1.108,High
7tw7,p41212,,,,,,Incorrect
3h66,p53041,0.981,1,0,0.347,0.644,High
6wu8,q06124,0.89,0.864,0.136,0.708,0.922,High
6x0n,q9ugn5,0.051,0,0,5.92,26.392,Incorrect
3v04,q02750,0.916,0.927,0.038,0.678,0.836,High
7nal,q6szw1,0.668,0.81,0.346,2.287,2.921,Medium
8s0q,q06124,0.903,0.96,0.1,0.832,1.03,High
8qgy,q99683,0.014,0,1,14.678,46.559,Incorrect
1qcf,p08631,,,,,,Incorrect
4ccb,q9um73,0.609,0.82,0.057,2.812,4.43,Medium
6tx3,q9ugn5,0.945,0.974,0.119,0.568,0.962,High
5lrv,q6gqq9,0.628,0.706,0.368,2.885,1.59,Medium
7vtp,q96p20,,,,,,Incorrect
5lck,p28482,0.955,0.946,0,0.427,0.574,High
7bef,p00579,,,,,,Incorrect
5nhv,p28482,0.942,0.92,0.01,0.475,0.416,High
7pzc,q96p20,,,,,,Incorrect
3zly,q02750,0.842,0.915,0.038,1.166,0.948,High
3gj0,p62826,0.964,0.966,0.082,0.408,0.643,High
4u5w,p08631,,,,,,Incorrect
4hax,p62826,0.015,0,1,15.015,43.93,Incorrect
7mkn,p60240,,,,,,Incorrect
6lq9,p62826,0.015,0,1,15.21,44.629,Incorrect
4a4b,p22681,0.834,0.825,0.108,0.977,1.376,High
4hb3,p62826,0.015,0,1,15.494,44.23,Incorrect
3g45,q07343,0.81,0.87,0.216,1.164,2.226,High
6q0j,q02750,0.881,0.941,0.04,0.947,0.952,High
5aac,q9um73,0.753,0.879,0.056,1.568,2.795,Medium
5kz0,q9um73,0.745,0.855,0.145,1.581,2.74,Medium
2uw9,p31751,0.933,0.939,0.075,0.589,0.734,High
7bj1,q9h7b4,0.968,0.929,0.019,0.196,0.727,High
5ezv,p54646,,,,,,Incorrect
6nja,p07949,0.313,0.24,0.455,3.228,8.163,Acceptable
6uqf,o60741,0.936,0.875,0.075,0.376,0.784,High
5uwt,p62826,0.015,0,1,14.863,44.799,Incorrect
8s5j,p35520,0.885,0.909,0.091,0.754,1.976,High
6v90,q09472,,,,,,Incorrect
6iin,p54578,,,,,,Incorrect
7w3c,p54578,,,,,,Incorrect
5itr,q96fi4,,,,,,Incorrect
7nm4,q8nb16,0.66,0.615,0.314,1.665,2.566,Medium
3tub,p43405,0.78,0.949,0.098,1.413,3.407,Medium
3sa0,p28482,0.957,0.938,0,0.38,0.741,High
6lwa,q96fi4,,,,,,Incorrect
4ylp,p00579,,,,,,Incorrect
3emg,p43405,0.692,0.567,0.393,1.3,2.193,Medium
6l65,q8ixj6,0.91,0.927,0.026,0.706,1.045,High
5ehr,q06124,0.976,0.96,0.077,0.256,0.583,High
3auz,q58719,0.67,0.925,0.088,2.067,5.05,Medium
4tt7,q9um73,0.719,0.838,0.05,1.724,3.024,Medium
6g93,p28482,0.941,0.946,0,0.551,0.546,High
4cff,p54646,,,,,,Incorrect
7mo1,p62826,0.924,0.95,0.081,0.598,1.744,High
7mnp,p62826,0.961,0.922,0.033,0.295,0.447,High
1fbv,p22681,0.395,1,0.733,3.765,37.38,Acceptable
8wyw,p43405,0.87,1,0.094,1.13,1.424,High
8qt2,q8ixj6,0.903,0.926,0.038,0.702,1.695,High
3wu0,p14921,0.347,0.385,0.655,2.597,10.296,Acceptable
4g6n,p28482,0.972,0.972,0.01,0.346,0.637,High
5uwj,p62826,0.015,0,1,15,44.799,Incorrect
4d1e,p35609,,,,,,Incorrect
2ayo,p54578,,,,,,Incorrect
8gae,p53041,,,,,,Incorrect
1k79,p27577,0.979,0.975,0.071,0.291,0.444,High
4red,q13131,0.027,0,0,17.087,29.886,Incorrect
7mnv,p62826,0.966,0.955,0.031,0.357,0.542,High
7lfh,q8r4b8,,,,,,Incorrect
8r5f,p28482,0.82,0.866,0.079,1.135,1.743,High
4qp8,p28482,0.693,0.8,0.246,2.059,2.302,Medium
8jf3,p12931,,,,,,Incorrect
6xjt,p62826,0.015,0,1,14.846,44.833,Incorrect
3r1n,q16644,0.906,0.886,0.123,0.659,0.71,High
7run,p07949,0.455,0.556,0,3.156,6.582,Acceptable
8cbh,q06124,0.959,0.973,0.101,0.476,0.544,High
4puz,p43405,0.817,0.947,0.1,1.354,1.914,High
4kxf,q3up24,0.016,0,1,19.117,40.456,Incorrect
2lqn,p46109,0.032,0,1,9.192,31.058,Incorrect
1kjw,p31016,0.841,0.812,0,0.802,2.261,High
2h8h,p12931,,,,,,Incorrect
8xq0,p43405,0.853,0.968,0.062,1.168,1.504,High
7mnu,p62826,0.803,0.862,0.082,1.321,1.126,High
4i0t,p43405,0.864,1,0.15,1.14,1.765,High
7r7l,q06124,0.87,0.875,0.136,0.857,1.19,High
3vs2,p08631,0.886,0.882,0.091,0.757,1.292,High
5dis,p62826,0.297,0,1,1.973,8.092,Acceptable
6g54,p28482,0.954,0.954,0.01,0.465,0.502,High
5itu,q96fi4,,,,,,Incorrect
3aln,p45985,0.742,0.935,0.1,2.143,1.714,Medium
5yt3,q02750,0.858,0.883,0.029,0.937,1.415,High
4xg4,p43405,0.842,1,0.1,1.322,1.665,High
8rn0,p39687,0.9,0.951,0.121,0.842,0.893,High
2mmc,p62826,0.444,0.615,0.304,3.85,7.151,Acceptable
4k11,p12931,0.831,0.857,0.122,1.032,1.829,High
5xxg,q9h7b4,0.961,0.909,0.038,0.217,0.569,High
5fyq,q8ixj6,0.932,0.961,0.075,0.665,0.334,High
8xx1,p49137,0.602,0.739,0.162,4.014,2.059,Medium
1ny3,p49137,0.912,0.902,0.132,0.587,1.536,High
3znz,q96bn8,,,,,,Incorrect
6e0r,q9um73,0.874,0.938,0.1,1.002,0.686,High
5iui,q9um73,0.722,0.857,0.156,1.851,2.621,Medium
4qta,p28482,0.809,0.875,0.109,1.287,1.357,High
6u2g,q02750,0.943,0.953,0.057,0.541,0.769,High
6s9x,p31749,0.205,0.146,0.588,5.509,10.396,Incorrect
3zgo,q8ixj6,0.912,0.939,0.013,0.672,1.659,High
2xkx,p31016,,,,,,Incorrect
5e7j,o00571,0.684,0.905,0.141,1.085,8.669,Medium
4fv1,p28482,0.959,0.945,0.01,0.395,0.465,High
6t29,q8iu85,0.952,0.977,0.055,0.439,1.762,High
6m6x,p62826,0.015,0,1,14.823,45.195,Incorrect
7sfc,p26358,,,,,,Incorrect
9byj,p08631,,,,,,Incorrect
6bab,q6phz2,0.976,0.971,0.029,0.269,0.903,High
5ui1,p53041,0.994,1,0,0.191,0.299,High
5h0b,p08631,0.906,0.9,0.182,0.676,0.966,High
5lmb,p43405,0.804,0.886,0.031,1.285,1.961,High
9mgy,q96p20,,,,,,Incorrect
7sfe,p26358,,,,,,Incorrect
3gok,p49137,0.87,0.873,0.088,0.788,1.859,High
5ibm,q06124,0.963,0.932,0.081,0.306,0.488,High
5uwu,p62826,0.015,0,1,14.852,44.685,Incorrect
6psr,p00579,,,,,,Incorrect
2src,p12931,,,,,,Incorrect
4ja7,p53042,0.709,0.532,0.154,1.116,1.913,Medium
5k6j,q07343,,,,,,Incorrect
8jn9,p12931,0.82,0.857,0.236,1.037,2.388,High
5udh,q9y4x5,0.014,0,0,19.08,44.263,Incorrect
6zcr,p43405,0.831,0.974,0.075,1.296,1.987,High
8itv,p62826,0.015,0,1,14.95,45.018,Incorrect
7nzn,p07949,0.313,0.24,0.4,3.202,8.169,Acceptable
3srv,p43405,0.809,0.914,0,1.312,2.003,High
7r75,q06124,0.819,0.814,0.136,1.038,1.547,High
5aqt,p11142,0.965,0.949,0.075,0.347,0.451,High
3zzw,q01974,,,,,,Incorrect
8jn8,p12931,0.781,0.827,0.085,1.216,2.652,Medium
6q7k,p28482,0.96,0.963,0.01,0.439,0.489,High
4yjo,p43405,0.825,0.97,0.2,1.347,1.943,High
3eqg,q02750,0.819,0.864,0.106,1.193,1.221,High
4kmu,p00579,,,,,,Incorrect
6l72,q8ixj6,0.919,0.914,0.051,0.635,0.648,High
7r7r,q9um73,0.769,0.87,0.096,1.449,2.493,Medium
8dgs,q02750,0.885,0.91,0.145,0.818,1.368,High
4clj,q9um73,0.735,0.864,0.15,1.704,2.764,Medium
4fyn,p43405,0.857,0.971,0.15,1.139,1.618,High
3mbl,q02750,0.862,0.926,0.074,1.046,0.994,High
5ysu,p62826,0.015,0,1,14.834,44.599,Incorrect
4y6q,q8ixj6,0.874,0.927,0.05,0.956,1.061,High
4nif,p28482,0.543,0.699,0.341,2.5,6.016,Medium
1jxo,p31016,0.933,0.923,0,0.254,2.787,High
6x2r,p62826,0.015,0,1,14.857,45.048,Incorrect
3eqh,q02750,0.822,0.886,0.082,1.219,1.32,High
5hpe,p53041,0.973,0.95,0.095,0.252,0.43,High
7m0y,q02750,0.934,0.949,0.063,0.607,0.633,High
5aql,p11142,0.964,0.947,0.1,0.35,0.536,High
5aqs,p11142,0.968,0.974,0.073,0.398,0.634,High
4fbn,p19174,0.263,0.413,0.422,5.924,12.511,Acceptable
4kn4,p00579,,,,,,Incorrect
4xg9,p43405,0.821,0.947,0.1,1.329,1.859,High
5nhf,p28482,0.97,0.963,0.01,0.342,0.48,High
3she,q16644,0.917,0.897,0.147,0.6,0.726,High
5vlo,q13557,0.971,0.943,0.029,0.255,0.402,High
8q61,p31751,0.266,0.479,0.272,7.889,13.503,Acceptable
3r2y,p49137,0.922,0.898,0.083,0.567,0.663,High
3orn,q02750,0.839,0.963,0.103,1.322,0.729,High
6bbq,o08967,0.214,0.583,0.892,8.011,54.205,Incorrect
5aqo,p11142,0.964,0.947,0.1,0.347,0.48,High
7b9l,q02750,0.919,0.916,0.013,0.625,0.914,High
4yjs,p43405,0.846,0.967,0.094,1.22,1.535,High
5xxd,q9h7b4,0.947,0.891,0.058,0.323,0.584,High
8s5h,p35520,0.882,0.882,0.091,0.72,1.911,High
2eyz,p46108,,,,,,Incorrect
8qt1,q8ixj6,0.902,0.926,0.038,0.707,1.699,High
7w3a,p54578,,,,,,Incorrect
7m0z,q02750,0.944,0.974,0.106,0.598,0.581,High
9axa,q02750,0.811,0.893,0.18,1.235,2.08,High
5bk8,q06124,0.801,0.88,0.132,1.216,2.525,High
4rx8,p43405,0.874,1,0.062,1.1,1.45,High
4ja9,p53042,0.768,0.597,0.098,0.89,1.538,Medium
6zrb,q9h7b4,0.957,0.893,0.057,0.202,0.615,High
4wzi,q07343,,,,,,Incorrect
5aab,q9um73,0.743,0.864,0.056,1.598,2.88,Medium
1ksw,p12931,,,,,,Incorrect
2nny,p14921,0.427,0.48,0.478,2.687,7.498,Acceptable
2jdo,p31751,0.939,0.931,0.083,0.519,0.698,High
2lqw,p46109,0.031,0,1,9.356,31.718,Incorrect
7w3h,p54578,,,,,,Incorrect
5k4i,p28482,0.805,0.895,0.121,1.363,1.403,High
5aaa,q9um73,0.749,0.869,0.131,1.581,2.743,Medium
9axy,q02750,0.952,0.963,0.071,0.5,0.733,High
5dny,q58719,0.721,0.918,0.138,0.965,7.874,Medium
2i4i,o00571,,,,,,Incorrect
4ohl,q06124,0.929,0.918,0.173,0.557,0.856,High
6bmy,q06124,0.978,0.974,0.062,0.295,0.528,High
8uc8,o60741,0.635,0.673,0.214,2.167,2.735,Medium
4xos,p39687,0.974,0.954,0.075,0.256,0.412,High
4x0f,q07343,,,,,,Incorrect
7ju6,p07949,0.31,0.263,0.375,3.341,8.534,Acceptable
1k5g,p62826,0.016,0,1,13.811,44.464,Incorrect
5hze,q02750,0.788,0.844,0.095,1.39,1.136,Medium
6rq4,p28482,0.959,0.972,0,0.485,0.401,High
8s07,q06124,0.904,0.917,0.154,0.731,0.938,High
1wmk,q9uik4,0.923,0.875,0.097,0.485,0.918,High
5lrw,q6gqq9,0.544,0.611,0.656,2.592,4.662,Medium
6dat,p27577,0.482,0.974,0.073,3.642,12.224,Acceptable
6amv,p00519,,,,,,Incorrect
6v8n,q09472,,,,,,Incorrect
4xg6,p43405,0.839,0.917,0.175,1.091,2.011,High
8t4y,o60741,0.941,0.955,0.222,0.553,0.963,High
3fqh,p43405,0.835,0.972,0.125,1.261,2.033,High
4cmt,q9um73,0.601,0.793,0.061,2.769,4.474,Medium
4ccu,q9um73,0.741,0.852,0.088,1.596,2.803,Medium
5a9u,q9um73,0.753,0.864,0.056,1.534,2.739,Medium
3vs6,p08631,0.862,0.806,0.121,0.759,1.091,High
5ex0,q9h7b4,0.896,0.955,0.222,0.78,2.037,High
8gww,q06124,0.964,0.954,0.184,0.373,0.467,High
3gj8,p62826,0.962,0.952,0.077,0.381,0.598,High
1aui,q08209,0.922,0.84,0.16,0.394,0.774,High
7b5m,q9y4x5,0.387,0,1,0.732,11.504,Acceptable
4h6y,q9y4f1,0.874,0.755,0.13,0.568,0.684,High
3wtu,p14921,0.937,0.895,0.15,0.428,0.791,High
7zr6,p53041,,,,,,Incorrect
7apj,p31749,,,,,,Incorrect
1ad5,p08631,0.769,1,0.5,1.54,3.999,Medium
3fzh,p11142,0.941,0.881,0.075,0.356,0.569,High
4z55,q9um73,0.705,0.763,0.121,1.632,2.935,Medium
2bid,p55957,0.464,0.519,0.438,3.528,5.288,Acceptable
6qa3,p28482,0.962,0.946,0,0.364,0.527,High
1md0,p27577,0.541,0.974,0.14,2.331,11.439,Medium
2qr8,p18654,0.489,0.373,0.424,2.57,3.689,Acceptable
7nry,p49137,0.872,0.869,0.114,0.844,0.961,High
7b5n,q9y4x5,,,,,,Incorrect
5uwh,p62826,0.015,0,1,14.675,44.073,Incorrect
4haw,p62826,0.015,0,1,14.988,43.662,Incorrect
8qoo,q8ixj6,0.902,0.926,0.038,0.708,1.71,High
6x2m,p62826,0.015,0,1,14.679,44.909,Incorrect
6x0m,q9ugn5,0.054,0,0,5.877,25.287,Incorrect
8sxn,q8tdx7,0.58,0.451,0.439,1.786,3.203,Medium
6kft,p62826,0.015,0,1,14.779,44.491,Incorrect
8xq1,p43405,0.878,1,0.031,1.098,1.095,High
4y6o,q8ixj6,0.924,0.951,0.037,0.682,0.689,High
3ksy,q07889,0.68,0.551,0.372,1.423,1.688,Medium
4zyn,q9jk66,0.798,0.865,0.129,1.332,1.501,Medium
3vs0,p08631,0.911,1,0.152,0.866,1.094,High
3e8d,p31751,0.845,0.918,0.063,1.063,1.905,High
6vhg,p07949,0.423,0.438,0.125,2.953,6.567,Acceptable
5j3x,p22681,0.276,0.692,0.471,6.051,29.307,Acceptable
6ate,p12931,,,,,,Incorrect
7xnc,q02750,0.833,0.912,0.064,1.211,1.204,High
3ea5,p62826,0.257,0,1,2.279,9.065,Acceptable
3lfv,o76074,0.453,0.5,0,2.418,7.204,Acceptable
5eym,q02750,0.856,0.948,0.076,1.116,1.294,High
5itq,q96fi4,,,,,,Incorrect
3bhh,q13554,0.964,0.939,0.061,0.302,0.774,High
6d5y,p28482,0.618,0.773,0.32,2.146,4.85,Medium
6xjr,p62826,0.015,0,1,14.554,45.053,Incorrect
7m8e,p60240,,,,,,Incorrect
8s0i,q06124,0.925,0.937,0.075,0.64,0.818,High
6tvo,p62826,0.234,0,1,2.563,9.445,Acceptable
6qp5,q8iu85,0.977,0.989,0.022,0.269,1.413,High
4cd0,q9um73,0.737,0.862,0.167,1.674,2.783,Medium
6zle,q8nb16,0.667,0.657,0.303,1.702,2.721,Medium
5aqv,p11142,0.958,0.925,0.075,0.341,0.446,High
6ge0,p28482,0.967,0.963,0,0.374,0.491,High
5bvd,p28482,0.89,0.962,0.02,0.951,0.667,High
5uwi,p62826,0.015,0,1,14.865,44.755,Incorrect
4zzo,p28482,0.891,0.88,0.059,0.707,1.338,High
3gj3,p62826,0.958,0.937,0.033,0.367,0.582,High
4n0s,p28482,0.962,0.981,0.01,0.467,0.727,High
6nf1,p15498,0.958,0.971,0.057,0.36,1.786,High
4px9,o00571,0.884,0.956,0.097,0.96,0.975,High
8u7w,q06124,0.965,0.958,0.115,0.361,0.757,High
7t1d,q8ixj6,0.841,0.962,0.026,1.272,1.267,High
4dce,q9um73,0.787,0.911,0.089,1.447,2.316,Medium
2vn9,q13557,0.955,0.892,0.029,0.247,0.263,High
6pa7,q9y6k1,0.797,0.765,0.594,1.005,2.227,Medium
2wqm,q8tdx7,0.718,1,0.333,1.854,4.81,Medium
4rx9,p43405,0.866,1,0.175,1.153,1.529,High
4ksl,q96bn8,,,,,,Incorrect
4iz5,p28482,0.505,0.649,0.408,2.711,6.489,Medium
8qt3,q8ixj6,0.891,0.917,0.037,0.838,0.631,High
4an2,q02750,0.811,0.871,0.063,1.287,1.042,High
3znx,q96bn8,,,,,,Incorrect
6ty4,q00944,0.009,0,1,19.319,58.49,Incorrect
8owo,q9h7b4,0.968,0.929,0.019,0.206,0.737,High
6opg,p28482,0.521,0.663,0.371,2.545,6.327,Medium
4an9,q02750,0.848,0.973,0.087,1.258,1.098,High
7jy4,q9um73,0.756,0.862,0.123,1.51,2.667,Medium
5hi7,q9h7b4,0.852,0.772,0.154,0.771,0.773,High
7myj,p54646,,,,,,Incorrect
5yql,q8ixj6,0.91,0.917,0.013,0.681,1.086,High
4fl3,p43405,0.988,0.991,0.034,0.234,0.615,High
3pp1,q02750,0.871,0.915,0.074,0.963,0.825,High
2ivu,p07949,0.33,0.28,0.364,3.173,8.052,Acceptable
4wvf,p62826,0.015,0,1,14.807,44.782,Incorrect
6hhf,p31749,0.204,0.147,0.688,5.215,10.63,Incorrect
4cki,p07949,0.28,0.192,0.545,3.423,8.735,Acceptable
3sls,q02750,0.835,0.872,0.068,1.11,0.992,High
1tdh,q96fi4,,,,,,Incorrect
5yqm,q8ixj6,0.893,0.917,0.013,0.803,0.997,High
4fob,q9um73,0.762,0.844,0.156,1.463,2.322,Medium
6g9n,p28482,0.883,0.864,0.095,0.724,1.394,High
2r09,o08967,0.976,0.963,0.019,0.278,0.461,High
6cmp,q06124,0.877,0.853,0.135,0.753,1.236,High
8rmr,p39687,0.9,0.951,0.121,0.842,0.893,High
4fyo,p43405,0.846,1,0.15,1.257,1.921,High
4fny,q9um73,0.77,0.949,0.14,1.671,2.605,Medium
7w3f,p54578,,,,,,Incorrect
4a49,p22681,0.933,0.947,0.053,0.601,0.856,High
7udp,q8ni60,0.656,0.625,0.091,1.626,3.104,Medium
5yjo,q9h7b4,0.962,0.911,0.019,0.225,0.402,High
7mkq,p60240,,,,,,Incorrect
3eqf,q02750,0.799,0.871,0.047,1.345,1.454,Medium
3av0,q58719,0.693,0.913,0.074,1.195,7.645,Medium
3eqi,q02750,0.819,0.839,0.071,1.143,1.013,High
7knq,q6szw1,0.173,0.464,0.25,20.399,37.188,Incorrect
4fux,p28482,0.965,0.972,0.019,0.416,0.548,High
4ohe,q06124,0.829,0.909,0.221,1.102,2.348,High
3a2c,p49137,0.899,0.905,0.081,0.675,1.71,High
8u7x,q06124,0.976,0.986,0.087,0.352,0.626,High
4l0d,p35520,0.926,1,0.147,0.636,2.344,High
3alo,p45985,0.751,0.92,0.1,2.006,1.36,Medium
4gzu,q91vs8,0.93,0.928,0.053,0.578,0.727,High
8s0j,q06124,0.922,0.949,0.075,0.681,0.909,High
8sp4,p60240,,,,,,Incorrect
4qp3,p28482,0.833,0.857,0.108,0.99,2.05,High
6i9c,q96bn8,,,,,,Incorrect
4fnx,q9um73,0.75,0.907,0.17,1.937,1.515,Medium
8t50,o60741,0.932,0.881,0.088,0.431,0.865,High
8xe7,q8ixj6,0.879,0.932,0.055,0.934,1.07,High
7xlp,q02750,0.805,0.866,0.066,1.289,1.383,High
3dv3,q02750,0.909,0.938,0.038,0.758,0.779,High
5gjq,p54578,,,,,,Incorrect
8gzc,q09472,,,,,,Incorrect
4hb2,p62826,0.015,0,1,15.031,44.911,Incorrect
4lud,p08631,0.895,1,0.182,0.949,1.464,High
6gyr,q09472,,,,,,Incorrect
3ky9,p15498,0.961,0.971,0,0.409,1.19,High
6ux8,q8nb16,0.865,0.821,0.086,0.725,1.642,High
3gj7,p62826,0.956,0.952,0.033,0.439,0.504,High
6uqg,o60741,0.942,0.918,0.151,0.451,0.782,High
7sfd,p26358,,,,,,Incorrect
5ccl,q9h7b4,0.955,0.912,0.019,0.25,1.215,High
1k7a,p27577,0.977,0.976,0.048,0.315,0.435,High
5dy4,q8ixj6,0.918,0.949,0.051,0.669,1.45,High
4ohh,q06124,0.924,0.861,0.151,0.451,0.642,High
4ksk,q96bn8,,,,,,Incorrect
5lru,q6gqq9,0.674,0.667,0.429,1.641,2.85,Medium
4wxx,p26358,,,,,,Incorrect
6mx8,q9um73,0.873,0.917,0.022,0.908,1.448,High
6x2p,p62826,0.015,0,1,15.302,44.88,Incorrect
4ey0,p19174,0.287,0.475,0.356,5.841,12.257,Acceptable
2x2m,p07949,0.32,0.269,0.364,3.221,8.265,Acceptable
5t68,p43405,0.798,0.895,0.081,1.325,2.202,Medium
4fz7,p43405,0.867,1,0.15,1.155,1.416,High
5dha,p62826,0.015,0,1,15.084,44.807,Incorrect
8pt5,p28482,0.664,0.765,0.246,1.734,4.247,Medium
8aoe,p28482,0.974,0.981,0.019,0.357,0.573,High
6x2v,p62826,0.015,0,1,14.801,44.225,Incorrect
8spg,p60240,,,,,,Incorrect
7umb,q02750,0.823,0.93,0.12,1.336,1.149,High
2qyl,q07343,,,,,,Incorrect
5aa9,q9um73,0.738,0.859,0.098,1.653,2.762,Medium
2c0i,p08631,,,,,,Incorrect
1xbb,p43405,0.874,1,0.158,1.098,1.461,High
4pjv,q9ugn5,0.911,0.898,0.122,0.639,0.964,High
1xt0,q8rt31,0.718,0.5,0.333,0.8,3.197,Medium
8ao5,p28482,0.966,0.955,0,0.353,0.451,High
7xc1,p28482,0.7,0.777,0.298,1.584,3.544,Medium
2qr7,p18654,0.481,0.319,0.444,2.4,3.651,Acceptable
7o2c,q9h7b4,0.966,0.927,0.019,0.228,0.638,High
7b51,p62826,0.289,0,1,1.947,8.58,Acceptable
6g92,p28482,0.963,0.972,0.01,0.429,0.68,High
3swr,p26358,0.095,0.176,0.567,9.622,27.814,Incorrect
5i35,q8ni60,0.663,0.667,0.4,1.641,3.307,Medium
8rnc,p39687,0.72,0.898,0.209,1.934,3.063,Medium
3m3z,p11142,0.963,0.95,0.073,0.364,0.608,High
4fv7,p28482,0.91,0.972,0.01,0.821,0.923,High
5lcj,p28482,0.96,0.962,0.029,0.437,0.576,High
6gtz,a0a0r4i961,0.093,0.188,0.536,11.041,30.283,Incorrect
7uy0,p09769,0.826,0.825,0.25,1.046,1.174,High
2jc6,q8iu85,0.606,0.82,0.099,2.515,5.078,Medium
6lwr,q96fi4,,,,,,Incorrect
7b3m,q02750,0.888,0.915,0.062,0.834,1.042,High
6p6g,q9h7b4,0.951,0.879,0.019,0.214,0.639,High
9b62,p62826,0.348,0,1,1.578,7.411,Acceptable
6x2o,p62826,0.015,0,1,14.68,44.868,Incorrect
4mkc,q9um73,0.707,0.759,0.143,1.608,2.898,Medium
4c7p,q8rt31,0.885,0.907,0.21,0.838,1.052,High
6b6h,p00579,,,,,,Incorrect
5uwp,p62826,0.015,0,1,14.852,44.661,Incorrect
8p5x,q8nqj3,,,,,,Incorrect
6g9m,p28482,0.957,0.937,0.01,0.386,0.524,High
4hav,p62826,0.016,0,1,14.673,43.819,Incorrect
7ote,p12931,,,,,,Incorrect
3zls,q02750,0.757,0.802,0.083,1.518,1.378,Medium
8qt0,q8ixj6,0.914,0.938,0.026,0.698,1.196,High
5mar,q8ixj6,0.942,0.926,0.062,0.356,1.909,High
5dsy,q9ugn5,0.931,0.952,0.024,0.622,1.003,High
4pcu,p35520,0.211,0.587,0.129,14.455,43.515,Incorrect
5h0h,p08631,0.921,0.968,0.091,0.733,0.954,High
4ksj,q96bn8,,,,,,Incorrect
7m0t,q02750,0.928,0.94,0.013,0.625,0.736,High
7mnt,p62826,0.804,0.875,0.097,1.323,1.376,High
2md5,p97360,,,,,,Incorrect
3nc0,p62826,0.21,0,1,2.563,10.995,Incorrect
4qp7,p28482,0.622,0.758,0.373,2.144,4.523,Medium
5nho,p28482,0.929,0.945,0.01,0.635,0.703,High
3pdn,q9h7b4,0.957,0.897,0.019,0.211,0.705,High
6pf1,q09472,,,,,,Incorrect
5amn,p07949,0.324,0.269,0.3,3.208,8.13,Acceptable
5aqq,p11142,0.964,0.95,0.026,0.363,0.523,High
6gtv,a0a0r4i961,0.089,0.182,0.571,11.05,31.915,Incorrect
3pjx,q3kk31,0.806,0.822,0.129,1.044,2.474,High
7vi0,q09472,,,,,,Incorrect
8gni,q6szw1,0.425,0.773,0.37,3.418,11.795,Acceptable
7m0u,q02750,0.927,0.949,0.051,0.658,0.739,High
6x9k,p26358,,,,,,Incorrect
5yst,p62826,0.015,0,1,15.007,44.659,Incorrect
4qp9,p28482,0.617,0.8,0.36,2.28,4.933,Medium
4gwf,q06124,0.945,0.961,0.051,0.531,1.063,High
5tiu,p43405,0.859,1,0.175,1.174,1.778,High
6lwf,q96fi4,,,,,,Incorrect
8swf,q96p20,,,,,,Incorrect
1k78,p27577,0.957,0.925,0.098,0.343,0.641,High
4hb4,p62826,0.015,0,1,15.191,44.726,Incorrect
8ssw,o00571,0.299,0.815,0.195,9.067,35.297,Acceptable
5tte,q9y4x5,0.014,0,1,18.738,43.741,Incorrect
6nif,p62826,,,,,,Incorrect
8rzy,q06124,0.916,0.922,0.113,0.667,0.836,High
5d7o,q8ixj6,0.96,0.974,0.062,0.368,1.646,High
7mnz,p62826,0.017,0,1,12.576,44.128,Incorrect
6l66,q8ixj6,0.918,0.925,0.075,0.665,0.671,High
5xzr,q06124,0.949,0.955,0.16,0.461,1.248,High
3tud,p43405,0.805,0.946,0.125,1.273,3.042,High
5wp1,p28482,0.962,0.972,0,0.427,0.923,High
6g9k,p28482,0.958,0.945,0.01,0.398,0.579,High
1z9x,q9uik4,0.975,0.963,0.103,0.275,0.595,High
6c9j,q13131,,,,,,Incorrect
3ldq,p11142,0.965,0.949,0.098,0.342,0.511,High
3ka0,p49137,0.887,0.876,0.133,0.759,0.861,High
4k95,q9jk66,0.942,0.928,0.072,0.497,0.512,High
4yoc,p26358,0.586,0.5,0.462,1.725,3.899,Medium
6vov,p43405,0.826,0.949,0.075,1.303,1.771,High
6n4c,p00579,,,,,,Incorrect
7w3j,p54578,,,,,,Incorrect
4nwf,q06124,0.975,0.962,0.05,0.276,0.48,High
8pvu,p28482,0.759,0.92,0.333,1.586,3.078,Medium
4fnw,q9um73,0.823,0.922,0.096,1.249,1.804,High
4k7d,q9jk66,0.858,0.904,0.103,1.023,0.987,High
6q0t,q02750,0.881,0.941,0.04,0.947,0.952,High
2yjr,q9um73,0.777,0.921,0.167,1.57,2.276,Medium
5imx,q9um73,0.78,0.8,0.176,1.252,1.946,Medium
4u7t,q9y6k1,0.107,0.281,0.746,14.325,47.655,Incorrect
8ao8,p28482,0.964,0.972,0.019,0.434,0.495,High
5hkx,p22681,0.515,1,0.077,1.992,17.909,Medium
4xg3,p43405,0.827,0.973,0.1,1.32,2.081,High
4s20,p60240,0.544,0.333,0.3,1.71,3.357,Medium
6x9j,p26358,,,,,,Incorrect
4jk1,p00579,,,,,,Incorrect
7mns,p62826,0.771,0.836,0.097,1.466,1.589,Medium
5ytb,p62826,0.015,0,1,15.64,44.491,Incorrect
8qt4,q8ixj6,0.896,0.927,0.05,0.832,0.509,High
6j1x,q9h0m0,0.887,0.897,0.119,0.788,1.232,High
6amw,p00519,,,,,,Incorrect
5fm2,p07949,0.476,0.625,0,2.884,7.076,Acceptable
3qwp,q9h7b4,0.963,0.911,0.019,0.191,0.585,High
4zhx,p54646,,,,,,Incorrect
4mxo,p12931,,,,,,Incorrect
4rmh,q8ixj6,0.906,0.927,0.026,0.699,1.473,High
6lwm,q96fi4,,,,,,Incorrect
6a3a,p62826,0.015,0,1,14.744,44.479,Incorrect
3kc3,p49137,0.903,0.912,0.031,0.634,1.988,High
8aoa,p28482,0.967,0.963,0.019,0.365,0.656,High
3wig,q02750,0.887,0.914,0.051,0.86,0.51,High
4lmn,q02750,0.789,0.872,0.074,1.449,1.277,Medium
3vf8,p43405,0.871,1,0.135,1.119,1.502,High
3h69,p53041,0.991,1,0,0.243,0.432,High
1mry,p31751,0.699,0.819,0.181,1.937,2.782,Medium
5bui,p28482,0.802,0.877,0.059,1.257,2.106,High
1mhs,p07038,0.07,0,1,8.839,18.089,Incorrect
6atd,q06124,0.948,0.956,0.122,0.519,0.651,High
7szq,q09472,,,,,,Incorrect
6g9a,p28482,0.929,0.954,0.01,0.661,0.656,High
6lwi,q96fi4,,,,,,Incorrect
2wqn,q8tdx7,0.712,1,0.333,1.964,4.679,Medium
2kb3,q8nqj3,0.011,0,0,25.6,49.793,Incorrect
2xp2,q9um73,0.612,0.815,0.17,2.795,4.28,Medium
6yuh,q9h7b4,0.959,0.893,0.038,0.175,0.481,High
4i0r,p43405,0.85,1,0.125,1.246,1.803,High
4h5n,p11142,0.945,0.929,0.025,0.468,0.583,High
6r9t,q9y490,0.108,0.174,0.667,11.135,21.703,Incorrect
6bbp,o08967,0.178,0.467,0.889,7.148,52.205,Incorrect
4zzx,q9ugn5,0.895,0.887,0.087,0.684,1.508,High
5e7m,o00571,0.721,0.938,0.187,1.025,7.814,Medium
8aoh,p28482,0.962,0.972,0.01,0.426,0.86,High
6fek,p07949,0.333,0.286,0.333,3.163,7.993,Acceptable
6ty3,q00944,0.009,0,1,19.066,57.621,Incorrect
2hck,p08631,0.768,1,0.5,1.492,4.232,Medium
1gzk,p31751,0.677,0.821,0.207,2.253,2.809,Medium
6cms,q06124,0.892,0.943,0.12,0.828,1.599,High
8u8j,p28482,0.524,0.682,0.381,2.579,6.417,Medium
3gj6,p62826,0.927,0.921,0.065,0.583,0.796,High
8rna,p39687,0.72,0.898,0.209,1.934,3.063,Medium
8py3,q8ixj6,0.907,0.928,0.013,0.693,1.539,High
7o2a,q9h7b4,0.953,0.895,0.038,0.257,0.668,High
2yjs,q9um73,0.831,0.891,0.075,1.142,1.539,High
2qrv,q9y6k1,,,,,,Incorrect
3wi6,p49137,0.881,0.965,0.127,0.821,2.708,High
4foc,q9um73,0.823,0.905,0.05,1.214,1.764,High
3wtw,p14921,0.93,0.9,0.1,0.498,0.894,High
4u80,q02750,0.903,0.904,0.051,0.718,0.806,High
5c26,p43405,0.869,1,0.15,1.134,1.511,High
6iim,p54578,,,,,,Incorrect
4r8m,q8ixj6,0.98,0.987,0.025,0.323,0.371,High
2r0d,o08967,0.975,0.954,0.031,0.246,0.443,High
7nr9,p28482,0.952,0.944,0.029,0.447,0.694,High
2k4d,p22681,0.278,0.636,0.682,4.156,28.483,Acceptable
8hq4,p62826,0.015,0,1,14.663,45.152,Incorrect
7mny,p62826,0.015,0,1,15.536,44.247,Incorrect
6psu,p00579,,,,,,Incorrect
6xjp,p62826,0.015,0,1,14.882,44.857,Incorrect
6qa1,p28482,0.953,0.963,0.01,0.488,0.719,High
4fv8,p28482,0.848,0.934,0.081,1.18,0.783,High
4zxt,p28482,0.953,0.955,0,0.466,0.757,High
7n2b,p41212,,,,,,Incorrect
4fv5,p28482,0.879,0.983,0.017,1.076,0.636,High
6p6k,q9h7b4,0.933,0.893,0.038,0.421,1.259,High
5d7p,q8ixj6,0.944,0.938,0.05,0.386,1.829,High
4d7q,q8rt31,0.537,0.636,0.333,2.31,5.852,Medium
9l2d,q6szw1,0.923,0.915,0.204,0.576,1.096,High
3fzl,p11142,0.946,0.905,0.05,0.383,0.58,High
6x2x,p62826,0.015,0,1,14.854,44.912,Incorrect
6cdt,q9um73,0.741,0.867,0.148,1.655,2.738,Medium
7dua,p07949,0.31,0.25,0.5,3.306,8.322,Acceptable
3wtt,p14921,0.957,0.947,0.1,0.4,0.816,High
3av5,p13864,,,,,,Incorrect
7f2x,q02750,0.623,0.81,0.2,4.489,1.763,Medium
6lol,d2aju0,0.711,0.952,0.091,1.253,7.075,Medium
7ny1,p07038,0.478,0.559,0.345,3.345,5.472,Acceptable
7r7i,q06124,0.908,0.875,0.125,0.608,0.823,High
8he8,q9ugn5,0.901,0.883,0.108,0.67,1.034,High
8p2l,q6szw1,0.882,0.92,0.115,0.654,3.042,High
8tom,p00579,,,,,,Incorrect
2y9q,p28482,0.525,0.659,0.437,2.639,5.952,Medium
4xj0,p28482,0.691,0.774,0.308,1.657,3.591,Medium
4ctc,q9um73,0.662,0.828,0.02,2.384,3.229,Medium
5de2,q8tdx7,0.462,0.556,0.375,2.986,6.517,Acceptable
4rmj,q8ixj6,0.964,0.974,0.062,0.328,1.637,High
4hay,p62826,0.015,0,1,14.939,44.181,Incorrect
5lkz,q09472,,,,,,Incorrect
4fgb,q14012,0.894,0.933,0,0.83,1.155,High
7jvm,q06124,0.981,0.974,0.075,0.254,0.497,High
1wzy,p28482,0.802,0.849,0.248,1.222,1.818,High
5dhf,p62826,0.015,0,1,14.835,44.778,Incorrect
5mat,q8ixj6,0.888,0.938,0.038,0.867,1.283,High
8b5y,q06124,0.833,0.819,0.139,0.948,1.593,High
9lwx,p21333,0.214,0.25,0.5,3.583,15.025,Incorrect
5bvf,p28482,0.884,0.978,0.062,1.03,0.683,High
5yqo,q8ixj6,0.911,0.917,0.013,0.68,0.955,High
3vs7,p08631,0.9,0.968,0.091,0.847,1.383,High
1qbk,p62826,,,,,,Incorrect
4mxy,p12931,,,,,,Incorrect
2hk5,p08631,,,,,,Incorrect
7jys,q9um73,0.635,0.783,0.021,2.613,3.212,Medium
6n57,p00579,,,,,,Incorrect
4cnh,q9um73,0.64,0.868,0.042,2.734,3.97,Medium
8tgp,q8ixj6,0.921,0.939,0.037,0.681,0.653,High
6lwb,q96fi4,,,,,,Incorrect
6pss,p00579,,,,,,Incorrect
6nec,p07949,0.309,0.243,0.5,3.236,8.383,Acceptable
7sfg,p26358,,,,,,Incorrect
7bos,q8ixj6,0.906,0.918,0.025,0.737,0.575,High
4nrv,q96fi4,,,,,,Incorrect
7uy3,p09769,0.226,0.333,0.818,4.377,15.194,Incorrect
4ans,q9um73,0.749,0.862,0.153,1.572,2.722,Medium
7udq,q8ni60,0.681,0.667,0.273,1.726,2.043,Medium
4fg9,q14012,0.893,0.957,0.022,0.851,1.595,High
4pzs,q09472,,,,,,Incorrect
7mo3,p62826,0.96,0.955,0.045,0.414,0.634,High
6lwk,q96fi4,,,,,,Incorrect
8ftj,q96fi4,,,,,,Incorrect
7tw8,p41212,,,,,,Incorrect
1k5d,p62826,0.015,0,1,13.842,45.352,Incorrect
4fuy,p28482,0.97,0.962,0.029,0.332,0.578,High
8xu4,p49137,0.633,0.818,0.113,1.883,5.652,Medium
4hb0,p62826,0.015,0,1,14.946,44.499,Incorrect
7mnx,p62826,0.016,0,1,14.577,43.92,Incorrect
2xba,q9um73,0.901,0.918,0.1,0.774,0.531,High
4rss,p43405,0.834,0.912,0.031,1.167,1.54,High
6g9h,p28482,0.96,0.938,0,0.366,0.451,High
2fo0,p00519,,,,,,Incorrect
3fyk,p49137,0.772,0.83,0.257,1.485,1.157,Medium
6vie,q9d8t2,0.525,0.681,0.238,2.294,7.032,Medium
7mfd,q02750,0.814,0.843,0.176,1.13,1.724,High
4mne,q02750,0.892,0.963,0.071,0.926,0.949,High
7sff,p26358,,,,,,Incorrect
4rx7,p43405,0.863,0.971,0.108,1.11,1.446,High
7anw,q6szw1,0.927,0.918,0.167,0.506,1.61,High
3vvh,q02750,0.911,0.906,0.025,0.643,1.108,High
4jk2,p00579,,,,,,Incorrect
2a2a,q9uik4,0.974,0.964,0.069,0.292,0.635,High
4p3w,p21333,0.08,0.188,0.932,9.95,48.821,Incorrect
5v37,q9h7b4,0.933,0.833,0.038,0.253,0.618,High
6ne7,p07949,0.306,0.24,0.455,3.289,8.406,Acceptable
8gft,p53041,,,,,,Incorrect
4anb,q02750,0.823,0.874,0.038,1.208,0.96,High
5nhj,p28482,0.923,0.953,0.029,0.695,0.704,High
7r59,q9ugn5,0.874,0.865,0.088,0.767,1.594,High
5ibs,q06124,0.922,0.9,0.125,0.55,1.066,High
7du9,p07949,0.322,0.294,0.444,3.321,8.452,Acceptable
5uwo,p62826,0.015,0,1,14.846,45.007,Incorrect
5tt7,p43405,0.526,0.818,0.2,3.287,7.137,Medium
4zvz,p53041,0.921,0.875,0,0.395,1.868,High
3eqd,q02750,0.805,0.84,0.06,1.254,0.975,High
7mo4,p62826,0.958,0.955,0.045,0.423,0.782,High
2ayn,p54578,,,,,,Incorrect
6mdb,q06124,0.974,0.947,0.077,0.234,0.427,High
3biy,q09472,,,,,,Incorrect
1pme,p28482,0.957,0.955,0,0.436,0.57,High
7vtq,q8r4b8,,,,,,Incorrect
8hq5,p62826,0.015,0,1,14.752,45.338,Incorrect
3fyj,p49137,0.738,0.781,0.272,1.629,1.396,Medium
7w3i,p54578,,,,,,Incorrect
6p7z,q9h7b4,0.956,0.895,0.019,0.215,0.655,High
6bmu,q06124,0.978,0.973,0.1,0.28,0.522,High
1kwp,p49137,0.644,0.712,0.229,2.51,1.827,Medium
6cmr,q06124,0.952,0.983,0.145,0.512,1.262,High
2p3g,p49137,0.773,0.866,0.324,1.563,1.397,Medium
5iso,p54646,0.406,0,1,1.383,5.859,Acceptable
1a06,q63450,0.702,0.832,0.122,1.986,2.63,Medium
4zh2,p00579,,,,,,Incorrect
4yjr,p43405,0.801,0.938,0.062,1.474,1.835,High
7cm6,q6szw1,0.911,0.868,0.148,0.505,1.565,High
3jv3,q9z0r4,,,,,,Incorrect
2lwx,p32527,0.851,0.833,0.091,0.896,1.148,High
6zcy,p43405,0.865,1,0.179,1.158,1.526,High
4qp4,p28482,0.638,0.831,0.347,2.212,4.649,Medium
3tei,p28482,0.771,0.864,0.162,1.305,3.115,Medium
5v60,p28482,0.537,0.693,0.371,2.523,6.134,Medium
4lk1,p00579,,,,,,Incorrect
4cmo,q9um73,0.739,0.867,0.148,1.65,2.843,Medium
1s95,p53041,0.608,0.821,0.115,2.304,5.502,Medium
8t4m,o60741,0.948,0.931,0.069,0.44,0.787,High
5d7q,q8ixj6,0.02,0,0,11.454,39.776,Incorrect
4cmu,q9um73,0.729,0.839,0.148,1.657,2.85,Medium
5iug,q9um73,0.691,0.907,0.152,2.35,3.173,Medium
4d7r,q8rt31,0.894,0.87,0.048,0.624,1.765,High
6psq,p00579,,,,,,Incorrect
4fv2,p28482,0.965,0.954,0.01,0.37,0.475,High
4gyv,q91vs8,0.782,0.828,0.351,1.174,2.875,Medium
6c9h,q13131,0.174,0,0,5.863,9.194,Incorrect
7mo2,p62826,0.971,0.967,0.048,0.346,0.558,High
4gt4,q01974,,,,,,Incorrect
9aya,q02750,0.925,0.949,0.038,0.671,0.715,High
2jbo,p49137,0.847,0.935,0.079,1,2.638,High
5uws,p62826,0.015,0,1,14.929,44.809,Incorrect
3gj5,p62826,0.969,0.952,0.032,0.311,0.516,High
4tug,q58719,0.868,0.939,0.127,0.944,1.957,High
8bi2,p43405,0.859,1,0.175,1.195,1.589,High
6gdm,p28482,0.966,0.963,0.01,0.382,0.611,High
7epu,q86wj1,0.178,0.2,0.7,4.979,14.697,Incorrect
3ps5,p29350,0.881,0.9,0.143,0.801,1.656,High
6ayw,q13557,0.97,0.941,0.059,0.269,0.272,High
5zj6,p08631,,,,,,Incorrect
4m8t,p18654,,,,,,Incorrect
7cm5,q6szw1,0.872,0.852,0.148,0.76,1.539,High
6lwn,q96fi4,,,,,,Incorrect
8hai,q09472,,,,,,Incorrect
8ao4,p28482,0.959,0.954,0.01,0.42,0.596,High
5h0g,p08631,0.89,0.879,0.121,0.723,1.248,High
4fv3,p28482,0.963,0.972,0.019,0.446,0.444,High
4yjt,p43405,0.867,1,0.031,1.157,1.393,High
7lje,q09472,,,,,,Incorrect
4cfe,p54646,,,,,,Incorrect
4l28,p35520,0.924,1,0.114,0.519,3.16,High
4mxx,p12931,,,,,,Incorrect
6v8b,q09472,,,,,,Incorrect
3enm,p52564,,,,,,Incorrect
7ymf,o00571,0.66,0.736,0.107,1.911,3.378,Medium
4fmq,p28482,0.505,0.647,0.471,2.772,6.362,Medium
2ivv,p07949,0.313,0.259,0.364,3.276,8.391,Acceptable
3zlw,q02750,0.817,0.895,0.025,1.287,1.184,High
6x2w,p62826,0.015,0,1,14.798,44.743,Incorrect
2w4o,q16566,0.967,0.966,0.081,0.37,0.707,High
6qaw,p28482,0.966,0.963,0.01,0.377,0.618,High
6b2e,p54646,,,,,,Incorrect
4gfg,p43405,0.872,1,0.2,1.124,1.316,High
5u6o,o60741,0.702,0.727,0.238,1.702,2.115,Medium
2x39,p31751,0.937,0.938,0.055,0.551,0.776,High
6xju,p62826,0.015,0,1,14.756,44.802,Incorrect
8t7q,q06124,0.931,0.949,0.075,0.625,0.789,High
2a27,q9uik4,0.949,0.879,0.065,0.258,0.45,High
8t6g,q06124,0.922,0.932,0.138,0.648,0.789,High
1s9i,p36507,0.876,0.929,0.037,0.926,1.374,High
6qaq,p28482,0.946,0.945,0.019,0.51,0.472,High
5g4c,q8ixj6,0.924,0.936,0.087,0.636,0.975,High
4dfn,p43405,0.879,1,0.175,1.059,1.481,High
3w8q,q02750,0.646,0.766,0.153,2.82,1.904,Medium
8aoi,p28482,0.971,0.972,0.01,0.351,0.779,High
9dh3,q96p20,,,,,,Incorrect
8psw,p28482,0.759,0.892,0.134,1.536,2.894,Medium
7vhy,q09472,,,,,,Incorrect
8s01,q06124,0.938,0.986,0.113,0.657,0.848,High
8s5k,p35520,0.853,0.906,0.121,0.891,2.638,High
3.00E+88,p31751,0.822,0.925,0.081,1.221,2.146,High
7m0v,q02750,0.937,0.952,0.071,0.589,0.74,High
8fw9,q9npp4,,,,,,Incorrect
2wel,q13557,,,,,,Incorrect
8hag,q09472,,,,,,Incorrect
3t6p,q13490,0.912,0.875,0.087,0.59,0.673,High
6bmw,q06124,0.981,0.973,0.1,0.251,0.41,High
5o76,p22681,0.884,0.889,0.048,0.698,2.138,High
2l5y,q9p246,0.597,0.621,0.4,2.311,3.222,Medium
4h1o,q06124,0.896,0.875,0.211,0.68,1.046,High
4fnz,q9um73,0.808,0.909,0.091,1.346,1.68,High
6lwq,q96fi4,,,,,,Incorrect
7l5e,p62826,0.015,0,1,14.688,43.983,Incorrect
4ejn,p31749,0.215,0.171,0.533,5.32,10.397,Incorrect
6md7,q06124,0.971,0.949,0.075,0.267,0.546,High
8uw7,p31749,0.227,0.173,0.588,5.712,9.499,Incorrect
2l3s,q04929,0.036,0.042,0.952,10.246,38.618,Incorrect
3lcs,q9um73,0.689,0.738,0.157,1.712,2.91,Medium
4hwi,p11142,0.952,0.905,0.05,0.328,0.36,High
6nfa,p15498,0.943,0.955,0.16,0.523,1.146,High
2x2k,p07949,0.33,0.276,0.273,3.136,8.055,Acceptable
4anq,q9um73,0.744,0.85,0.15,1.57,2.743,Medium
5dh9,p62826,0.015,0,1,14.844,45.004,Incorrect
4cli,q9um73,0.733,0.855,0.131,1.668,2.9,Medium
6x9i,p26358,,,,,,Incorrect
2dao,p41212,0.681,0.771,0.229,1.817,3.353,Medium
8xq2,p43405,0.87,1,0.1,1.148,1.186,High
8uvy,p31749,0.219,0.184,0.515,5.503,10.307,Incorrect
8s0o,q06124,0.941,0.973,0.1,0.612,0.804,High
6tca,p49137,0.696,0.846,0.146,2.573,0.926,Medium
4an3,q02750,0.853,0.949,0.051,1.168,1.016,High
1jxm,p31016,0.954,0.929,0,0.181,2.012,High
6v2w,q02750,0.923,0.96,0.133,0.706,0.883,High
7nm5,q8nb16,0.663,0.543,0.424,1.488,2.13,Medium
4f5b,p12931,0.747,0.5,0,0.752,2.135,Medium
4rmi,q8ixj6,0.907,0.906,0.013,0.694,0.81,High
8dgt,q02750,0.938,0.987,0.094,0.668,0.772,High
5aqf,p11142,0.963,0.95,0.05,0.365,0.513,High
8aof,p28482,0.959,0.963,0.019,0.442,0.632,High
6npy,q96p20,,,,,,Incorrect
6zyj,p11142,0.961,0.925,0.098,0.299,0.523,High
2c0o,p08631,,,,,,Incorrect
4o6e,p28482,0.819,0.902,0.154,1.114,2.646,High
4ctb,q9um73,0.743,0.862,0.082,1.615,2.781,Medium
5v61,p28482,0.539,0.689,0.361,2.496,6.073,Medium
9bc6,o60741,0.634,0.681,0.273,2.232,2.664,Medium
7nr3,p28482,0.96,0.963,0,0.444,0.522,High
7djt,q6szw1,0.791,0.878,0.204,1.231,2.854,Medium
1xsz,q8rt31,0.938,0.926,0.031,0.363,2.103,High
3h67,p53041,0.991,1,0,0.238,0.439,High
4h3p,p28482,0.774,0.818,0.26,1.224,2.76,Medium
9eqk,q9h0m0,0.422,0.636,0.38,2.48,11.278,Acceptable
4lue,p08631,0.86,0.875,0.152,0.886,1.622,High
1gzn,p31751,0.674,0.812,0.207,2.212,2.92,Medium
3m2w,p49137,0.62,0.773,0.124,3.886,1.806,Medium
5y5n,q8ixj6,0.85,0.935,0.065,1.106,1.562,High
6opi,p28482,0.934,0.964,0.036,0.614,1.173,High
6xh8,p00579,,,,,,Incorrect
1mrv,p31751,0.711,0.85,0.209,1.9,2.846,Medium
8chf,q02750,0.8,0.8,0.212,1.143,1.582,High
8s0h,q06124,0.929,0.986,0.127,0.726,0.815,High
2stt,p14921,0.245,0.188,0.824,4.038,9.838,Acceptable
5buj,p28482,0.833,0.891,0.075,1.15,1.224,High
7w3m,p54578,,,,,,Incorrect
7jyt,q9um73,0.648,0.825,0.041,2.649,3.17,Medium
6gtw,a0a0r4i961,0.943,0.92,0.042,0.439,0.948,High
7w3b,p54578,,,,,,Incorrect
7m0x,q02750,0.946,0.942,0.024,0.482,0.797,High
6hhj,p31749,0.216,0.155,0.579,6.32,9.576,Incorrect
7ju5,p07949,0.526,0.667,0,2.397,6.498,Medium
6hhi,p31749,0.2,0.155,0.559,5.76,10.845,Incorrect
4coo,p35520,0.948,0.941,0.03,0.452,0.96,High
6qal,p28482,0.886,0.873,0.086,0.722,1.405,High
6paf,q9h7b4,0.957,0.911,0.019,0.272,0.797,High
3pta,p26358,0.09,0.162,0.645,9.954,27.53,Incorrect
6new,p15498,0.939,0.857,0.143,0.285,0.548,High
2lf8,p97360,0.664,0.6,0.2,1.488,3.027,Medium
6lwl,q96fi4,,,,,,Incorrect
4fv9,p28482,0.875,0.966,0.051,1.061,0.74,High
3g5b,o08722,0.863,0.856,0.071,0.859,1.197,High
8fvu,q9npp4,,,,,,Incorrect
8y6u,p00579,,,,,,Incorrect
4h5t,p11142,0.94,0.905,0.05,0.43,0.793,High
8to1,p00579,,,,,,Incorrect
4h5v,p11142,0.964,0.925,0.075,0.272,0.361,High
8frj,p41212,,,,,,Incorrect
4iza,p28482,0.533,0.734,0.402,2.707,6.534,Medium
6brr,q9y6k1,,,,,,Incorrect
3dy7,q02750,0.891,0.864,0.026,0.708,0.776,High
4dgx,q06124,0.941,0.926,0.203,0.493,0.738,High
8aoj,p28482,0.956,0.972,0,0.5,0.564,High
5i6v,q06124,0.924,0.943,0.108,0.659,0.864,High
7crp,q9bz95,0.828,0.929,0.212,1.249,1.633,High
2oza,p49137,0.666,0.818,0.143,2.996,1.199,Medium
9axc,q02750,0.817,0.911,0.164,1.223,2.173,High
4ohd,q06124,0.811,0.929,0.177,1.351,1.918,High
5aa8,q9um73,0.755,0.864,0.056,1.521,2.71,Medium
8s0k,q06124,0.941,0.974,0.075,0.609,0.865,High
3l9p,q9um73,0.677,0.733,0.203,1.806,3.02,Medium
4xg7,p43405,0.831,0.939,0.031,1.258,1.587,High
5h0e,p08631,0.905,0.964,0.182,0.814,1.295,High
8zjv,p28482,0.941,0.944,0.019,0.543,0.604,High
6qcn,q8ixj6,0.939,0.961,0.075,0.495,1.869,High
2lf7,p97360,0.602,0.565,0.188,1.794,3.868,Medium
4or9,p16298,0.513,0.815,0.137,2.945,8.209,Medium
6bmr,q06124,0.976,0.973,0.087,0.316,0.543,High
3h63,p53041,0.994,1,0,0.193,0.278,High
8arj,q9um73,0.67,0.868,0.061,2.427,3.364,Medium
3h61,p53041,0.962,0.909,0.048,0.229,0.281,High
7qgt,p35520,0.675,0.92,0.08,2.505,3.707,Medium
4a4c,p22681,0.862,0.938,0.211,1.029,1.519,High
7b5l,q9y4x5,,,,,,Incorrect
7rct,q06124,0.908,0.92,0.148,0.712,0.952,High
4g6o,p28482,0.972,0.972,0.01,0.354,0.486,High
4pxa,o00571,0.56,0.855,0.27,1.987,9.153,Medium
3mek,q9h7b4,0.954,0.885,0.042,0.207,0.482,High
7tw9,p41212,,,,,,Incorrect
4y6l,q8ixj6,0.919,0.939,0.037,0.69,0.697,High
7dbg,p62826,0.015,0,1,14.675,45.169,Incorrect
4qte,p28482,0.945,0.953,0.029,0.533,0.683,High
1xba,p43405,0.847,0.969,0.162,1.213,1.546,High
3mf0,o76074,0.44,0.444,0,2.33,7.193,Acceptable
4mao,p18654,,,,,,Incorrect
3fqs,p43405,0.847,0.971,0.15,1.233,1.438,High
5ftq,q9um73,0.599,0.78,0.132,2.929,4.126,Medium
5nhl,p28482,0.948,0.944,0.029,0.493,0.475,High
6b1m,p11142,0.967,0.927,0.073,0.232,0.327,High
9mig,q96p20,,,,,,Incorrect
5aqu,p11142,0.966,0.949,0.075,0.335,0.435,High
7jyr,q9um73,0.649,0.828,0.094,2.633,3.214,Medium
1na6,p14633,0.866,0.824,0.125,0.673,2.129,High
1r36,p27577,0.52,0.578,0.119,2.685,4.989,Medium
6wpk,q6szw1,0.805,0.857,0.208,1.033,3.129,High
1nxk,p49137,0.893,0.9,0.085,0.635,2.319,High
5itx,q96fi4,,,,,,Incorrect
2x2l,p07949,0.333,0.286,0.273,3.16,8.001,Acceptable
2msv,q8nb16,0.693,0.718,0.243,1.764,2.092,Medium
3aox,q9um73,0.813,0.931,0.085,1.327,1.998,High
7vhz,q09472,,,,,,Incorrect
6n9n,q9d8t2,0.546,0.78,0.238,2.278,7.605,Medium
2j3s,p21333,0.249,0.537,0.532,5.977,20.241,Acceptable
6cen,q9bz95,0.893,0.846,0.029,0.63,1.087,High
7w5x,p00579,,,,,,Incorrect
8ao2,p28482,0.884,0.865,0.086,0.721,1.358,High
2kb4,q8nqj3,,,,,,Incorrect
9axm,q02750,0.927,0.963,0.025,0.681,0.881,High
8to8,p00579,,,,,,Incorrect
2c0t,p08631,,,,,,Incorrect
8pst,p28482,0.829,0.895,0.121,1.121,1.917,High
3vs5,p08631,0.891,0.906,0.121,0.785,1.182,High
2onl,p49137,0.745,0.824,0.242,1.721,1.206,Medium
4nwg,q06124,0.964,0.961,0.087,0.39,0.537,High
7qlb,q9h7b4,0.975,0.946,0,0.185,0.76,High
6s75,q8tdx7,0.55,0.625,0.583,1.931,6.259,Medium
3gj4,p62826,0.958,0.937,0.048,0.375,0.59,High
4h3q,p28482,0.542,0.691,0.356,2.534,5.903,Medium
3nhn,p08631,,,,,,Incorrect
3zm4,q02750,0.809,0.885,0.049,1.313,1.344,High
5wy1,p13864,,,,,,Incorrect
7crq,q9bz95,0.803,0.929,0.212,1.436,1.787,High
3ru0,q9h7b4,0.966,0.927,0.056,0.189,0.964,High
6crg,q06124,0.949,0.953,0.141,0.48,0.982,High
1q14,p53686,0.117,0.049,0.714,5.803,15.109,Incorrect
8w31,q9jk66,0.436,0.833,0.167,4.587,10.936,Acceptable
5ccm,q9h7b4,0.938,0.845,0.058,0.231,0.698,High
6x2s,p62826,0.015,0,1,14.676,44.574,Incorrect
8ao6,p28482,0.964,0.955,0,0.375,0.551,High
7nh4,p31749,0.202,0.144,0.606,5.6,10.561,Incorrect
4qp2,p28482,0.829,0.859,0.095,1.023,2.046,High
1fmk,p12931,,,,,,Incorrect
4rer,q13131,0.47,0,0,1.189,4.286,Acceptable
3vs3,p08631,0.911,0.938,0.091,0.729,1.029,High
6zcu,p43405,0.831,0.974,0.075,1.296,1.987,High
3oxf,q9h7b4,0.952,0.898,0.019,0.266,0.973,High
5hq8,q9h7b4,0.979,0.964,0.019,0.178,0.972,High
5clq,p62826,0.018,0,1,11.058,44.043,Incorrect
5kcv,p31749,0.206,0.148,0.679,5.026,10.676,Incorrect
2je1,p39687,0.961,0.968,0.104,0.437,0.686,High
6lwc,q96fi4,,,,,,Incorrect
4uuu,p35520,0.933,0.968,0.032,0.628,1.182,High
9ay7,q02750,0.932,0.974,0.038,0.684,0.748,High
7z1x,p57764,0.079,0.182,0.969,8.596,53.103,Incorrect
8aob,p28482,0.968,0.963,0,0.358,0.555,High
5dlq,p62826,0.286,0,0,2.02,8.436,Acceptable
8t6d,q06124,0.963,0.945,0.138,0.355,0.579,High
6p1k,p00579,,,,,,Incorrect
8uw9,p31749,0.221,0.189,0.5,5.486,10.3,Incorrect
6g97,p28482,0.92,0.954,0.01,0.712,0.872,High
2ivs,p07949,0.329,0.281,0.182,3.217,8.049,Acceptable
3h60,p53041,0.977,0.952,0,0.204,0.386,High
5aqg,p11142,0.951,0.925,0.051,0.395,0.642,High
6i83,p07949,0.33,0.296,0.467,3.242,8.204,Acceptable
4xg8,p43405,0.92,0.957,0,0.652,1.69,High
6slg,p28482,0.974,0.981,0.01,0.362,0.453,High
5wg8,p53041,0.962,0.92,0,0.267,0.525,High
3gjx,p62826,0.278,0,1,2.045,8.771,Acceptable
4fv0,p28482,0.978,0.981,0.029,0.312,0.667,High
5ypr,p31016,0.952,0.923,0.077,0.221,1.839,High
8uw2,p31749,0.218,0.183,0.545,5.526,10.34,Incorrect
7opm,p28482,0.531,0.674,0.402,2.558,6.083,Medium
7avm,q95pm0,0.775,0.833,0.314,1.243,2.86,Medium
8yp4,q02750,0.735,0.838,0.107,1.831,1.607,Medium
7nqq,p28482,0.955,0.937,0.01,0.402,0.601,High
3nc1,p62826,0.221,0,1,2.803,9.585,Incorrect
7btt,q9um73,0.702,0.763,0.171,1.653,2.952,Medium
4haz,p62826,0.015,0,1,15.612,44.079,Incorrect
5yro,p62826,0.015,0,1,14.864,45.169,Incorrect
3e8n,q02750,0.917,0.95,0.05,0.738,0.599,High
6m60,p62826,0.015,0,1,14.586,45.183,Incorrect
7w9v,q09472,,,,,,Incorrect
7nj1,q14674,,,,,,Incorrect
7beg,p00579,,,,,,Incorrect
3nby,p62826,0.323,0,1,1.779,7.634,Acceptable
9e4q,p41212,,,,,,Incorrect
6da1,p27577,0.501,0.978,0.022,3.327,11.392,Medium
3vn9,p52564,,,,,,Incorrect
6hhh,p31749,0.221,0.193,0.529,5.47,10.382,Incorrect
3h62,p53041,0.962,0.909,0,0.222,0.444,High
3znv,q96bn8,,,,,,Incorrect
3wts,p14921,0.962,0.947,0.1,0.354,0.755,High
6l71,q8ixj6,0.899,0.916,0.05,0.778,0.671,High
5f3w,q58719,0.721,0.918,0.138,0.965,7.856,Medium
6ssb,p43405,0.873,1,0.179,1.095,1.587,High
7ld0,q6szw1,0.878,0.905,0.296,0.76,2.28,High
3o96,p31749,0.22,0.19,0.559,5.297,10.523,Incorrect
7mo0,p62826,0.014,0,1,14.954,47.64,Incorrect
8hlq,q9ugn5,0.93,0.948,0.099,0.586,1.333,High
1mdm,p27577,0.768,0.974,0.136,1.554,3.612,Medium
4fz6,p43405,0.872,1,0.125,1.118,1.417,High
7emn,q06124,0.926,0.905,0.186,0.54,0.945,High
7rx9,q8tcu6,0.01,0,0,14.396,60.163,Incorrect
6g9j,p28482,0.957,0.937,0.01,0.384,0.517,High
5dif,p62826,0.015,0,1,14.996,44.666,Incorrect
5cit,p62826,0.954,0.921,0.033,0.353,0.671,High
8rrq,p43405,0.872,1,0.125,1.119,1.387,High
5v6t,q3uh93,0.807,0.899,0.126,1.147,2.967,High
2rgn,q86vw2,0.618,0.784,0.111,1.449,7.669,Medium
8pt0,p28482,0.542,0.674,0.423,2.497,5.756,Medium
8pm3,p52564,,,,,,Incorrect
8hak,q09472,,,,,,Incorrect
8owz,q8ixj6,0.903,0.923,0.077,0.7,1.617,High
7mo5,p62826,0.909,0.951,0.065,0.734,1.531,High
1o6k,p31751,0.885,0.893,0.05,0.789,1.205,High
6iik,p54578,,,,,,Incorrect
5aqi,p11142,0.968,0.975,0.049,0.399,0.544,High
8bik,p54646,0.528,0.333,0,1.315,5.741,Medium
8swk,q96p20,,,,,,Incorrect
3i60,p28482,0.852,0.935,0.049,1.138,1.063,High
2j0k,q00944,0.863,0.794,0.206,0.67,1.731,High
1j8f,q8ixj6,0.918,0.962,0.026,0.681,1.667,High
8psr,p28482,0.556,0.696,0.36,2.38,5.726,Medium
8so8,p60240,,,,,,Incorrect
7nm2,q8nb16,0.709,0.769,0.189,1.691,2.533,Medium
2jdr,p31751,0.912,0.932,0.068,0.716,0.831,High
4zh4,p00579,,,,,,Incorrect
1wao,p53041,0.764,0.812,0.212,1.212,3.2,Medium
9gbe,q9um73,0.768,0.877,0.095,1.494,2.437,Medium
7mnq,p62826,0.816,0.923,0.032,1.318,1.74,High
7m0w,q02750,0.943,0.963,0.082,0.571,0.743,High
3av4,p13864,,,,,,Incorrect
7x4u,p28482,0.96,0.962,0.019,0.445,0.354,High
8psy,p28482,0.741,0.831,0.217,1.47,3.084,Medium
3r30,p49137,0.918,0.911,0.128,0.603,1.128,High
6bmv,q06124,0.971,0.971,0.16,0.357,0.531,High
4ark,q02750,0.819,0.938,0.096,1.394,1.104,High
4qpa,p28482,0.684,0.773,0.236,1.834,3.162,Medium
7pqv,q02750,0.794,0.871,0.108,1.403,1.28,Medium
7qg0,q6szw1,0.882,0.82,0.241,0.592,1.721,High
4h5w,p11142,0.966,0.929,0.025,0.259,0.347,High
5ciq,p62826,0.964,0.95,0.066,0.356,0.531,High
4zh3,p00579,,,,,,Incorrect
5ex3,q9h7b4,0.849,0.886,0.278,0.923,2.224,High
5dy5,q8ixj6,0.916,0.938,0.038,0.672,1.294,High
7auv,p28482,0.947,0.936,0.019,0.476,0.575,High
6mdd,q06124,0.958,0.924,0.076,0.318,0.637,High
5xzc,q09472,,,,,,Incorrect
6m02,q96rd7,0.029,0,0,13.284,30.3,Incorrect
3av6,p13864,,,,,,Incorrect
8ao9,p28482,0.961,0.963,0.019,0.425,0.598,High
5tr6,p43405,0.851,1,0.146,1.237,1.802,High
6zz1,q8nb16,0.868,0.933,0.2,0.987,1.405,High
5cxh,p43405,0.871,1,0.175,1.085,1.808,High
6cit,p62826,0.015,0,1,14.851,44.842,Incorrect
3i5z,p28482,0.863,0.965,0.018,1.141,0.876,High
4l9m,o95267,0.928,0.92,0.08,0.545,1.22,High
4l27,p35520,0.937,0.941,0.059,0.509,1.445,High
4dgp,q06124,0.918,0.872,0.074,0.511,0.974,High
4xey,p00519,0.007,0,1,18.423,69.146,Incorrect
6t28,q8iu85,0.95,0.978,0.033,0.46,1.801,High
5bx0,q02750,0.764,0.806,0.096,1.461,1.465,Medium
4wnm,p43405,0.27,0.538,0.451,5.53,16.868,Acceptable
7nqw,p28482,0.957,0.937,0.01,0.388,0.458,High
3fme,p52564,,,,,,Incorrect
8yp5,p45985,0.714,0.841,0.098,2.189,1.13,Medium
6n9o,p57764,0.419,0.673,0.462,3.468,9.868,Acceptable
7nh5,p31749,0.207,0.151,0.576,5.543,10.332,Incorrect
8s5i,p35520,0.912,0.968,0.091,0.704,1.968,High
5itt,q96fi4,,,,,,Incorrect
4qp1,p28482,0.704,0.772,0.317,1.565,3.415,Medium
3w55,p28482,0.803,0.797,0.127,1.082,1.86,High
4x3p,q8ixj6,0.905,0.937,0.075,0.789,0.648,High
6ebw,q9um73,0.824,0.915,0.065,1.316,0.71,High
7cnd,p62826,0.014,0,1,15.474,45.283,Incorrect
4orc,p16298,0.132,0,0,4.481,13.136,Incorrect
6s76,q8tdx7,0.594,1,0.667,3.047,7.111,Medium
8gnj,q6szw1,0.417,0.756,0.426,3.646,11.556,Acceptable
5iuh,q9um73,0.733,0.974,0.116,2.284,2.459,Medium
6mda,q06124,0.979,0.974,0.026,0.282,0.552,High
2xh5,p31751,0.94,0.939,0.075,0.528,0.749,High
6gu0,a0a0r4i961,0.093,0.182,0.571,10.919,28.933,Incorrect
5o2c,q9byp7,0.088,0,0,6.218,16.48,Incorrect
4ckj,p07949,0.337,0.3,0.308,3.165,8.041,Acceptable
1xbc,p43405,0.887,1,0.135,1.001,1.502,High
4bhw,q09472,,,,,,Incorrect
8ao3,p28482,0.96,0.954,0.01,0.408,0.583,High
4u7z,q02750,0.886,0.917,0.037,0.865,0.775,High
8frk,p41212,,,,,,Incorrect
5cj2,p62826,0.966,0.948,0.068,0.338,0.478,High
4fl1,p43405,0.812,0.914,0.2,1.283,2.055,High
3mfk,p14921,0.384,0.423,0.56,2.498,9.152,Acceptable
3zlx,q02750,0.833,0.931,0.012,1.261,1.107,High
1gvj,p14921,0.275,0.387,0.586,3.543,13.432,Acceptable
6x0l,q9ugn5,0.051,0,0,5.92,26.392,Incorrect
8haj,q09472,,,,,,Incorrect
7zr5,p53041,0.473,1,0.97,6,11.328,Acceptable
5uww,p62826,0.015,0,1,14.873,44.872,Incorrect
4yjp,p43405,0.854,0.968,0.062,1.175,1.332,High
3fzm,p11142,0.953,0.925,0.075,0.379,0.58,High
4tvj,q9ugn5,0.91,0.892,0.108,0.618,1.088,High
2pzy,p49137,0.884,0.915,0.129,0.738,2.313,High
8rnb,p39687,0.72,0.898,0.209,1.934,3.063,Medium
8qtu,q8ixj6,0.895,0.928,0.037,0.838,0.518,High
2mmg,p62826,0.019,0,1,15.917,37.597,Incorrect
8gq5,q6szw1,0.335,0.8,0.68,4.301,26.045,Acceptable
5u6p,o60741,0.933,0.887,0.096,0.441,0.739,High
6nyb,q02750,0.933,0.952,0.048,0.604,1.024,High
4yjq,p43405,0.794,0.968,0.062,1.617,1.91,Medium
5v62,p28482,0.531,0.674,0.361,2.528,6.123,Medium
6e6e,p12931,,,,,,Incorrect
5uwr,p62826,0.015,0,1,14.843,44.587,Incorrect
6zpr,q8nb16,0.614,0.593,0.5,2.019,2.953,Medium
3oxl,q9h7b4,0.924,0.875,0.093,0.458,1.143,High
8aod,p28482,0.952,0.937,0.01,0.429,0.615,High
7bfk,b5xaz0,0.989,1,0.037,0.26,0.431,High
2yhv,q9um73,0.735,0.847,0.167,1.645,2.778,Medium
7.00E+75,p28482,0.941,0.929,0,0.507,0.616,High
1y57,p12931,0.333,0.765,0.567,3.168,36.941,Acceptable
1xd4,q07889,,,,,,Incorrect
5ghv,p43405,0.851,0.971,0.15,1.146,1.965,High
3cvr,q83rj4,0.523,0.509,0.27,1.998,5.579,Medium
5lkt,q09472,,,,,,Incorrect
4fod,q9um73,0.81,0.923,0.048,1.335,1.946,High
5upd,q9bz95,0.84,0.892,0.057,0.972,2.443,High
4llg,p00579,,,,,,Incorrect
7mnr,p62826,0.824,0.934,0.081,1.294,1.621,High
6q7t,p28482,0.951,0.938,0,0.449,0.507,High
2xb7,q9um73,0.979,1,0.064,0.374,0.541,High
8wx7,q06124,0.929,0.972,0.115,0.685,0.95,High
6a3e,p62826,0.015,0,1,14.942,44.384,Incorrect
4rmg,q8ixj6,0.915,0.938,0.038,0.664,1.481,High
8hlj,q9ugn5,0.92,0.909,0.118,0.6,0.866,High
8rrz,p43405,0.833,0.972,0.125,1.325,1.655,High
7bfl,b5xaz0,0.976,1,0.111,0.406,0.45,High
6qah,p28482,0.967,0.963,0.019,0.377,0.484,High
8s04,q06124,0.939,0.973,0.087,0.619,0.839,High
7b94,q02750,0.909,0.885,0.013,0.624,0.915,High
6zfx,q6szw1,0.735,0.789,0.167,1.582,2.128,Medium
5zpu,p62826,0.015,0,1,14.681,44.545,Incorrect
8x5k,p43405,0.827,0.97,0.2,1.27,2.327,High
6j1y,q9h0m0,0.55,0.789,0.211,2.316,7.478,Medium
4yju,p43405,0.866,1,0.031,1.192,1.066,High
7xhq,q06124,0.943,0.925,0.088,0.477,0.525,High
7nxe,p19174,0.805,0.781,0.107,1.028,1.891,High
7mnw,p62826,0.015,0,1,14.45,45.378,Incorrect
5ity,q96fi4,,,,,,Incorrect
9c1w,p31751,0.276,0.458,0.25,5.923,12.688,Acceptable
5ngu,p28482,0.957,0.937,0.01,0.388,0.469,High
7nxf,p07038,0.478,0.559,0.345,3.345,5.472,Acceptable
3fqe,p43405,0.865,1,0.15,1.157,1.542,High
3h68,p53041,0.993,1,0,0.211,0.338,High
5cem,q96ru8,0.022,0,0,11.501,37.426,Incorrect
7zgu,q96p20,,,,,,Incorrect
2je0,p39687,0.957,0.938,0.076,0.391,0.584,High
3zgv,q8ixj6,0.947,0.937,0.075,0.357,1.753,High
8jo2,p00579,,,,,,Incorrect
4kbl,q9y4x5,0.014,0,1,18.981,44.312,Incorrect
7w5o,p28482,0.705,0.773,0.279,1.559,3.422,Medium
3.00E+87,p31751,0.789,0.907,0.099,1.384,2.501,Medium
5bue,p28482,0.839,0.885,0.036,1.092,1.228,High
8hug,p62826,0.015,0,1,14.683,45.15,Incorrect
2stw,p14921,0.238,0.231,0.824,4.672,10.608,Acceptable
8hah,q09472,,,,,,Incorrect
5v6r,q3uh93,0.806,0.883,0.065,1.248,2.078,High
7aeo,q9ugn5,0.322,0.745,0.578,7.179,18.147,Acceptable
8pt1,p28482,0.539,0.686,0.433,2.531,5.933,Medium
5aqj,p11142,0.958,0.927,0.026,0.345,0.531,High
5yqn,q8ixj6,0.911,0.917,0.013,0.683,0.931,High
6cz5,o00571,0.548,0.838,0.321,2.343,8.244,Medium
6bn5,q06124,0.924,0.938,0.13,0.653,0.678,High
6lvs,p54578,,,,,,Incorrect
7wge,q9c000,,,,,,Incorrect
6zcp,p43405,0.869,1,0.132,1.126,1.564,High
4ohi,q06124,0.885,0.89,0.177,0.801,0.934,High
3jbl,q3up24,0.56,0.516,0.407,2.594,2.613,Medium
7r7k,q9um73,0.746,0.852,0.088,1.554,2.767,Medium
3kga,p49137,0.622,0.797,0.13,4.017,2,Medium
6paw,q9uik4,0.987,1,0,0.285,0.514,High
5aqr,p11142,0.965,0.947,0.1,0.343,0.453,High
3ch5,p62826,0.964,0.965,0.068,0.406,0.616,High
2v7o,q13555,0.972,0.969,0.114,0.291,1.112,High
