uniprot	pdb	region_1	region_2	1_aligned	complex_rmsd	1_comp	2_aligned	2_comp
P12931	1fmk	249-269,151-248	84-145,524-536	4.893	5.762	6.869	5.364	12.356
P62826	1k5d	179-216	10-169	10.037	17.385	27.574	1.883	43.321
P62826	1k5g	179-216	10-169	10.297	17.125	27.307	1.913	42.7
P12931	1ksw	249-269,151-248	84-145,524-536	4.874	5.577	6.356	4.942	14.874
P28482	1pme	173-196	25-172,197-313	5.422	2.499	6.085	1.467	6.843
P62826	1qbk	179-216	10-169	5.956	10.118	28.843	2.206	34.758
P62826	1rrp	179-216	10-169	7.405	6.732	20.927	1.191	17.038
P28482	1tvo	173-196	25-172,197-313	5.519	2.568	6.045	1.672	6.823
P28482	1wzy	173-196	25-172,197-313	5.309	2.709	6.437	1.97	6.474
P12931	1y57	249-269,151-248	84-145,524-536	4.141	24.068	41.104	2.954	34.597
P29350	2b3o	1-105	244-515	2.701	22.825	64.205	1.324	57.295
P12931	2h8h	249-269,151-248	84-145,524-536	5.014	5.802	6.502	5.093	16.151
Q8NQJ3	2kb3	ene-40	68-117	15.801	11.558	10.625	2.782	23.09
Q8NQJ3	2kb4	ene-40	68-117	8.933	22.333	48.567	2.412	68.29
P62826	2mmc	179-216	10-169	7.247	5.332	5.452	4.831	7.825
P62826	2mmg	179-216	10-169	11.743	15.355	44.303	1.842	36.816
P62826	2n1b	179-216	10-169	3.885	5.084	6.103	5.196	5.781
O08967	2r09	251-265,383-395	77-206	3.319	7.66	9.659	1.145	7.21
O08967	2r0d	251-265,383-395	77-206	3.207	7.617	9.426	1.086	7.096
P12931	2src	249-269,151-248	84-145,524-536	4.971	5.771	6.296	4.975	15.657
P28482	2y9q	173-196	25-172,197-313	3.104	1.757	1.974	1.375	3.386
P62826	3ch5	179-216	10-169	1.596	4.639	5.884	5.055	2.105
P62826	3gj0	179-216	10-169	1.621	4.473	5.602	4.888	2.011
P62826	3gj3	179-216	10-169	1.6	4.454	5.693	4.873	2.14
P62826	3gj4	179-216	10-169	1.664	4.25	5.065	4.653	2.203
P62826	3gj5	179-216	10-169	1.601	4.236	5.307	4.63	2.13
P62826	3gj6	179-216	10-169	1.623	4.248	5.048	4.633	2.303
P62826	3gj7	179-216	10-169	1.645	4.231	5.289	4.605	2.098
P62826	3gj8	179-216	10-169	1.584	4.256	5.324	4.663	2.108
P28482	3i5z	173-196	25-172,197-313	3.343	1.851	1.854	1.627	3.404
P28482	3i60	173-196	25-172,197-313	2.72	1.818	1.783	1.52	2.924
P29350	3ps5	1-105	244-515	2.207	1.939	2.218	1.205	3.541
P28482	3sa0	173-196	25-172,197-313	5.392	2.509	6.129	1.449	7.008
P28482	3tei	173-196	25-172,197-313	3.471	1.462	1.561	1.149	3.511
P28482	3w55	173-196	25-172,197-313	2.099	2.05	2.507	1.937	2.566
P35520	4coo	414-551	40-413	2.884	16.816	27.945	2.43	36.161
P12931	4f59	249-269,151-248	84-145,524-536	1.333	1.352	6.322	1.285	5.029
P12931	4f5a	249-269,151-248	84-145,524-536	1.379	1.326	7.63	1.385	4.311
P12931	4f5b	249-269,151-248	84-145,524-536	1.205	1.439	8.396	1.632	9.941
P28482	4fmq	173-196	25-172,197-313	3.234	1.758	1.853	1.413	3.506
P28482	4fux	173-196	25-172,197-313	5.384	2.52	5.933	1.507	6.763
P28482	4fuy	173-196	25-172,197-313	5.43	2.543	5.772	1.529	6.819
P28482	4fv0	173-196	25-172,197-313	5.271	2.457	5.937	1.409	6.849
P28482	4fv1	173-196	25-172,197-313	5.299	2.376	6.599	1.369	6.77
P28482	4fv2	173-196	25-172,197-313	5.374	2.405	6.544	1.366	6.859
P28482	4fv3	173-196	25-172,197-313	5.35	2.394	5.795	1.406	6.749
P28482	4fv4	173-196	25-172,197-313	3.041	1.673	1.688	1.312	3.252
P28482	4fv5	173-196	25-172,197-313	1.877	1.787	1.831	1.639	1.93
P28482	4fv6	173-196	25-172,197-313	1.824	1.699	1.864	1.377	2.099
P28482	4fv7	173-196	25-172,197-313	5.414	2.664	5.271	1.587	6.53
P28482	4fv8	173-196	25-172,197-313	2.873	1.834	1.835	1.502	3.029
P28482	4fv9	173-196	25-172,197-313	2.154	1.763	1.928	1.458	2.405
P28482	4g6n	173-196	25-172,197-313	5.324	2.441	6.124	1.386	6.848
P28482	4g6o	173-196	25-172,197-313	5.337	2.386	5.891	1.353	6.758
P62826	4gmx	179-216	10-169	11.706	17.329	29.182	1.493	43.507
P62826	4gpt	179-216	10-169	13.259	18.166	49.622	1.834	43.588
P28482	4h3p	173-196	25-172,197-313	3.747	1.711	1.779	1.361	3.967
P28482	4h3q	173-196	25-172,197-313	3.296	1.656	2.456	1.225	3.777
P62826	4hat	179-216	10-169	13.134	18.129	49.349	1.868	43.501
P62826	4hau	179-216	10-169	11.372	16.202	31.045	1.503	43.018
P62826	4hav	179-216	10-169	11.36	15.303	31.966	1.501	43.224
P62826	4haw	179-216	10-169	11.281	15.27	31.727	1.521	43.125
P62826	4hax	179-216	10-169	11.463	16.221	30.967	1.495	43.078
P62826	4hay	179-216	10-169	11.214	16.412	31.225	1.516	43.17
P62826	4haz	179-216	10-169	11.296	16.64	31.093	1.461	42.842
P62826	4hb0	179-216	10-169	12.188	17.254	39.864	1.517	42.96
P62826	4hb2	179-216	10-169	11.435	17.335	31.371	1.505	43.533
P62826	4hb3	179-216	10-169	11.223	16.686	31.386	1.455	42.954
P62826	4hb4	179-216	10-169	13.073	18.118	49.36	1.863	43.468
P28482	4iz5	173-196	25-172,197-313	4.2	1.882	2.16	1.341	4.373
P28482	4iz7	173-196	25-172,197-313	2.946	1.441	1.801	1.226	3.255
P28482	4iza	173-196	25-172,197-313	3.837	1.765	1.786	1.236	3.929
P53042	4ja7	28-129	495-499,200-494	1.312	1.47	2.676	1.365	13.62
P53042	4ja9	28-129	495-499,200-494	1.582	1.384	1.478	1.367	8.64
P12931	4k11	249-269,151-248	84-145,524-536	1.31	3.831	4.26	2.869	14.989
P35520	4l0d	414-551	40-413	3.187	16.66	27.173	2.538	36.455
P35520	4l27	414-551	40-413	3.279	16.352	26.247	2.64	35.435
P35520	4l28	414-551	40-413	3.202	16.425	26.392	2.514	35.166
P35520	4l3v	414-551	40-413	3.41	15.957	25.72	2.489	34.602
P28482	4n0s	173-196	25-172,197-313	5.355	2.475	6.221	1.4	6.973
P28482	4nif	173-196	25-172,197-313	3.252	1.712	2.423	1.353	3.751
P28482	4o6e	173-196	25-172,197-313	2.245	1.352	1.303	1.207	2.346
P35520	4pcu	414-551	40-413	1.338	4.816	13.859	2.396	13.698
P28482	4qp1	173-196	25-172,197-313	5.281	2.254	3.51	1.536	5.753
P28482	4qp2	173-196	25-172,197-313	3.963	1.707	2.629	1.349	4.138
P28482	4qp3	173-196	25-172,197-313	4.04	1.777	2.713	1.401	4.228
P28482	4qp4	173-196	25-172,197-313	3.393	1.974	2.16	1.647	3.68
P28482	4qp6	173-196	25-172,197-313	4.014	1.796	2.77	1.425	4.251
P28482	4qp7	173-196	25-172,197-313	3.386	1.935	2.163	1.596	3.683
P28482	4qp8	173-196	25-172,197-313	3.723	2.218	2.121	1.962	3.819
P28482	4qp9	173-196	25-172,197-313	3.354	1.951	2.373	1.61	3.819
P28482	4qpa	173-196	25-172,197-313	4.166	2.694	3.269	2.337	4.864
P28482	4qta	173-196	25-172,197-313	0.95	1.341	1.397	1.365	1.011
P28482	4qte	173-196	25-172,197-313	5.371	2.457	5.291	1.55	6.284
P60240	4s20	1-110	147-416,441-659	2.487	15.702	68.767	3.321	34.71
P35520	4uuu	414-551	40-413	1.557	1.515	1.078	0.897	1.858
P62826	4wvf	179-216	10-169	13.258	18.154	49.553	1.865	43.554
P28482	4xj0	173-196	25-172,197-313	5.297	2.332	2.792	1.623	5.778
P28482	4zxt	173-196	25-172,197-313	5.344	2.496	6.174	1.431	6.989
P28482	4zzm	173-196	25-172,197-313	5.277	2.469	7.275	1.467	6.91
P28482	4zzn	173-196	25-172,197-313	5.379	2.481	6.733	1.429	6.994
P28482	4zzo	173-196	25-172,197-313	5.274	2.434	7.166	1.428	6.923
P28482	5ax3	173-196	25-172,197-313	3.633	2.01	2.266	2.631	4.274
P28482	5bue	173-196	25-172,197-313	1.327	1.87	2.051	1.524	1.816
P28482	5bui	173-196	25-172,197-313	3.584	2.172	2.492	1.659	4.444
P28482	5buj	173-196	25-172,197-313	1.166	1.752	1.919	1.49	1.631
P28482	5bvd	173-196	25-172,197-313	1.432	1.776	1.788	1.476	1.778
P28482	5bve	173-196	25-172,197-313	1.436	1.739	1.755	1.463	1.772
P28482	5bvf	173-196	25-172,197-313	0.906	1.66	1.684	1.369	1.415
P62826	5ciq	179-216	10-169	1.494	4.466	5.446	4.876	2.173
P62826	5cit	179-216	10-169	1.437	4.478	5.171	4.899	2.164
P62826	5ciw	179-216	10-169	1.723	4.218	5.429	4.585	2.253
P62826	5cj2	179-216	10-169	1.655	4.24	5.506	4.604	2.114
P62826	5clq	179-216	10-169	5.819	7.38	28.632	2.02	18.305
P62826	5dh9	179-216	10-169	13.704	17.474	50.547	1.748	43.412
P62826	5dha	179-216	10-169	13.267	17.618	50.223	1.68	43.307
P62826	5dhf	179-216	10-169	13.59	17.545	49.748	1.77	43.63
P62826	5di9	179-216	10-169	13.205	18.157	49.788	1.796	43.595
P62826	5dif	179-216	10-169	13.17	18.111	49.77	1.777	43.485
P62826	5jlj	179-216	10-169	12.859	16.654	42.619	1.439	42.897
P28482	5k4i	173-196	25-172,197-313	1.878	1.815	1.871	1.523	2.13
P28482	5lcj	173-196	25-172,197-313	5.373	2.438	6.248	1.367	6.907
P28482	5lck	173-196	25-172,197-313	5.427	2.452	6.106	1.401	6.921
P28482	5ngu	173-196	25-172,197-313	5.309	2.391	6.395	1.365	6.768
P28482	5nhf	173-196	25-172,197-313	5.374	2.418	6.575	1.357	6.841
P28482	5nhh	173-196	25-172,197-313	5.444	2.466	5.953	1.485	6.59
P28482	5nhj	173-196	25-172,197-313	5.409	2.564	5.93	1.549	6.561
P28482	5nhl	173-196	25-172,197-313	5.275	2.38	6.135	1.417	6.479
P28482	5nho	173-196	25-172,197-313	5.374	2.49	5.842	1.505	6.478
P28482	5nhp	173-196	25-172,197-313	5.392	2.401	6.122	1.397	6.628
P28482	5nhv	173-196	25-172,197-313	5.41	2.426	6.43	1.412	6.743
P62826	5uwh	179-216	10-169	14.657	16.957	46.876	1.454	43.091
P62826	5uwi	179-216	10-169	13.286	18.135	49.89	1.797	43.549
P62826	5uwj	179-216	10-169	13.351	17.622	50.13	1.719	43.305
P62826	5uwo	179-216	10-169	15.207	17.521	48.286	1.455	43.582
P62826	5uwp	179-216	10-169	13.187	18.079	49.753	1.778	43.415
P62826	5uwq	179-216	10-169	13.302	17.626	50.062	1.72	43.322
P62826	5uwr	179-216	10-169	13.637	17.108	44.633	1.448	43.112
P62826	5uws	179-216	10-169	13.199	17.62	49.961	1.722	43.307
P62826	5uwt	179-216	10-169	12.976	17.991	50.154	1.728	43.241
P62826	5uwu	179-216	10-169	13.458	18.111	50.154	1.775	43.506
P62826	5uww	179-216	10-169	13.431	17.617	50.157	1.71	43.297
P28482	5v60	173-196	25-172,197-313	3.842	2.107	5.368	1.309	5.67
P28482	5v61	173-196	25-172,197-313	5.053	2.517	5.401	1.388	7.056
P28482	5v62	173-196	25-172,197-313	5.079	2.617	5.461	1.486	7.116
P28482	5wp1	173-196	25-172,197-313	5.325	2.552	6.28	1.429	7.111
P62826	5yro	179-216	10-169	12.07	18.097	48.979	1.888	43.95
P62826	5yst	179-216	10-169	12.122	17.706	27.133	1.451	43.092
P62826	5ysu	179-216	10-169	12.331	17.691	26.842	1.466	43.055
P62826	5ytb	179-216	10-169	12.967	17.732	49.007	1.891	43.321
P62826	5zpu	179-216	10-169	12.781	16.716	47.827	1.804	43.498
P62826	6a38	179-216	10-169	13.187	17.741	49.545	1.796	43.359
P62826	6a3a	179-216	10-169	13.097	17.718	49.427	1.753	43.305
P62826	6a3b	179-216	10-169	13.137	17.72	49.457	1.79	43.299
P62826	6a3c	179-216	10-169	13.118	17.746	49.415	1.755	43.365
P62826	6a3e	179-216	10-169	13.087	17.683	49.392	1.763	43.208
O08967	6bbp	251-265,383-395	77-206	3.612	17.687	32.619	1.177	38.293
O08967	6bbq	251-265,383-395	77-206	4.744	24.343	41.064	1.177	40.451
P62826	6cit	179-216	10-169	13.416	17.618	50.236	1.709	43.309
P28482	6d5y	173-196	25-172,197-313	3.37	1.897	2.125	1.547	3.734
P28482	6dmg	173-196	25-172,197-313	5.326	2.388	5.822	1.4	6.74
P28482	6g54	173-196	25-172,197-313	5.352	2.331	5.646	1.336	6.673
P28482	6g8x	173-196	25-172,197-313	5.737	2.763	7.401	1.501	8.031
P28482	6g91	173-196	25-172,197-313	5.421	2.479	6.098	1.437	6.89
P28482	6g92	173-196	25-172,197-313	5.344	2.474	6.208	1.432	6.913
P28482	6g93	173-196	25-172,197-313	5.442	2.511	5.764	1.522	6.703
P28482	6g97	173-196	25-172,197-313	5.437	2.601	5.172	1.626	6.45
P28482	6g9a	173-196	25-172,197-313	5.443	2.558	5.541	1.599	6.62
P28482	6g9d	173-196	25-172,197-313	5.42	2.483	6.054	1.466	6.878
P28482	6g9h	173-196	25-172,197-313	5.432	2.444	5.881	1.451	6.793
P28482	6g9j	173-196	25-172,197-313	5.447	2.482	5.758	1.481	6.855
P28482	6g9k	173-196	25-172,197-313	5.405	2.489	6.068	1.482	6.907
P28482	6g9m	173-196	25-172,197-313	5.427	2.526	5.914	1.561	6.825
P28482	6g9n	173-196	25-172,197-313	5.716	2.741	7.361	1.476	8.009
P28482	6gdm	173-196	25-172,197-313	5.284	2.446	6.203	1.411	6.856
P28482	6gdq	173-196	25-172,197-313	5.454	2.491	5.928	1.486	6.794
P28482	6ge0	173-196	25-172,197-313	5.405	2.471	5.923	1.477	6.818
P28482	6gjb	173-196	25-172,197-313	5.409	2.48	6.13	1.452	6.905
P28482	6gjd	173-196	25-172,197-313	5.414	2.455	6.148	1.396	6.893
P62826	6kft	179-216	10-169	13.137	17.72	49.457	1.79	43.299
P62826	6lq9	179-216	10-169	12.604	18.111	49.131	1.818	43.473
P62826	6m60	179-216	10-169	12.353	17.973	50.291	1.732	43.654
P62826	6m6x	179-216	10-169	11.999	17.969	49.879	1.767	43.632
P28482	6nbs	173-196	25-172,197-313	3.33	7.941	54.022	6.075	15.54
P62826	6nif	179-216	10-169	9.475	16.591	32.459	14.038	27.133
P28482	6opg	173-196	25-172,197-313	3.846	2.2	5.452	1.373	5.616
P28482	6oph	173-196	25-172,197-313	3.856	2.14	5.421	1.332	5.671
P28482	6opi	173-196	25-172,197-313	1.029	1.277	1.376	1.244	1.21
P28482	6q7k	173-196	25-172,197-313	5.401	2.59	5.822	1.565	6.802
P28482	6q7s	173-196	25-172,197-313	5.369	2.501	6.087	1.448	6.926
P28482	6q7t	173-196	25-172,197-313	5.429	2.518	5.958	1.51	6.871
P28482	6qa1	173-196	25-172,197-313	5.401	2.553	6.16	1.518	6.979
P28482	6qa3	173-196	25-172,197-313	5.412	2.524	5.741	1.521	6.896
P28482	6qa4	173-196	25-172,197-313	5.547	2.572	6.999	1.479	7.15
P28482	6qag	173-196	25-172,197-313	5.315	2.542	5.755	1.58	6.699
P28482	6qah	173-196	25-172,197-313	5.422	2.522	5.894	1.492	6.771
P28482	6qal	173-196	25-172,197-313	5.752	2.754	7.482	1.421	8.082
P28482	6qaq	173-196	25-172,197-313	5.419	2.623	5.7	1.611	6.761
P28482	6qaw	173-196	25-172,197-313	5.424	2.506	6.081	1.453	6.97
P28482	6rq4	173-196	25-172,197-313	5.434	2.505	5.785	1.515	6.779
P28482	6slg	173-196	25-172,197-313	5.218	2.413	5.997	1.481	6.655
P62826	6x2m	179-216	10-169	15.426	18.007	49.128	1.413	43.317
P62826	6x2o	179-216	10-169	13.163	18.194	49.373	1.814	43.662
P62826	6x2p	179-216	10-169	15.234	17.443	48.469	1.392	43.399
P62826	6x2r	179-216	10-169	15.412	17.53	49.079	1.455	43.599
P62826	6x2s	179-216	10-169	12.809	17.372	42.244	1.421	43.356
P62826	6x2u	179-216	10-169	13.961	17.433	45.348	1.411	43.38
P62826	6x2v	179-216	10-169	11.05	16.373	31.098	1.451	43.261
P62826	6x2w	179-216	10-169	13.416	17.374	50.152	1.717	43.171
P62826	6x2x	179-216	10-169	13.961	17.462	45.563	1.485	43.439
P62826	6x2y	179-216	10-169	13.972	17.501	45.43	1.427	43.543
P62826	6xjp	179-216	10-169	13.006	18.14	49.255	1.82	43.555
P62826	6xjr	179-216	10-169	15.453	17.691	48.733	1.467	43.516
P62826	6xjs	179-216	10-169	13.039	18.155	49.196	1.803	43.585
P62826	6xjt	179-216	10-169	13.043	18.175	49.293	1.81	43.641
P62826	6xju	179-216	10-169	13.042	18.157	49.212	1.81	43.586
P28482	7auv	173-196	25-172,197-313	5.422	2.486	6.112	1.483	6.917
P62826	7cnd	179-216	10-169	12.729	18.181	50.234	1.786	44.059
P62826	7dbg	179-216	10-169	12.527	17.972	50.534	1.728	43.649
P28482	7e73	173-196	25-172,197-313	5.436	2.479	6.507	1.44	6.925
P28482	7e75	173-196	25-172,197-313	5.385	2.48	6.123	1.46	6.873
P62826	7l5e	179-216	10-169	11.151	16.515	31.096	1.428	43.381
P60240	7m8e	1-110	147-416,441-659	1.559	9.072	37.07	2.659	17.273
P60240	7mkn	1-110	147-416,441-659	1.664	9.374	36.763	2.531	18.297
P60240	7mkq	1-110	147-416,441-659	1.7	9.395	37.868	2.586	17.63
P62826	7mnp	179-216	10-169	1.588	4.248	5.206	4.639	2.135
P62826	7mnq	179-216	10-169	1.725	4.48	5.378	4.857	2.892
P62826	7mnr	179-216	10-169	1.701	4.457	5.276	4.849	2.821
P62826	7mns	179-216	10-169	2.049	4.462	5.082	4.822	2.596
P62826	7mnt	179-216	10-169	1.998	4.581	5.202	4.967	2.637
P62826	7mnu	179-216	10-169	1.822	4.471	5.101	4.842	2.306
P62826	7mnv	179-216	10-169	1.653	4.263	5.662	4.666	2.101
P62826	7mnw	179-216	10-169	12.95	18.413	49.098	1.521	44.267
P62826	7mnx	179-216	10-169	11.28	16.832	29.177	1.19	42.028
P62826	7mny	179-216	10-169	11.696	18.153	45.982	2.3	43.167
P62826	7mnz	179-216	10-169	8.536	16.295	27.117	1.38	41.863
P62826	7mo0	179-216	10-169	8.588	9.358	33.916	1.901	22.619
P62826	7mo1	179-216	10-169	1.762	4.278	5.118	4.637	2.818
P62826	7mo2	179-216	10-169	1.662	4.246	5.336	4.628	2.258
P62826	7mo3	179-216	10-169	1.605	4.218	5.45	4.634	2.018
P62826	7mo4	179-216	10-169	1.583	4.183	5.29	4.596	2.062
P62826	7mo5	179-216	10-169	1.74	4.257	5.082	4.618	2.721
P28482	7nqq	173-196	25-172,197-313	5.463	2.521	6.019	1.514	6.924
P28482	7nqw	173-196	25-172,197-313	5.425	2.472	5.858	1.494	6.82
P28482	7nr3	173-196	25-172,197-313	5.44	2.509	5.951	1.501	6.883
P28482	7nr5	173-196	25-172,197-313	5.761	2.746	7.33	1.468	8.004
P28482	7nr8	173-196	25-172,197-313	5.462	2.495	5.928	1.501	6.886
P28482	7nr9	173-196	25-172,197-313	5.388	2.481	6.105	1.462	6.968
P28482	7opm	173-196	25-172,197-313	5.048	2.501	5.293	1.326	7.21
P35520	7qgt	414-551	40-413	4.044	17.769	25.282	2.627	38.635
P28482	7w5o	173-196	25-172,197-313	5.394	2.262	3.757	1.532	5.758
P28482	7x4u	173-196	25-172,197-313	5.379	2.368	5.354	1.444	6.533
P28482	7xc1	173-196	25-172,197-313	5.399	2.243	3.971	1.486	5.751
P62826	7ypz	179-216	10-169	12.367	18.025	50.317	1.707	43.777
P12931	7yqe	249-269,151-248	84-145,524-536	1.226	2.205	3.681	1.319	6.666
P28482	8ao2	173-196	25-172,197-313	5.609	2.527	7.174	1.425	7.179
P28482	8ao3	173-196	25-172,197-313	5.414	2.472	5.928	1.421	6.913
P28482	8ao4	173-196	25-172,197-313	5.347	2.483	6.035	1.453	6.883
P28482	8ao5	173-196	25-172,197-313	5.416	2.446	5.899	1.446	6.761
P28482	8ao6	173-196	25-172,197-313	5.441	2.461	5.873	1.426	6.873
P28482	8ao7	173-196	25-172,197-313	5.421	2.487	6.144	1.425	6.989
P28482	8ao8	173-196	25-172,197-313	5.34	2.481	5.989	1.46	6.829
P28482	8ao9	173-196	25-172,197-313	5.436	2.478	5.871	1.448	6.883
P28482	8aoa	173-196	25-172,197-313	5.432	2.483	6.099	1.427	6.974
P28482	8aob	173-196	25-172,197-313	5.417	2.432	5.876	1.333	6.898
P28482	8aoc	173-196	25-172,197-313	5.447	2.503	5.994	1.459	6.954
P28482	8aod	173-196	25-172,197-313	5.402	2.585	5.895	1.614	6.83
P28482	8aoe	173-196	25-172,197-313	5.445	2.619	5.926	1.637	6.861
P28482	8aof	173-196	25-172,197-313	5.43	2.635	6.123	1.654	6.923
P28482	8aog	173-196	25-172,197-313	5.426	2.582	6.151	1.558	6.954
P28482	8aoh	173-196	25-172,197-313	5.415	2.681	6.24	1.66	7.056
P28482	8aoi	173-196	25-172,197-313	5.435	2.913	6.146	2.027	6.876
P28482	8aoj	173-196	25-172,197-313	5.449	2.596	5.693	1.611	6.711
P62826	8hq3	179-216	10-169	12.354	17.985	50.171	1.72	43.677
P62826	8hq4	179-216	10-169	12.495	17.968	50.458	1.739	43.638
P62826	8hq5	179-216	10-169	12.564	18.041	50.631	1.703	43.819
P62826	8hq6	179-216	10-169	12.344	17.904	50.083	1.743	43.48
P62826	8huf	179-216	10-169	12.416	17.959	50.442	1.744	43.621
P62826	8hug	179-216	10-169	12.434	17.967	50.372	1.734	43.639
P62826	8itv	179-216	10-169	12.995	18.15	50.41	1.808	44.05
P12931	8jn8	249-269,151-248	84-145,524-536	1.331	4.109	5.181	3.626	20.489
P12931	8jn9	249-269,151-248	84-145,524-536	1.346	4.209	5.229	3.639	19.747
Q8NQJ3	8p5x	ene-40	68-117	0.525	1.892	27.612	1.746	6.604
P28482	8psr	173-196	25-172,197-313	3.315	1.554	2.194	1.249	3.729
P28482	8pst	173-196	25-172,197-313	1.149	1.262	1.527	1.127	1.371
P28482	8psw	173-196	25-172,197-313	1.985	1.335	1.591	1.239	2.208
P28482	8psy	173-196	25-172,197-313	3.048	1.388	1.452	1.127	3.266
P28482	8pt0	173-196	25-172,197-313	3.749	1.738	2.59	1.07	4.205
P28482	8pt1	173-196	25-172,197-313	3.379	1.597	2.493	1.044	3.749
P28482	8pt3	173-196	25-172,197-313	4.276	1.77	2.592	1.247	4.536
P28482	8pt5	173-196	25-172,197-313	2.962	1.427	1.752	1.056	3.222
P28482	8pvu	173-196	25-172,197-313	3.238	2.087	2.301	1.796	3.696
P28482	8r5f	173-196	25-172,197-313	1.621	1.267	1.553	1.039	1.902
P35520	8s5h	414-551	40-413	3.477	15.193	27.877	2.808	37.009
P35520	8s5i	414-551	40-413	3.263	15.496	27.936	2.713	37.142
P35520	8s5j	414-551	40-413	3.338	15.543	28.506	2.845	37.314
P35520	8s5k	414-551	40-413	3.516	15.718	29.312	2.926	37.192
P35520	8s5m	414-551	40-413	2.443	2.531	3.492	2.926	4.171
P60240	8so8	1-110	147-416,441-659	0.923	5.897	29.817	2.19	11.239
P60240	8sp4	1-110	147-416,441-659	1.334	4.619	117.35	2.654	7.861
P60240	8spg	1-110	147-416,441-659	1.324	5.152	110.006	2.4	10.554
P28482	8u8j	173-196	25-172,197-313	3.878	2.273	5.363	1.437	5.506
P28482	8u8k	173-196	25-172,197-313	3.841	2.284	5.196	1.436	5.436
P28482	8zjv	173-196	25-172,197-313	5.418	2.48	5.163	1.524	6.371
P00579	4jk1	2-80	379-449,458-534	11.966	16.635	65.808	2.192	46.486
P00579	4jk2	2-80	379-449,458-534	11.957	16.624	65.847	2.187	46.443
P00579	4kmu	2-80	379-449,458-534	12.004	16.596	65.852	2.181	46.318
P00579	4kn4	2-80	379-449,458-534	12.015	16.58	65.876	2.186	46.319
P00579	4kn7	2-80	379-449,458-534	11.968	16.623	65.837	2.178	46.44
P00579	4lk1	2-80	379-449,458-534	6.965	15.093	68.189	1.897	48.087
P00579	4llg	2-80	379-449,458-534	2.308	15.198	41.067	1.942	49.259
P00579	4yln	2-80	379-449,458-534	0.222	4.615	35.485	2.534	22.046
P00579	4ylo	2-80	379-449,458-534	0.158	4.872	28.76	2.641	21.666
P00579	4ylp	2-80	379-449,458-534	0.706	4.38	38.187	2.335	22.253
P00579	4zh2	2-80	379-449,458-534	6.953	15.093	68.194	1.897	48.084
P00579	4zh3	2-80	379-449,458-534	6.951	15.096	68.203	1.897	48.093
P00579	4zh4	2-80	379-449,458-534	6.955	15.098	68.207	1.897	48.101
P00579	6b6h	2-80	379-449,458-534	0.616	4.493	25.37	2.889	20.386
P00579	6n4c	2-80	379-449,458-534	6.389	21.484	69.345	7.53	49.425
P00579	6n57	2-80	379-449,458-534	5.655	17.722	64.989	2.071	45.472
P00579	6n58	2-80	379-449,458-534	5.247	16.788	65.268	2.09	43.977
P00579	6p1k	2-80	379-449,458-534	2.187	13.162	64.985	2.36	43.508
P00579	6psq	2-80	379-449,458-534	5.444	17.366	65.568	2.125	44.648
P00579	6psr	2-80	379-449,458-534	5.672	17.291	65.155	2.254	44.745
P00579	6pss	2-80	379-449,458-534	5.167	18.266	65.462	2.048	45.623
P00579	6pst	2-80	379-449,458-534	5.349	18.328	65.319	1.946	46.124
P00579	6psu	2-80	379-449,458-534	5.229	15.135	64.657	2.171	43.886
P00579	6xh7	2-80	379-449,458-534	0.581	4.794	25.634	3.066	20.419
P00579	6xh8	2-80	379-449,458-534	1.188	4.792	26.555	3.129	19.659
P00579	7bef	2-80	379-449,458-534	0.637	3.951	29.021	2.545	19.209
P00579	7beg	2-80	379-449,458-534	0.552	4.452	25.314	2.917	22.984
P00579	7khi	2-80	379-449,458-534	6.943	17.382	67.066	2.027	46.758
P00579	7w5x	2-80	379-449,458-534	0.388	4.279	25.98	2.558	20.182
P00579	7w5y	2-80	379-449,458-534	0.464	4.214	23.224	2.65	20.136
P00579	8jo2	2-80	379-449,458-534	0.711	4.137	23.504	2.235	19.721
P00579	8to1	2-80	379-449,458-534	6.379	15.989	65.468	2.058	44.809
P00579	8to8	2-80	379-449,458-534	5.491	9.004	65.747	2.063	42.053
P00579	8tom	2-80	379-449,458-534	5.486	17.669	64.288	2.119	45.855
P00579	8y6u	2-80	379-449,458-534	0.639	4.16	24.881	2.598	20.566
