uniprot	pdb	region_1	region_2	1_aligned	complex_rmsd	1_comp	2_aligned	2_comp
Q63450	1a06	285-316	20-276	4.113	2.823	4.654	2.513	4.548
P08631	1ad5	142-239,240-259	76-136,425-514	2.934	4.351	20.877	2.45	43.435
Q08209	1aui	467-491	1-348	2.468	1.267	1.207	0.978	2.369
Q07889	1dbh	1-198	198-565	1.135	2.568	62.132	2.568	4.434
P22681	1fbv	353-380	381-435	8.993	20.862	48.366	5.184	34.357
P12931	1fmk	249-269,151-248	84-145,524-536	4.893	5.762	6.869	5.364	12.356
P14921	1gvj	280-330	335-415	7.725	17.093	31.661	1.324	32.927
P31751	1gzk	5-108,410-481	152-409	2.218	3.01	4.073	3.019	2.78
P31751	1gzn	5-108,410-481	152-409	2.397	2.785	4.077	2.763	3.215
P31751	1gzo	5-108,410-481	152-409	2.239	2.922	3.937	2.935	2.829
Q8IXJ6	1j8f	320-352	65-319	0.98	3.162	4.602	3.299	2.303
P31016	1jxm	428-498	534-709	1.99	1.573	3.051	1.1	2.833
P31016	1jxo	428-498	534-709	2.433	2.206	3.124	1.102	3.603
P62826	1k5d	179-216	10-169	10.037	17.385	27.574	1.883	43.321
P62826	1k5g	179-216	10-169	10.297	17.125	27.307	1.913	42.7
P27577	1k78	304-310,416-441	335-415	0.846	1.069	1.18	1.098	0.948
P27577	1k79	304-310,416-441	335-415	0.713	0.961	1.236	0.905	0.852
P27577	1k7a	304-310,416-441	335-415	0.685	0.929	1.3	0.935	0.783
P31016	1kjw	428-498	534-709	2.778	2.562	3.792	1.272	3.742
P12931	1ksw	249-269,151-248	84-145,524-536	4.874	5.577	6.356	4.942	14.874
P49137	1kwp	328-364	64-325	1.438	3.532	3.816	3.763	1.507
P27577	1md0	304-310,416-441	335-415	1.314	6.885	15.88	1.292	13.449
P27577	1mdm	304-310,416-441	335-415	1.44	2.988	22.527	1.107	4.012
P07038	1mhs	892-917	562-625	4.537	10.953	13.965	8.108	21.809
P31751	1mrv	5-108,410-481	152-409	1.949	2.521	4.049	2.485	2.853
P31751	1mry	5-108,410-481	152-409	1.79	3.202	4.338	3.279	2.523
P14633	1na6	26-100	185-404	2.34	2.969	4.533	2.955	5.097
P49137	1nxk	328-364	64-325	1.46	2.82	3.213	2.867	1.622
P49137	1ny3	328-364	64-325	1.403	2.561	3.59	2.628	1.566
P31751	1o6k	5-108,410-481	152-409	2.592	1.592	1.572	1.319	2.552
P31751	1o6l	5-108,410-481	152-409	1.468	1.367	1.6	1.312	1.603
P00520	1opk	1-60,61-121,127-217,218-241,383-400	242-493	1.045	21.989	52.432	2.219	56.054
P00519	1opl	67-113,127-217	242-493	4.455	20.249	75.023	14.249	47.476
P28482	1pme	173-196	25-172,197-313	5.422	2.499	6.085	1.467	6.843
P53686	1q14	300-320	1-280	2.977	4.839	31.678	2.748	18.489
P62826	1qbk	179-216	10-169	5.956	10.118	28.843	2.206	34.758
P08631	1qcf	142-239,240-259	76-136,425-514	2.655	4.184	18.462	2.243	40.11
P27577	1r36	304-310,416-441	335-415	2.787	4.089	8.863	2.346	4.514
P62826	1rrp	179-216	10-169	7.405	6.732	20.927	1.191	17.038
P53041	1s95	28-129,487-499	184-486	1.758	1.23	4.272	0.938	3.046
P36507	1s9i	75-102	72-74,103-369	1.156	2.484	3.274	2.188	1.804
Q02750	1s9j	75-102	68-74,103-361	1.568	4.423	44.162	4.484	4.181
Q96FI4	1tdh	244-245	220-280	0.675	4.523	12.155	4.523	11.664
P28482	1tvo	173-196	25-172,197-313	5.519	2.568	6.045	1.672	6.823
P53041	1wao	28-129,487-499	184-486	1.386	1.682	4.872	0.993	2.241
Q9UIK4	1wmk	292-301	23-285	1.286	1.336	3.737	1.326	1.628
P28482	1wzy	173-196	25-172,197-313	5.309	2.709	6.437	1.97	6.474
P43405	1xba	93-167,245-370	371-631	1.0	1.204	1.98	1.208	1.069
P43405	1xbb	93-167,245-370	371-631	0.514	1.174	1.426	1.181	0.975
P43405	1xbc	93-167,245-370	371-631	0.787	1.213	3.355	1.209	1.395
Q07889	1xd4	1-198	198-565	1.135	2.344	60.775	2.344	5.352
Q8RT31	1xsz	201-354	1-190	2.308	1.794	1.365	1.138	2.579
Q8RT31	1xt0	201-354	1-190	0.123	1.412	39.174	1.357	4.368
P12931	1y57	249-269,151-248	84-145,524-536	4.141	24.068	41.104	2.954	34.597
Q9UIK4	1z9x	292-301	23-285	1.233	1.308	1.56	1.306	1.281
Q9UIK4	2a27	292-301	23-285	1.012	1.189	2.034	1.187	1.17
Q9UIK4	2a2a	292-301	23-285	1.287	1.339	1.782	1.334	1.373
P54578	2ayn	329-351,429-433	105-483	1.58	5.421	38.968	5.421	5.827
P54578	2ayo	329-351,429-433	105-483	1.129	5.84	41.039	5.84	6.935
P29350	2b3o	1-105	244-515	2.701	22.825	64.205	1.324	57.295
P55957	2bid	21-51	60-195	7.574	9.815	8.639	6.66	10.435
P08631	2c0i	142-239,240-259	76-136,425-514	2.757	5.784	27.908	5.05	8.404
P08631	2c0o	142-239,240-259	76-136,425-514	2.679	5.71	27.747	5.065	8.386
P08631	2c0t	142-239,240-259	76-136,425-514	2.802	5.821	24.161	5.107	8.24
Q9UIK4	2cke	292-301	23-285	1.288	1.236	1.499	1.223	1.352
P41212	2dao	410-452	339-409	3.674	2.663	2.318	2.027	3.773
P46108	2eyz	239-294	132-192	3.469	19.009	25.701	2.806	27.391
P00519	2fo0	67-113,127-217	242-493	4.774	20.86	69.259	14.146	50.462
P12931	2h8h	249-269,151-248	84-145,524-536	5.014	5.802	6.502	5.093	16.151
P08631	2hck	142-239,240-259	76-136,425-514	2.872	4.368	20.087	2.387	42.755
P08631	2hk5	142-239,240-259	76-136,425-514	7.239	4.859	75.902	1.224	17.332
O00571	2i4i	132-181	211-575	1.479	19.06	47.877	19.808	9.221
P07949	2ivs	900-909	724-899,910-1016	3.262	2.486	17.369	2.058	6.944
P07949	2ivt	900-909	724-899,910-1016	3.506	2.354	18.776	1.902	6.691
P07949	2ivu	900-909	724-899,910-1016	3.327	2.024	21.62	1.498	6.809
P07949	2ivv	900-909	724-899,910-1016	3.009	2.086	15.256	1.613	6.78
Q00944	2j0j	35-362	422-680	1.606	5.304	6.881	3.416	5.439
Q00944	2j0k	35-362	422-680	1.65	4.988	7.028	1.459	10.029
P21333	2j3s	2142-2235	2236-2325	5.718	7.281	18.714	2.027	20.674
P49137	2jbo	328-364	64-325	2.571	2.643	2.777	2.648	2.646
P49137	2jbp	328-364	64-325	1.306	2.031	2.317	2.095	1.331
Q8IU85	2jc6	279-319	23-278	5.602	2.512	1.746	1.62	5.632
P31751	2jdo	5-108,410-481	152-409	1.55	1.275	1.23	1.21	1.558
P31751	2jdr	5-108,410-481	152-409	1.46	1.401	1.508	1.364	1.523
P39687	2je0	121-163	1-120	1.301	1.123	1.12	1.065	1.33
P39687	2je1	121-163	1-120	1.302	1.169	1.141	1.125	1.344
P22681	2k4d	353-380	381-435	13.654	16.898	51.538	2.117	30.218
Q8NQJ3	2kb3	1-40	68-117	15.801	11.558	10.625	2.782	23.09
Q8NQJ3	2kb4	1-40	68-117	8.933	22.333	48.567	2.412	68.29
Q04929	2l3s	225-297	133-193	7.515	11.399	27.264	2.333	28.242
Q9P246	2l5y	67-102	136-204	2.747	3.101	4.388	3.176	3.724
P97360	2lf7	426-435	335-416	2.204	2.1	9.718	1.692	4.3
P97360	2lf8	426-435	335-416	1.788	1.846	3.792	1.712	2.8
P46109	2lqn	129-175	14-102	2.606	16.503	25.065	1.681	52.361
P46109	2lqw	129-175	14-102	2.498	17.348	25.003	2.493	52.191
P32527	2lwx	348-364	365-433	1.728	1.369	1.414	1.252	1.751
P97360	2md5	426-435	335-416	0.903	3.408	25.553	2.544	14.413
P62826	2mmc	179-216	10-169	7.247	5.332	5.452	4.831	7.825
P62826	2mmg	179-216	10-169	11.743	15.355	44.303	1.842	36.816
Q8NB16	2msv	133-150	1-124	2.189	3.083	6.535	2.862	3.27
P62826	2n1b	179-216	10-169	3.885	5.084	6.103	5.196	5.781
P14921	2nny	280-330	335-415	6.453	6.645	17.241	0.96	14.916
P49137	2onl	328-364	64-325	1.707	5.405	5.739	5.805	1.844
P49137	2oza	328-364	64-325	1.738	6.017	6.231	6.418	1.824
P49137	2p3g	328-364	64-325	2.671	2.131	2.081	2.031	2.676
Q02750	2p55	75-102	68-74,103-361	0.915	1.772	2.299	1.481	1.155
P49137	2pzy	328-364	64-325	1.414	2.815	3.175	2.881	1.525
P18654	2qr7	697-712	328-679	1.648	1.591	2.46	1.612	1.78
P18654	2qr8	697-712	328-679	2.175	1.758	2.565	1.769	2.188
Q9Y6K1	2qrv	476-626	634-912	0.403	9.42	46.657	8.825	17.254
Q07343	2qyl	166-281	330-649	11.194	26.807	42.184	4.89	52.276
O08967	2r09	251-265,383-395	77-206	3.319	7.66	9.659	1.145	7.21
O08967	2r0d	251-265,383-395	77-206	3.207	7.617	9.426	1.086	7.096
Q86VW2	2rgn	348-472	155-347	1.846	1.716	1.989	1.558	2.074
Q06124	2shp	3-104	247-517	1.782	4.628	3.761	1.191	2.745
P12931	2src	249-269,151-248	84-145,524-536	4.971	5.771	6.296	4.975	15.657
P14921	2stt	280-330	335-415	4.169	4.89	30.18	3.126	12.47
P14921	2stw	280-330	335-415	3.725	4.834	19.445	3.107	12.565
P31751	2uw9	5-108,410-481	152-409	1.5	1.341	1.447	1.293	1.549
Q13555	2v7o	283-292	14-272	0.572	1.533	1.951	1.565	0.659
Q13557	2vn9	283-292	14-272	0.864	1.344	1.984	1.37	1.005
Q16566	2w4o	305-321	46-300	1.56	1.451	1.336	1.46	1.626
Q13557	2wel	283-292	14-272	5.674	10.022	75.66	1.945	50.414
Q8TDX7	2wqm	182-199	34-181,200-299	0.272	1.739	14.053	1.68	5.113
Q8TDX7	2wqn	182-199	34-181,200-299	0.24	1.684	13.678	1.599	5.008
P07949	2x2k	900-909	724-899,910-1016	3.283	2.287	20.263	1.867	6.786
P07949	2x2l	900-909	724-899,910-1016	3.293	2.308	12.374	1.913	6.553
P07949	2x2m	900-909	724-899,910-1016	3.177	2.057	21.76	1.612	6.63
P31751	2x39	5-108,410-481	152-409	1.556	1.248	1.293	1.168	1.61
Q9UM73	2xb7	1279-1288,1158-1173	1116-1157,1174-1278,1289-1392	1.256	1.242	1.422	1.193	1.62
Q9UM73	2xba	1279-1288,1158-1173	1116-1157,1174-1278,1289-1392	1.279	1.357	2.07	1.233	1.707
P31751	2xh5	5-108,410-481	152-409	1.472	1.303	1.302	1.26	1.483
P31016	2xkx	428-498	534-709	4.442	6.432	14.504	4.748	14.398
Q9UM73	2xp2	1279-1288,1158-1173	1116-1157,1174-1278,1289-1392	1.558	3.049	21.123	2.143	6.101
P22681	2y1m	353-380	381-435	9.788	12.856	39.53	3.013	22.544
P22681	2y1n	353-380	381-435	8.91	14.241	42.226	3.332	25.853
P28482	2y9q	173-196	25-172,197-313	3.104	1.757	1.974	1.375	3.386
Q9UM73	2yfx	1279-1288,1158-1173	1116-1157,1174-1278,1289-1392	3.355	1.8	7.554	1.6	3.346
Q9UM73	2yhv	1279-1288,1158-1173	1116-1157,1174-1278,1289-1392	3.346	1.805	7.334	1.561	3.392
Q9UM73	2yjr	1279-1288,1158-1173	1116-1157,1174-1278,1289-1392	0.985	1.508	15.209	1.339	2.633
Q9UM73	2yjs	1279-1288,1158-1173	1116-1157,1174-1278,1289-1392	1.486	1.545	6.618	1.38	2.248
P49137	3a2c	328-364	64-325	1.47	2.609	3.3	2.666	1.782
P45985	3aln	109-136	102-108,137-367	1.765	2.815	3.929	1.794	2.7
P45985	3alo	109-136	102-108,137-367	1.56	6.171	6.662	3.648	1.964
Q9UM73	3aox	1279-1288,1158-1173	1116-1157,1174-1278,1289-1392	2.695	1.464	5.726	1.198	2.799
Q58719	3auz	290-330	1-289	5.241	2.405	3.318	1.475	7.312
Q58719	3av0	290-330	1-289	8.165	3.727	6.236	1.486	10.07
P13864	3av4	649-695	1142-1601	3.755	4.751	23.707	3.079	23.18
P13864	3av5	649-695	1142-1601	4.29	4.688	23.109	3.053	22.199
P13864	3av6	649-695	1142-1601	4.186	4.53	22.858	3.118	21.46
Q13554	3bhh	283-292	14-272	0.466	1.748	2.183	1.813	0.498
Q09472	3biy	1520-1581	1287-1663	0.588	1.216	7.673	1.216	1.034
P62826	3ch5	179-216	10-169	1.596	4.639	5.884	5.055	2.105
Q83RJ4	3cvr	58-260	279-571	2.828	3.204	11.367	2.161	5.751
P31751	3d0e	5-108,410-481	152-409	2.613	1.641	1.566	1.315	2.632
Q02750	3dv3	75-102	68-74,103-361	0.847	1.774	2.699	1.384	1.205
Q02750	3dy7	75-102	68-74,103-361	0.92	1.774	2.294	1.33	1.18
P31751	3e87	5-108,410-481	152-409	2.613	1.595	1.612	1.249	2.612
P31751	3e88	5-108,410-481	152-409	3.172	1.788	1.542	1.275	3.196
P31751	3e8d	5-108,410-481	152-409	2.976	1.731	1.59	1.295	3.068
Q02750	3e8n	75-102	68-74,103-361	0.842	1.734	2.469	1.409	1.106
P62826	3ea5	179-216	10-169	1.04	2.27	5.602	2.307	2.826
P43405	3emg	93-167,245-370	371-631	5.563	2.021	29.322	1.819	5.9
P52564	3enm	251-277	53-314	1.569	4.271	4.455	4.271	1.607
Q02750	3eqb	75-102	68-74,103-361	0.942	1.792	2.547	1.499	1.242
Q02750	3eqc	75-102	68-74,103-361	0.942	1.252	1.378	1.23	1.083
Q02750	3eqd	75-102	68-74,103-361	0.98	1.578	1.689	1.17	1.098
Q02750	3eqf	75-102	68-74,103-361	1.122	1.579	2.031	1.205	1.385
Q02750	3eqg	75-102	68-74,103-361	1.194	1.631	1.784	1.228	1.35
Q02750	3eqh	75-102	68-74,103-361	0.987	1.469	1.572	1.147	1.106
Q02750	3eqi	75-102	68-74,103-361	1.015	1.589	1.736	1.28	1.243
Q16644	3fhr	307-343	44-304	1.131	1.226	1.301	1.233	1.182
P52564	3fme	251-277	53-314	2.059	3.29	3.83	3.29	2.188
P49137	3fpm	328-364	64-325	2.009	2.205	3.258	2.214	2.115
P43405	3fqe	93-167,245-370	371-631	1.099	1.357	1.78	1.362	1.212
P43405	3fqh	93-167,245-370	371-631	0.634	1.286	1.835	1.293	1.027
P43405	3fqs	93-167,245-370	371-631	0.726	1.356	2.443	1.363	1.372
Q16644	3fxw	307-343	44-304	1.109	1.245	1.321	1.259	1.153
P49137	3fyj	328-364	64-325	2.676	2.152	2.182	2.052	2.684
P49137	3fyk	328-364	64-325	2.421	2.047	1.992	1.976	2.459
P11142	3fzf	263-287	225-262	1.567	2.259	2.786	2.681	1.851
P11142	3fzh	263-287	225-262	1.605	2.244	2.646	2.684	1.826
P11142	3fzk	263-287	225-262	1.626	2.268	2.718	2.732	1.782
P11142	3fzl	263-287	225-262	1.617	2.234	2.653	2.684	1.86
P11142	3fzm	263-287	225-262	1.685	2.256	2.699	2.695	1.785
Q07343	3g45	166-281	330-649	2.167	1.39	1.853	0.9	2.706
O08722	3g5b	541-687	688-828,853-942	2.304	2.056	2.021	1.73	2.44
P62826	3gj0	179-216	10-169	1.621	4.473	5.602	4.888	2.011
P62826	3gj3	179-216	10-169	1.6	4.454	5.693	4.873	2.14
P62826	3gj4	179-216	10-169	1.664	4.25	5.065	4.653	2.203
P62826	3gj5	179-216	10-169	1.601	4.236	5.307	4.63	2.13
P62826	3gj6	179-216	10-169	1.623	4.248	5.048	4.633	2.303
P62826	3gj7	179-216	10-169	1.645	4.231	5.289	4.605	2.098
P62826	3gj8	179-216	10-169	1.584	4.256	5.324	4.663	2.108
P62826	3gjx	179-216	10-169	0.899	1.397	39.872	1.367	4.652
P49137	3gok	328-364	64-325	1.512	2.344	3.067	2.416	1.544
P53041	3h60	28-129,487-499	184-486	0.719	0.902	1.387	0.896	0.796
P53041	3h61	28-129,487-499	184-486	0.424	0.879	1.47	0.883	0.524
P53041	3h62	28-129,487-499	184-486	0.613	0.875	1.658	0.875	0.795
P53041	3h63	28-129,487-499	184-486	0.651	0.891	1.665	0.884	0.762
P53041	3h66	28-129,487-499	184-486	0.722	0.917	1.912	0.907	0.833
P53041	3h67	28-129,487-499	184-486	0.654	0.961	1.464	0.95	0.732
P53041	3h68	28-129,487-499	184-486	0.624	0.893	1.315	0.885	0.653
P53041	3h69	28-129,487-499	184-486	0.587	0.876	1.224	0.869	0.69
P28482	3i5z	173-196	25-172,197-313	3.343	1.851	1.854	1.627	3.404
P28482	3i60	173-196	25-172,197-313	2.72	1.818	1.783	1.52	2.924
Q3UP24	3jbl	356-463,578-1020	95-298	3.625	17.984	35.419	3.016	63.094
Q9Z0R4	3jv3	1151-1203	1230-1416	1.118	10.432	54.4	1.293	23.024
A0A0R4I961	3jwn	155-279	3-147	1.886	6.85	22.68	2.487	18.382
P49137	3ka0	328-364	64-325	1.136	2.175	2.319	2.311	1.145
P49137	3kc3	328-364	64-325	1.148	2.608	2.8	2.69	1.212
Q9UGN5	3kcz	231-348	356-538	1.183	1.313	1.242	1.029	1.43
P49137	3kga	328-364	64-325	1.02	3.413	3.672	3.651	1.065
Q9UGN5	3kjd	231-348	356-538	1.252	1.143	1.13	1.009	1.466
Q07889	3ksy	1-198	198-565	2.98	3.059	5.387	2.921	3.432
P15498	3ky9	131-178	194-373	7.562	10.075	18.102	1.384	26.396
Q5EGY4	3kyq	8-131	138-198	1.19	1.381	1.621	1.603	1.229
Q9UM73	3l9p	1279-1288,1158-1173	1116-1157,1174-1278,1289-1392	3.848	2.542	5.706	1.81	5.864
Q9UM73	3lcs	1279-1288,1158-1173	1116-1157,1174-1278,1289-1392	4.0	3.054	5.959	2.609	6.376
Q9UM73	3lct	1279-1288,1158-1173	1116-1157,1174-1278,1289-1392	3.802	2.785	5.639	2.379	5.786
P11142	3ldq	263-287	225-262	1.623	2.281	2.739	2.713	1.935
O76074	3lfv	403-539	156-331	2.305	3.383	5.217	2.655	6.331
P49137	3m2w	328-364	64-325	0.974	3.471	3.737	3.712	1.024
P11142	3m3z	263-287	225-262	1.551	2.245	2.7	2.696	1.837
P49137	3m42	328-364	64-325	1.094	3.459	3.715	3.703	1.129
Q02750	3mbl	75-102	68-74,103-361	0.997	1.843	2.601	1.438	1.292
Q9H7B4	3mek	280-428	4-240	1.615	1.42	1.503	1.189	2.023
O76074	3mf0	403-539	156-331	2.267	3.357	5.043	2.634	6.191
P14921	3mfk	280-330	335-415	6.83	10.007	20.163	1.031	20.413
P62826	3nby	179-216	10-169	1.139	1.887	45.016	1.76	9.514
P62826	3nbz	179-216	10-169	0.991	1.527	35.43	1.418	5.944
P62826	3nc0	179-216	10-169	0.955	1.562	35.566	1.456	5.997
P62826	3nc1	179-216	10-169	0.472	1.461	30.213	1.44	3.362
P08631	3nhn	142-239,240-259	76-136,425-514	4.957	8.299	11.269	2.346	20.464
P31749	3o96	5-108	150-408	3.426	7.123	15.203	3.292	16.394
Q02750	3orn	75-102	68-74,103-361	0.938	1.851	2.581	1.383	1.264
Q02750	3os3	75-102	68-74,103-361	1.244	2.012	3.127	1.483	1.697
Q9H7B4	3oxf	280-428	4-240	0.98	1.221	1.708	1.304	1.261
Q9H7B4	3oxg	280-428	4-240	1.357	1.344	1.746	1.288	1.729
Q9H7B4	3oxl	280-428	4-240	1.37	1.42	1.741	1.448	1.505
Q9H7B4	3pdn	280-428	4-240	1.625	1.471	1.571	1.231	2.112
Q3KK31	3pjw	170-390	399-648	1.407	1.619	2.088	1.58	2.297
Q3KK31	3pjx	170-390	399-648	1.276	1.406	2.144	1.348	1.946
Q02750	3pp1	75-102	68-74,103-361	0.945	1.77	2.325	1.413	1.216
P29350	3ps5	1-105	244-515	2.207	1.939	2.218	1.205	3.541
P13864	3pt6	649-695	1142-1601	1.843	2.459	15.56	1.742	4.802
P26358	3pta	647-714	1140-1602	5.939	3.428	6.37	2.969	7.609
Q9H7B4	3qwp	280-428	4-240	1.595	1.44	1.561	1.222	2.045
Q16644	3r1n	307-343	44-304	1.444	1.235	1.242	1.196	1.458
P49137	3r2b	328-364	64-325	2.159	2.12	2.284	2.111	2.269
P49137	3r2y	328-364	64-325	1.056	1.153	1.166	1.148	1.123
P49137	3r30	328-364	64-325	1.228	1.622	1.775	1.643	1.294
Q9H7B4	3ru0	280-428	4-240	0.891	1.156	1.657	1.203	1.246
P28482	3sa0	173-196	25-172,197-313	5.392	2.509	6.129	1.449	7.008
Q16644	3she	307-343	44-304	1.066	1.182	1.252	1.195	1.076
Q02750	3sls	75-102	68-74,103-361	1.208	3.744	4.19	2.433	1.677
P43405	3srv	93-167,245-370	371-631	0.732	1.75	2.653	1.77	2.184
P26358	3swr	647-714	1140-1602	5.937	3.352	5.814	2.903	7.426
Q13490	3t6p	453-543	571-606	1.86	12.521	23.7	1.379	38.186
P28482	3tei	173-196	25-172,197-313	3.471	1.462	1.561	1.149	3.511
P43405	3tub	93-167,245-370	371-631	1.137	1.997	3.146	1.991	3.402
P43405	3tuc	93-167,245-370	371-631	3.619	2.405	5.119	2.194	6.381
P43405	3tud	93-167,245-370	371-631	0.932	2.06	3.374	2.083	3.656
Q02750	3v01	75-102	68-74,103-361	1.022	1.787	2.5	1.51	1.321
Q02750	3v04	75-102	68-74,103-361	0.923	1.759	2.521	1.462	1.206
P43405	3vf8	93-167,245-370	371-631	0.479	1.094	2.235	1.105	0.645
P43405	3vf9	93-167,245-370	371-631	0.617	1.119	2.052	1.126	0.824
P52564	3vn9	251-277	53-314	1.592	3.479	3.766	3.479	1.851
P08631	3vry	142-239,240-259	76-136,425-514	1.215	1.539	2.482	1.087	2.515
P08631	3vrz	142-239,240-259	76-136,425-514	1.131	1.446	2.705	1.074	2.986
P08631	3vs0	142-239,240-259	76-136,425-514	1.289	1.527	2.63	1.139	2.964
P08631	3vs1	142-239,240-259	76-136,425-514	1.37	1.595	2.861	1.079	3.067
P08631	3vs2	142-239,240-259	76-136,425-514	1.472	1.539	2.584	1.075	2.611
P08631	3vs3	142-239,240-259	76-136,425-514	1.235	1.563	2.185	1.082	2.362
P08631	3vs4	142-239,240-259	76-136,425-514	1.468	1.616	2.473	1.083	2.537
P08631	3vs5	142-239,240-259	76-136,425-514	1.316	1.47	2.238	1.051	2.429
P08631	3vs6	142-239,240-259	76-136,425-514	1.401	1.573	2.527	1.065	2.585
P08631	3vs7	142-239,240-259	76-136,425-514	1.341	1.665	3.076	1.143	2.893
Q02750	3vvh	75-102	68-74,103-361	0.911	1.554	2.356	1.323	1.096
P28482	3w55	173-196	25-172,197-313	2.099	2.05	2.507	1.937	2.566
Q02750	3w8q	75-102	68-74,103-361	1.666	6.979	6.957	4.212	2.171
P49137	3wi6	328-364	64-325	2.009	2.272	2.292	2.293	1.994
Q02750	3wig	75-102	68-74,103-361	0.877	2.02	2.546	1.554	1.091
P14921	3wts	280-330	335-415	4.471	2.067	36.135	1.033	5.605
P14921	3wtt	280-330	335-415	4.43	2.046	35.753	0.986	5.587
P14921	3wtu	280-330	335-415	3.857	2.307	36.057	0.972	6.592
P14921	3wtv	280-330	335-415	4.402	2.048	35.336	1.03	5.56
P14921	3wtw	280-330	335-415	3.952	2.319	35.686	1.016	6.569
P14921	3wty	280-330	335-415	4.528	2.086	33.352	1.044	5.655
P14921	3wtz	280-330	335-415	7.069	14.067	35.137	1.561	30.397
P14921	3wu0	280-330	335-415	6.79	15.11	34.571	1.581	30.432
Q8IXJ6	3zgo	320-352	65-319	1.021	3.167	4.614	3.298	2.331
Q8IXJ6	3zgv	320-352	65-319	0.833	2.124	2.332	2.22	1.199
Q02750	3zls	75-102	68-74,103-361	1.522	1.592	1.785	1.382	1.609
Q02750	3zlw	75-102	68-74,103-361	1.079	1.282	1.42	1.185	1.265
Q02750	3zlx	75-102	68-74,103-361	1.138	1.279	1.472	1.194	1.286
Q02750	3zly	75-102	68-74,103-361	0.925	1.273	1.531	1.164	1.228
Q02750	3zm4	75-102	68-74,103-361	1.377	1.262	1.67	1.134	1.546
Q96BN8	3znv	330-340	129-341	2.619	2.339	10.219	2.339	3.661
Q96BN8	3znx	330-340	129-341	3.128	1.797	7.627	1.797	3.94
Q96BN8	3znz	330-340	129-341	2.863	1.66	8.129	1.66	3.673
Q01974	3zzw	555-556	473-746	1.723	2.654	7.082	2.654	2.39
P22681	4a49	353-380	381-435	0.87	1.296	1.828	1.35	1.265
P22681	4a4b	353-380	381-435	2.832	1.698	1.304	1.106	2.663
P22681	4a4c	353-380	381-435	2.775	1.707	1.669	1.089	2.703
Q02750	4an2	75-102	68-74,103-361	1.283	1.908	2.225	1.478	1.645
Q02750	4an3	75-102	68-74,103-361	1.111	2.188	2.604	1.692	1.261
Q02750	4an9	75-102	68-74,103-361	1.032	2.206	2.756	1.688	1.224
Q02750	4anb	75-102	68-74,103-361	0.958	1.922	2.316	1.478	1.21
Q9UM73	4anl	1279-1288,1158-1173	1116-1157,1174-1278,1289-1392	3.356	1.777	7.854	1.522	3.43
Q9UM73	4anq	1279-1288,1158-1173	1116-1157,1174-1278,1289-1392	3.373	1.763	6.966	1.545	3.32
Q9UM73	4ans	1279-1288,1158-1173	1116-1157,1174-1278,1289-1392	3.397	1.776	6.868	1.564	3.338
Q02750	4ark	75-102	68-74,103-361	0.87	2.059	2.649	1.47	1.094
Q09472	4bhw	1520-1581	1287-1663	0.643	1.043	26.63	1.043	2.1
P15036	4bqa	325-359	363-443	4.081	6.581	15.689	0.994	13.188
Q8RT31	4c7p	201-354	1-190	1.828	1.519	1.356	1.195	1.919
Q9UM73	4ccb	1279-1288,1158-1173	1116-1157,1174-1278,1289-1392	1.641	2.985	20.858	2.029	5.922
Q9UM73	4ccu	1279-1288,1158-1173	1116-1157,1174-1278,1289-1392	3.279	1.694	6.321	1.391	3.21
Q9UM73	4cd0	1279-1288,1158-1173	1116-1157,1174-1278,1289-1392	3.013	2.059	6.329	1.8	3.541
P54646	4cfe	291-376	16-268	10.982	16.545	48.623	3.797	43.538
P54646	4cff	291-376	16-268	10.883	15.937	48.927	3.806	42.221
P07949	4cki	900-909	724-899,910-1016	3.281	2.619	16.758	2.209	6.88
P07949	4ckj	900-909	724-899,910-1016	3.213	2.471	21.993	2.087	6.442
Q9UM73	4cli	1279-1288,1158-1173	1116-1157,1174-1278,1289-1392	3.202	1.78	8.228	1.594	3.233
Q9UM73	4clj	1279-1288,1158-1173	1116-1157,1174-1278,1289-1392	3.031	2.09	6.81	1.836	3.637
Q9UM73	4cmo	1279-1288,1158-1173	1116-1157,1174-1278,1289-1392	3.3	2.053	5.675	1.751	3.587
Q9UM73	4cmt	1279-1288,1158-1173	1116-1157,1174-1278,1289-1392	1.718	3.02	21.161	1.986	6.044
Q9UM73	4cmu	1279-1288,1158-1173	1116-1157,1174-1278,1289-1392	3.239	1.769	7.502	1.57	3.238
Q9UM73	4cnh	1279-1288,1158-1173	1116-1157,1174-1278,1289-1392	1.581	3.04	22.612	2.13	5.909
P35520	4coo	414-551	40-413	2.884	16.816	27.945	2.43	36.161
Q9UM73	4ctb	1279-1288,1158-1173	1116-1157,1174-1278,1289-1392	3.232	1.745	8.59	1.498	3.284
Q9UM73	4ctc	1279-1288,1158-1173	1116-1157,1174-1278,1289-1392	1.353	1.556	16.576	1.304	2.769
P35609	4d1e	259-307	753-824	3.649	3.442	26.741	4.256	82.497
Q8RT31	4d7q	201-354	1-190	5.749	2.732	5.331	1.626	6.112
Q8RT31	4d7r	201-354	1-190	1.802	2.201	3.294	3.345	2.765
Q9UM73	4dce	1279-1288,1158-1173	1116-1157,1174-1278,1289-1392	1.015	1.416	11.791	1.322	2.313
P43405	4dfl	93-167,245-370	371-631	0.59	1.249	2.521	1.257	0.975
P43405	4dfn	93-167,245-370	371-631	0.978	1.371	3.569	1.377	1.579
Q06124	4dgp	3-104	247-517	1.557	4.48	4.611	1.175	2.169
Q06124	4dgx	3-104	247-517	1.493	4.502	4.059	1.392	2.205
P31749	4ejn	5-108	150-408	3.184	8.427	16.95	3.834	17.436
P19174	4ey0	757-790	668-756	1.994	1.302	1.216	0.994	2.254
P43405	4f4p	93-167,245-370	371-631	0.858	1.412	2.454	1.419	1.119
P12931	4f59	249-269,151-248	84-145,524-536	1.333	1.352	6.322	1.285	5.029
P12931	4f5a	249-269,151-248	84-145,524-536	1.379	1.326	7.63	1.385	4.311
P12931	4f5b	249-269,151-248	84-145,524-536	1.205	1.439	8.396	1.632	9.941
P19174	4fbn	757-790	668-756	2.308	1.407	1.122	1.066	2.39
Q14012	4fg8	286-300	20-276	0.902	1.192	1.342	1.2	1.166
Q14012	4fg9	286-300	20-276	1.269	1.221	1.281	1.215	1.421
Q14012	4fgb	286-300	20-276	0.785	2.625	3.229	2.7	0.949
P43405	4fl1	93-167,245-370	371-631	1.52	1.531	3.286	1.511	2.487
P43405	4fl2	93-167,245-370	371-631	13.197	17.425	25.335	4.882	28.154
P43405	4fl3	93-167,245-370	371-631	13.076	17.535	23.236	2.502	28.541
P28482	4fmq	173-196	25-172,197-313	3.234	1.758	1.853	1.413	3.506
Q9UM73	4fnw	1279-1288,1158-1173	1116-1157,1174-1278,1289-1392	2.351	1.558	5.532	1.289	2.601
Q9UM73	4fnx	1279-1288,1158-1173	1116-1157,1174-1278,1289-1392	1.086	1.651	15.537	1.54	2.152
Q9UM73	4fny	1279-1288,1158-1173	1116-1157,1174-1278,1289-1392	0.92	1.524	15.451	1.387	2.498
Q9UM73	4fnz	1279-1288,1158-1173	1116-1157,1174-1278,1289-1392	0.839	1.418	15.904	1.219	2.362
Q9UM73	4fob	1279-1288,1158-1173	1116-1157,1174-1278,1289-1392	2.7	1.491	5.021	1.319	2.866
Q9UM73	4foc	1279-1288,1158-1173	1116-1157,1174-1278,1289-1392	1.702	1.904	5.633	1.562	3.008
Q9UM73	4fod	1279-1288,1158-1173	1116-1157,1174-1278,1289-1392	2.761	1.482	5.34	1.339	2.837
P28482	4fux	173-196	25-172,197-313	5.384	2.52	5.933	1.507	6.763
P28482	4fuy	173-196	25-172,197-313	5.43	2.543	5.772	1.529	6.819
P28482	4fv0	173-196	25-172,197-313	5.271	2.457	5.937	1.409	6.849
P28482	4fv1	173-196	25-172,197-313	5.299	2.376	6.599	1.369	6.77
P28482	4fv2	173-196	25-172,197-313	5.374	2.405	6.544	1.366	6.859
P28482	4fv3	173-196	25-172,197-313	5.35	2.394	5.795	1.406	6.749
P28482	4fv4	173-196	25-172,197-313	3.041	1.673	1.688	1.312	3.252
P28482	4fv5	173-196	25-172,197-313	1.877	1.787	1.831	1.639	1.93
P28482	4fv6	173-196	25-172,197-313	1.824	1.699	1.864	1.377	2.099
P28482	4fv7	173-196	25-172,197-313	5.414	2.664	5.271	1.587	6.53
P28482	4fv8	173-196	25-172,197-313	2.873	1.834	1.835	1.502	3.029
P28482	4fv9	173-196	25-172,197-313	2.154	1.763	1.928	1.458	2.405
P43405	4fyn	93-167,245-370	371-631	0.79	1.32	2.092	1.327	1.114
P43405	4fyo	93-167,245-370	371-631	0.751	1.255	1.831	1.258	1.132
P43405	4fz6	93-167,245-370	371-631	0.759	1.327	2.755	1.337	0.995
P43405	4fz7	93-167,245-370	371-631	0.77	1.271	1.387	1.282	0.915
P28482	4g6n	173-196	25-172,197-313	5.324	2.441	6.124	1.386	6.848
P28482	4g6o	173-196	25-172,197-313	5.337	2.386	5.891	1.353	6.758
P43405	4gfg	93-167,245-370	371-631	0.784	1.437	2.51	1.45	0.975
P62826	4gmx	179-216	10-169	11.706	17.329	29.182	1.493	43.507
P62826	4gpt	179-216	10-169	13.259	18.166	49.622	1.834	43.588
Q01974	4gt4	555-556	473-746	1.276	1.889	11.349	1.889	2.435
Q06124	4gwf	3-104	247-517	2.134	4.578	4.163	1.139	2.699
Q91VS8	4gyv	728-745,755-1026	536-727	1.571	1.797	6.087	1.444	3.284
Q91VS8	4gzu	728-745,755-1026	536-727	1.592	1.821	1.398	1.226	2.413
Q06124	4h1o	3-104	247-517	2.098	4.725	4.175	1.345	2.665
Q06124	4h34	3-104	247-517	1.744	4.402	4.314	1.336	3.4
P28482	4h3p	173-196	25-172,197-313	3.747	1.711	1.779	1.361	3.967
P28482	4h3q	173-196	25-172,197-313	3.296	1.656	2.456	1.225	3.777
P11142	4h5n	263-287	225-262	1.528	2.28	2.644	2.78	1.772
P11142	4h5r	263-287	225-262	1.709	2.24	2.537	2.69	2.055
P11142	4h5t	263-287	225-262	1.276	2.134	2.498	2.538	1.649
P11142	4h5v	263-287	225-262	1.351	2.246	2.669	2.764	1.833
P11142	4h5w	263-287	225-262	1.565	2.268	2.554	2.701	1.874
Q9Y4F1	4h6y	759-1029	540-730	1.443	1.328	1.183	1.094	1.501
P62826	4hat	179-216	10-169	13.134	18.129	49.349	1.868	43.501
P62826	4hau	179-216	10-169	11.372	16.202	31.045	1.503	43.018
P62826	4hav	179-216	10-169	11.36	15.303	31.966	1.501	43.224
P62826	4haw	179-216	10-169	11.281	15.27	31.727	1.521	43.125
P62826	4hax	179-216	10-169	11.463	16.221	30.967	1.495	43.078
P62826	4hay	179-216	10-169	11.214	16.412	31.225	1.516	43.17
P62826	4haz	179-216	10-169	11.296	16.64	31.093	1.461	42.842
P62826	4hb0	179-216	10-169	12.188	17.254	39.864	1.517	42.96
P62826	4hb2	179-216	10-169	11.435	17.335	31.371	1.505	43.533
P62826	4hb3	179-216	10-169	11.223	16.686	31.386	1.455	42.954
P62826	4hb4	179-216	10-169	13.073	18.118	49.36	1.863	43.468
P11142	4hwi	263-287	225-262	1.335	2.23	2.671	2.807	1.718
P43405	4i0r	93-167,245-370	371-631	0.77	1.231	1.655	1.238	1.043
P43405	4i0s	93-167,245-370	371-631	0.909	1.291	1.788	1.286	1.483
P43405	4i0t	93-167,245-370	371-631	1.039	1.76	2.12	1.765	2.027
P28482	4iz5	173-196	25-172,197-313	4.2	1.882	2.16	1.341	4.373
P28482	4iz7	173-196	25-172,197-313	2.946	1.441	1.801	1.226	3.255
P28482	4iza	173-196	25-172,197-313	3.837	1.765	1.786	1.236	3.929
P53042	4ja7	28-129	495-499,200-494	1.312	1.47	2.676	1.365	13.62
P53042	4ja9	28-129	495-499,200-494	1.582	1.384	1.478	1.367	8.64
P00579	4jk1	2-80	379-449,458-534	11.966	16.635	65.808	2.192	46.486
P00579	4jk2	2-80	379-449,458-534	11.957	16.624	65.847	2.187	46.443
Q9UM73	4joa	1279-1288,1158-1173	1116-1157,1174-1278,1289-1392	0.713	1.478	19.119	1.311	1.728
P12931	4k11	249-269,151-248	84-145,524-536	1.31	3.831	4.26	2.869	14.989
Q9JK66	4k7d	141-225,378-410	226-377,410-465	2.026	3.156	3.928	2.187	7.287
Q9JK66	4k95	141-225,378-410	226-377,410-465	1.875	3.226	4.191	1.93	8.087
Q9Y4X5	4kbl	408-557	339-392	1.821	1.891	1.938	1.591	2.32
Q9Y4X5	4kc9	408-557	339-392	1.958	1.877	1.663	1.306	2.058
P00579	4kmu	2-80	379-449,458-534	12.004	16.596	65.852	2.181	46.318
P00579	4kn4	2-80	379-449,458-534	12.015	16.58	65.876	2.186	46.319
P00579	4kn7	2-80	379-449,458-534	11.968	16.623	65.837	2.178	46.44
Q96BN8	4ksj	330-340	129-341	2.166	1.788	10.806	1.788	3.245
Q96BN8	4ksk	330-340	129-341	2.523	1.692	9.236	1.692	3.639
Q96BN8	4ksl	330-340	129-341	2.835	1.923	8.664	1.923	3.725
Q3UP24	4kxf	356-463,578-1020	95-298	2.378	5.245	7.854	1.441	12.981
P35520	4l0d	414-551	40-413	3.187	16.66	27.173	2.538	36.455
P35520	4l27	414-551	40-413	3.279	16.352	26.247	2.64	35.435
P35520	4l28	414-551	40-413	3.202	16.425	26.392	2.514	35.166
Q8IXJ6	4l3o	320-352	65-319	0.91	2.471	3.061	2.588	1.4
P35520	4l3v	414-551	40-413	3.41	15.957	25.72	2.489	34.602
O95267	4l9m	468-609	205-436	4.725	6.642	8.585	1.657	11.664
P00579	4lk1	2-80	379-449,458-534	6.965	15.093	68.189	1.897	48.087
P00579	4llg	2-80	379-449,458-534	2.308	15.198	41.067	1.942	49.259
Q02750	4lmn	75-102	68-74,103-361	1.26	2.097	2.65	1.589	1.524
P08631	4lud	142-239,240-259	76-136,425-514	1.236	1.408	2.517	1.062	2.952
P08631	4lue	142-239,240-259	76-136,425-514	1.247	1.424	2.28	1.028	2.462
P18654	4m8t	697-712	328-679	0.034	5.62	28.77	5.716	2.329
P18654	4mao	697-712	328-679	0.045	5.659	29.899	5.754	2.345
Q9UM73	4mkc	1279-1288,1158-1173	1116-1157,1174-1278,1289-1392	3.966	2.525	5.511	1.625	6.037
Q02750	4mne	75-102	68-74,103-361	0.916	1.947	3.046	1.528	1.509
P12931	4mxo	249-269,151-248	84-145,524-536	5.91	5.136	18.637	4.093	46.699
P12931	4mxx	249-269,151-248	84-145,524-536	5.778	5.161	19.457	4.082	46.018
P12931	4mxy	249-269,151-248	84-145,524-536	5.906	5.125	19.215	4.137	46.106
P12931	4mxz	249-269,151-248	84-145,524-536	5.906	5.125	19.215	4.137	46.106
P28482	4n0s	173-196	25-172,197-313	5.355	2.475	6.221	1.4	6.973
P28482	4nif	173-196	25-172,197-313	3.252	1.712	2.423	1.353	3.751
Q96FI4	4nrv	244-245	220-280	0.644	4.31	11.98	4.31	11.585
Q06124	4nwf	3-104	247-517	1.437	4.436	3.926	1.098	2.192
Q06124	4nwg	3-104	247-517	1.553	4.373	4.465	1.104	2.411
P28482	4o6e	173-196	25-172,197-313	2.245	1.352	1.303	1.207	2.346
Q06124	4ohd	3-104	247-517	2.106	4.85	3.622	1.801	3.189
Q06124	4ohe	3-104	247-517	1.612	4.509	4.292	1.317	3.6
Q06124	4ohh	3-104	247-517	1.508	4.66	4.915	1.173	2.187
Q06124	4ohi	3-104	247-517	1.828	4.491	4.177	1.223	2.399
Q06124	4ohl	3-104	247-517	1.851	4.164	4.28	1.16	2.716
P62826	4ol0	179-216	10-169	1.129	2.321	19.243	2.311	6.593
P16298	4or9	417-423,474-496	22-357	3.372	3.895	18.425	1.056	6.721
P16298	4ora	417-423,474-496	22-357	3.214	3.77	9.074	1.076	5.047
P16298	4orc	417-423,474-496	22-357	3.556	3.63	32.337	1.013	10.34
P21333	4p3w	2142-2235	2236-2325	3.923	9.745	24.047	1.181	30.472
P35520	4pcu	414-551	40-413	1.338	4.816	13.859	2.396	13.698
Q9UGN5	4pjv	231-348	356-538	1.087	1.131	1.269	1.045	1.312
P43405	4puz	93-167,245-370	371-631	0.694	1.483	2.319	1.496	1.016
P43405	4pv0	93-167,245-370	371-631	0.828	1.363	2.048	1.377	0.912
P43405	4px6	93-167,245-370	371-631	0.842	1.166	1.823	1.17	1.043
O00571	4px9	132-181	211-575	1.47	1.631	1.768	1.715	1.496
O00571	4pxa	132-181	211-575	1.974	4.614	9.824	4.007	8.019
Q09472	4pzr	1520-1581	1287-1663	1.807	1.052	3.097	1.052	2.173
Q09472	4pzs	1520-1581	1287-1663	3.442	1.439	4.38	1.439	3.632
Q09472	4pzt	1520-1581	1287-1663	3.621	1.328	4.525	1.328	3.823
P28482	4qp1	173-196	25-172,197-313	5.281	2.254	3.51	1.536	5.753
P28482	4qp2	173-196	25-172,197-313	3.963	1.707	2.629	1.349	4.138
P28482	4qp3	173-196	25-172,197-313	4.04	1.777	2.713	1.401	4.228
P28482	4qp4	173-196	25-172,197-313	3.393	1.974	2.16	1.647	3.68
P28482	4qp6	173-196	25-172,197-313	4.014	1.796	2.77	1.425	4.251
P28482	4qp7	173-196	25-172,197-313	3.386	1.935	2.163	1.596	3.683
P28482	4qp8	173-196	25-172,197-313	3.723	2.218	2.121	1.962	3.819
P28482	4qp9	173-196	25-172,197-313	3.354	1.951	2.373	1.61	3.819
P28482	4qpa	173-196	25-172,197-313	4.166	2.694	3.269	2.337	4.864
P28482	4qta	173-196	25-172,197-313	0.95	1.341	1.397	1.365	1.011
P28482	4qte	173-196	25-172,197-313	5.371	2.457	5.291	1.55	6.284
Q8IXJ6	4r8m	320-352	65-319	0.932	1.772	2.196	1.723	1.318
Q13131	4red	313-392	27-279	18.25	15.907	42.269	4.465	33.262
Q13131	4rer	313-392	27-279	13.501	20.974	50.242	3.779	46.118
Q13131	4rew	313-392	27-279	17.723	23.532	42.77	3.826	63.891
Q8IXJ6	4rmg	320-352	65-319	0.919	2.622	3.001	2.697	1.517
Q8IXJ6	4rmh	320-352	65-319	1.047	2.636	3.421	2.648	1.55
Q8IXJ6	4rmi	320-352	65-319	1.124	2.08	2.548	2.075	1.469
Q8IXJ6	4rmj	320-352	65-319	0.698	2.076	2.249	2.18	0.986
P43405	4rss	93-167,245-370	371-631	0.488	1.655	1.769	1.678	0.696
P43405	4rx7	93-167,245-370	371-631	0.6	1.202	1.279	1.213	0.792
P43405	4rx8	93-167,245-370	371-631	0.471	1.206	1.508	1.216	0.716
P43405	4rx9	93-167,245-370	371-631	0.536	1.195	1.477	1.203	0.992
P60240	4s20	1-110	147-416,441-659	2.487	15.702	68.767	3.321	34.71
Q9UM73	4tt7	1279-1288,1158-1173	1116-1157,1174-1278,1289-1392	3.345	3.572	18.331	2.041	8.48
Q58719	4tug	290-330	1-289	4.858	2.303	2.756	1.401	7.098
Q58719	4tui	290-330	1-289	5.019	2.16	2.393	1.273	6.689
Q9UGN5	4tvj	231-348	356-538	1.307	1.387	1.414	1.011	1.548
P49137	4tyh	328-364	64-325	1.609	5.854	6.043	6.258	1.676
P08631	4u5w	142-239,240-259	76-136,425-514	4.944	5.905	14.548	2.157	14.602
Q9Y6K1	4u7p	476-626	634-912	7.471	5.143	22.16	1.44	8.532
Q9Y6K1	4u7t	476-626	634-912	1.331	1.448	1.638	1.469	1.457
Q02750	4u7z	75-102	68-74,103-361	0.86	1.788	2.593	1.421	1.205
Q02750	4u80	75-102	68-74,103-361	0.83	1.764	2.605	1.45	1.26
Q02750	4u81	75-102	68-74,103-361	0.87	1.73	2.401	1.373	1.165
P35520	4uuu	414-551	40-413	1.557	1.515	1.078	0.897	1.858
P43405	4wnm	93-167,245-370	371-631	6.375	4.228	30.237	1.733	18.591
P62826	4wvf	179-216	10-169	13.258	18.154	49.553	1.865	43.554
P26358	4wxx	647-714	1140-1602	20.227	34.197	42.293	19.961	68.603
Q07343	4wzi	166-281	330-649	6.23	15.591	54.36	1.007	33.592
Q07343	4x0f	166-281	330-649	7.138	15.654	52.871	1.633	35.273
Q8IXJ6	4x3o	320-352	65-319	0.955	1.723	1.907	1.749	1.444
Q8IXJ6	4x3p	320-352	65-319	0.971	1.844	2.03	1.879	1.379
P00519	4xey	67-113,127-217	242-493	1.616	1.928	3.625	1.735	2.324
P43405	4xg2	93-167,245-370	371-631	0.648	1.257	2.231	1.254	1.573
P43405	4xg3	93-167,245-370	371-631	0.973	1.344	2.864	1.349	1.327
P43405	4xg4	93-167,245-370	371-631	0.755	1.345	1.723	1.35	1.217
P43405	4xg6	93-167,245-370	371-631	0.91	1.413	2.106	1.421	1.232
P43405	4xg7	93-167,245-370	371-631	0.573	1.587	1.706	1.606	0.74
P43405	4xg8	93-167,245-370	371-631	0.785	1.869	4.254	1.888	1.984
P43405	4xg9	93-167,245-370	371-631	0.769	1.243	2.354	1.251	1.001
P28482	4xj0	173-196	25-172,197-313	5.297	2.332	2.792	1.623	5.778
P39687	4xos	121-163	1-120	1.405	1.436	1.485	1.43	1.505
Q8IXJ6	4y6l	320-352	65-319	0.826	2.042	2.56	2.103	1.322
Q8IXJ6	4y6o	320-352	65-319	0.865	2.083	2.639	2.155	1.334
Q8IXJ6	4y6q	320-352	65-319	1.013	1.947	2.427	1.979	1.966
P43405	4yjo	93-167,245-370	371-631	2.051	1.58	2.341	1.561	2.312
P43405	4yjp	93-167,245-370	371-631	1.108	1.57	3.44	1.573	1.891
P43405	4yjq	93-167,245-370	371-631	0.437	2.335	2.782	2.366	1.196
P43405	4yjr	93-167,245-370	371-631	0.734	2.353	3.535	2.381	1.336
P43405	4yjs	93-167,245-370	371-631	1.019	1.488	4.366	1.478	2.039
P43405	4yjt	93-167,245-370	371-631	0.746	2.242	2.686	2.272	0.984
P43405	4yju	93-167,245-370	371-631	0.744	1.618	1.784	1.638	0.879
P43405	4yjv	93-167,245-370	371-631	0.733	2.222	2.952	2.249	1.191
P00579	4yln	2-80	379-449,458-534	0.222	4.615	35.485	2.534	22.046
P00579	4ylo	2-80	379-449,458-534	0.158	4.872	28.76	2.641	21.666
P00579	4ylp	2-80	379-449,458-534	0.706	4.38	38.187	2.335	22.253
P26358	4yoc	647-714	1140-1602	4.924	2.679	7.649	1.918	7.188
Q9UM73	4z55	1279-1288,1158-1173	1116-1157,1174-1278,1289-1392	3.575	2.234	6.088	1.487	5.164
P00579	4zh2	2-80	379-449,458-534	6.953	15.093	68.194	1.897	48.084
P00579	4zh3	2-80	379-449,458-534	6.951	15.096	68.203	1.897	48.093
P00579	4zh4	2-80	379-449,458-534	6.955	15.098	68.207	1.897	48.101
P54646	4zhx	291-376	16-268	3.547	11.13	54.114	1.588	34.391
P53041	4zvz	28-129,487-499	184-486	1.284	1.042	4.97	0.9	1.854
P53041	4zx2	28-129,487-499	184-486	0.427	2.458	0.968	0.953	0.577
P28482	4zxt	173-196	25-172,197-313	5.344	2.496	6.174	1.431	6.989
Q9JK66	4zyn	141-225,378-410	226-377,410-465	2.653	3.035	4.559	1.821	7.183
P28482	4zzm	173-196	25-172,197-313	5.277	2.469	7.275	1.467	6.91
P28482	4zzn	173-196	25-172,197-313	5.379	2.481	6.733	1.429	6.994
P28482	4zzo	173-196	25-172,197-313	5.274	2.434	7.166	1.428	6.923
Q9UGN5	4zzx	231-348	356-538	1.476	1.618	1.437	1.092	2.213
Q9UGN5	4zzy	231-348	356-538	2.505	2.233	2.226	1.169	3.089
Q9UM73	5a9u	1279-1288,1158-1173	1116-1157,1174-1278,1289-1392	3.309	1.719	7.01	1.45	3.255
Q9UM73	5aa8	1279-1288,1158-1173	1116-1157,1174-1278,1289-1392	3.295	1.732	7.243	1.47	3.266
Q9UM73	5aa9	1279-1288,1158-1173	1116-1157,1174-1278,1289-1392	3.362	1.82	6.672	1.66	3.282
Q9UM73	5aaa	1279-1288,1158-1173	1116-1157,1174-1278,1289-1392	3.325	1.771	6.423	1.587	3.257
Q9UM73	5aab	1279-1288,1158-1173	1116-1157,1174-1278,1289-1392	3.405	1.751	9.197	1.49	3.389
Q9UM73	5aac	1279-1288,1158-1173	1116-1157,1174-1278,1289-1392	3.29	1.735	7.453	1.47	3.306
P07949	5amn	900-909	724-899,910-1016	2.897	2.111	11.336	1.745	6.623
P11142	5aqf	263-287	225-262	1.637	2.254	2.637	2.702	1.843
P11142	5aqg	263-287	225-262	1.469	2.299	2.743	2.828	1.724
P11142	5aqh	263-287	225-262	1.543	2.27	2.692	2.748	1.861
P11142	5aqi	263-287	225-262	1.608	2.248	2.623	2.711	1.899
P11142	5aqj	263-287	225-262	1.625	2.292	2.65	2.755	1.866
P11142	5aqk	263-287	225-262	1.525	2.242	2.573	2.74	1.748
P11142	5aql	263-287	225-262	1.644	2.275	2.688	2.746	1.932
P11142	5aqm	263-287	225-262	1.637	2.257	2.678	2.704	1.853
P11142	5aqn	263-287	225-262	1.602	2.283	2.685	2.724	1.832
P11142	5aqo	263-287	225-262	1.582	2.252	2.639	2.731	1.932
P11142	5aqp	263-287	225-262	1.695	2.308	2.688	2.779	1.97
P11142	5aqq	263-287	225-262	1.618	2.243	2.62	2.686	1.881
P11142	5aqr	263-287	225-262	1.538	2.232	2.647	2.712	1.823
P11142	5aqs	263-287	225-262	1.647	2.242	2.624	2.704	1.793
P11142	5aqt	263-287	225-262	1.529	2.296	2.712	2.797	1.875
P11142	5aqu	263-287	225-262	1.501	2.29	2.69	2.807	1.85
P11142	5aqv	263-287	225-262	1.537	2.281	2.695	2.785	1.824
P28482	5ax3	173-196	25-172,197-313	3.633	2.01	2.266	2.631	4.274
Q5Y4Y6	5b5r	240-464	1-239	4.664	4.754	6.317	4.738	7.397
Q06124	5bk8	3-104	247-517	2.046	4.948	4.83	1.425	4.066
P28482	5bue	173-196	25-172,197-313	1.327	1.87	2.051	1.524	1.816
P28482	5bui	173-196	25-172,197-313	3.584	2.172	2.492	1.659	4.444
P28482	5buj	173-196	25-172,197-313	1.166	1.752	1.919	1.49	1.631
P28482	5bvd	173-196	25-172,197-313	1.432	1.776	1.788	1.476	1.778
P28482	5bve	173-196	25-172,197-313	1.436	1.739	1.755	1.463	1.772
P28482	5bvf	173-196	25-172,197-313	0.906	1.66	1.684	1.369	1.415
Q02750	5bx0	75-102	68-74,103-361	1.715	1.503	1.645	1.071	1.792
P43405	5c26	93-167,245-370	371-631	0.532	1.398	1.742	1.412	0.772
P43405	5c27	93-167,245-370	371-631	0.646	1.458	1.682	1.474	0.79
Q9H7B4	5ccl	280-428	4-240	1.845	1.62	1.808	1.337	2.373
Q9H7B4	5ccm	280-428	4-240	1.658	1.49	1.586	1.302	2.074
Q96RU8	5cem	355-360	1-338	2.529	8.542	36.226	4.966	56.345
P62826	5ciq	179-216	10-169	1.494	4.466	5.446	4.876	2.173
P62826	5cit	179-216	10-169	1.437	4.478	5.171	4.899	2.164
P62826	5ciw	179-216	10-169	1.723	4.218	5.429	4.585	2.253
P62826	5cj2	179-216	10-169	1.655	4.24	5.506	4.604	2.114
P62826	5cll	179-216	10-169	2.848	1.47	7.233	1.163	4.631
P62826	5clq	179-216	10-169	5.819	7.38	28.632	2.02	18.305
P43405	5cxh	93-167,245-370	371-631	0.918	1.355	1.922	1.352	1.421
P43405	5cxz	93-167,245-370	371-631	0.773	1.189	1.852	1.195	0.945
P43405	5cy3	93-167,245-370	371-631	4.756	1.739	1.901	1.521	4.44
Q8IXJ6	5d7o	320-352	65-319	0.864	2.022	2.181	2.114	1.11
Q8IXJ6	5d7p	320-352	65-319	0.872	2.23	2.481	2.332	1.185
Q8IXJ6	5d7q	320-352	65-319	2.161	19.356	36.051	15.924	39.034
Q8TDX7	5de2	182-199	34-181,200-299	2.35	1.981	19.535	1.72	5.483
P62826	5dh9	179-216	10-169	13.704	17.474	50.547	1.748	43.412
P62826	5dha	179-216	10-169	13.267	17.618	50.223	1.68	43.307
P62826	5dhf	179-216	10-169	13.59	17.545	49.748	1.77	43.63
P62826	5di9	179-216	10-169	13.205	18.157	49.788	1.796	43.595
P62826	5dif	179-216	10-169	13.17	18.111	49.77	1.777	43.485
P62826	5dis	179-216	10-169	0.824	1.805	16.118	1.834	1.248
P62826	5dlq	179-216	10-169	0.127	1.614	4.375	1.643	1.761
Q58719	5dny	290-330	1-289	6.095	2.911	4.435	1.489	8.844
Q9UGN5	5dsy	231-348	356-538	1.544	1.545	1.905	1.274	1.555
Q8IXJ6	5dy4	320-352	65-319	0.878	2.722	3.073	2.821	1.438
Q8IXJ6	5dy5	320-352	65-319	0.945	2.772	3.113	2.869	1.625
O00571	5e7i	132-181	211-575	1.417	4.253	10.325	3.894	6.12
O00571	5e7j	132-181	211-575	1.95	4.636	11.297	4.193	7.065
O00571	5e7m	132-181	211-575	1.909	4.145	9.939	3.774	6.305
Q06124	5ehp	3-104	247-517	1.687	3.904	4.596	1.546	2.31
Q06124	5ehr	3-104	247-517	1.611	3.815	4.434	1.517	2.227
Q9H7B4	5ex0	280-428	4-240	1.361	1.461	1.881	1.257	2.021
Q9H7B4	5ex3	280-428	4-240	1.4	1.537	2.013	1.295	2.164
Q02750	5eym	75-102	68-74,103-361	1.011	1.194	1.291	0.962	1.14
Q13131	5ezv	313-392	27-279	0.898	14.149	28.227	14.556	20.017
Q58719	5f3w	290-330	1-289	6.09	2.917	4.421	1.487	8.852
P07949	5fm2	900-909	724-899,910-1016	4.345	4.982	33.214	2.317	27.611
P07949	5fm3	900-909	724-899,910-1016	4.77	5.377	33.739	2.627	27.999
Q9UM73	5fto	1279-1288,1158-1173	1116-1157,1174-1278,1289-1392	1.911	1.729	6.419	1.783	2.678
Q9UM73	5ftq	1279-1288,1158-1173	1116-1157,1174-1278,1289-1392	1.674	3.176	18.065	2.477	6.285
Q8IXJ6	5fyq	320-352	65-319	0.783	2.107	2.432	2.176	1.07
Q8IXJ6	5g4c	320-352	65-319	0.886	1.763	2.573	1.683	1.462
P43405	5ghv	93-167,245-370	371-631	0.821	1.475	2.286	1.467	1.757
P54578	5gjq	329-351,429-433	105-483	2.638	2.376	3.332	2.376	3.441
P08631	5h09	142-239,240-259	76-136,425-514	1.228	2.487	2.718	1.828	1.998
P08631	5h0b	142-239,240-259	76-136,425-514	1.185	2.398	2.649	1.473	1.918
P08631	5h0e	142-239,240-259	76-136,425-514	1.091	2.408	2.434	1.491	1.821
P08631	5h0g	142-239,240-259	76-136,425-514	1.076	2.403	2.367	1.349	1.708
P08631	5h0h	142-239,240-259	76-136,425-514	1.1	2.44	2.474	1.579	1.778
Q9H7B4	5hi7	280-428	4-240	1.443	1.377	1.643	1.24	1.829
P22681	5hkx	353-380	381-435	13.339	9.238	13.548	1.222	17.115
P53041	5hpe	28-129,487-499	184-486	0.729	0.922	1.044	0.89	0.763
Q9H7B4	5hq8	280-428	4-240	1.102	1.19	1.495	1.201	1.389
Q02750	5hze	75-102	68-74,103-361	1.381	1.697	1.816	1.736	1.474
Q8NI60	5i35	276-279	329-518	0.959	2.791	4.468	2.659	3.858
Q06124	5i6v	3-104	247-517	1.394	4.035	3.642	1.221	1.924
Q06124	5ibm	3-104	247-517	1.456	4.226	3.923	1.157	2.194
Q06124	5ibs	3-104	247-517	1.369	4.154	3.378	1.169	1.876
Q9UM73	5imx	1279-1288,1158-1173	1116-1157,1174-1278,1289-1392	0.789	1.296	13.659	1.207	1.935
P54646	5iso	291-376	16-268	11.356	17.862	47.841	1.77	39.575
Q96FI4	5itq	244-245	220-280	0.666	4.605	12.134	4.605	11.947
Q96FI4	5itr	244-245	220-280	1.118	3.202	6.77	3.202	1.593
Q96FI4	5itt	244-245	220-280	1.114	3.231	7.223	3.231	1.625
Q96FI4	5itu	244-245	220-280	1.093	3.085	6.905	3.085	1.577
Q96FI4	5itx	244-245	220-280	1.315	3.747	12.919	3.747	11.417
Q96FI4	5ity	244-245	220-280	1.261	3.586	12.097	3.586	11.305
Q9UM73	5iug	1279-1288,1158-1173	1116-1157,1174-1278,1289-1392	1.267	1.667	16.352	1.426	2.739
Q9UM73	5iuh	1279-1288,1158-1173	1116-1157,1174-1278,1289-1392	1.051	1.678	13.08	1.446	2.558
Q9UM73	5iui	1279-1288,1158-1173	1116-1157,1174-1278,1289-1392	3.091	2.279	6.093	2.166	3.882
P22681	5j3x	353-380	381-435	9.78	15.744	39.307	2.898	27.855
P62826	5jlj	179-216	10-169	12.859	16.654	42.619	1.439	42.897
P28482	5k4i	173-196	25-172,197-313	1.878	1.815	1.871	1.523	2.13
Q07343	5k6j	166-281	330-649	10.83	27.771	57.546	12.96	57.532
P31749	5kcv	5-108	150-408	3.202	7.793	16.596	2.217	17.3
Q09472	5kj2	1520-1581	1287-1663	1.742	1.088	1.357	1.088	1.894
Q9UM73	5kz0	1279-1288,1158-1173	1116-1157,1174-1278,1289-1392	1.339	1.63	15.87	1.506	2.766
P28482	5lcj	173-196	25-172,197-313	5.373	2.438	6.248	1.367	6.907
P28482	5lck	173-196	25-172,197-313	5.427	2.452	6.106	1.401	6.921
Q09472	5lkt	1520-1581	1287-1663	0.146	1.166	14.521	1.166	1.704
Q09472	5lku	1520-1581	1287-1663	0.117	1.208	15.759	1.208	1.806
Q09472	5lkx	1520-1581	1287-1663	0.149	1.153	14.495	1.153	1.74
Q09472	5lkz	1520-1581	1287-1663	0.153	1.183	14.207	1.183	1.788
P43405	5lma	93-167,245-370	371-631	1.796	1.517	1.805	1.506	1.79
P43405	5lmb	93-167,245-370	371-631	0.723	1.337	2.343	1.347	1.101
Q6GQQ9	5lru	187-193	194-365	2.759	2.223	14.663	2.123	4.047
Q6GQQ9	5lrv	187-193	194-365	1.9	2.729	3.619	2.738	2.152
Q6GQQ9	5lrw	187-193	194-365	2.469	2.74	13.569	2.655	4.574
Q8IXJ6	5mar	320-352	65-319	0.994	2.226	2.488	2.318	1.294
Q8IXJ6	5mat	320-352	65-319	0.959	2.615	2.954	2.752	1.218
P00519	5mo4	67-113,127-217	242-493	1.021	21.703	55.234	2.074	63.611
P28482	5ngu	173-196	25-172,197-313	5.309	2.391	6.395	1.365	6.768
P28482	5nhf	173-196	25-172,197-313	5.374	2.418	6.575	1.357	6.841
P28482	5nhh	173-196	25-172,197-313	5.444	2.466	5.953	1.485	6.59
P28482	5nhj	173-196	25-172,197-313	5.409	2.564	5.93	1.549	6.561
P28482	5nhl	173-196	25-172,197-313	5.275	2.38	6.135	1.417	6.479
P28482	5nho	173-196	25-172,197-313	5.374	2.49	5.842	1.505	6.478
P28482	5nhp	173-196	25-172,197-313	5.392	2.401	6.122	1.397	6.628
P28482	5nhv	173-196	25-172,197-313	5.41	2.426	6.43	1.412	6.743
P18654	5o1s	697-712	328-679	2.356	1.578	2.439	1.561	2.34
Q9BYP7	5o2c	440-463	147-405	3.077	10.701	38.784	2.762	28.895
P22681	5o76	353-380	381-435	2.463	1.879	1.768	1.633	2.357
Q96BN8	5oe7	330-340	129-341	2.892	1.728	8.658	1.728	3.791
P43405	5t68	93-167,245-370	371-631	0.963	1.37	3.941	1.364	2.131
P43405	5tiu	93-167,245-370	371-631	1.094	1.253	1.607	1.249	1.308
P43405	5tr6	93-167,245-370	371-631	2.088	1.275	1.595	1.231	2.094
P43405	5tt7	93-167,245-370	371-631	5.634	2.451	9.476	1.847	7.269
Q9Y4X5	5tte	408-557	339-392	2.088	2.559	1.79	1.59	2.309
O60741	5u6o	401-479	480-604	2.101	2.423	3.183	2.321	2.751
O60741	5u6p	401-479	480-604	2.049	1.646	1.59	1.079	2.386
Q9Y4X5	5udh	408-557	339-392	1.614	1.599	1.573	1.372	2.13
P53041	5ui1	28-129,487-499	184-486	0.71	0.904	1.552	0.905	0.779
Q9BZ95	5upd	1145-1258	1258-1273	1.304	1.646	3.469	2.459	2.735
P62826	5uwh	179-216	10-169	14.657	16.957	46.876	1.454	43.091
P62826	5uwi	179-216	10-169	13.286	18.135	49.89	1.797	43.549
P62826	5uwj	179-216	10-169	13.351	17.622	50.13	1.719	43.305
P62826	5uwo	179-216	10-169	15.207	17.521	48.286	1.455	43.582
P62826	5uwp	179-216	10-169	13.187	18.079	49.753	1.778	43.415
P62826	5uwq	179-216	10-169	13.302	17.626	50.062	1.72	43.322
P62826	5uwr	179-216	10-169	13.637	17.108	44.633	1.448	43.112
P62826	5uws	179-216	10-169	13.199	17.62	49.961	1.722	43.307
P62826	5uwt	179-216	10-169	12.976	17.991	50.154	1.728	43.241
P62826	5uwu	179-216	10-169	13.458	18.111	50.154	1.775	43.506
P62826	5uww	179-216	10-169	13.431	17.617	50.157	1.71	43.297
Q9H7B4	5v37	280-428	4-240	1.789	1.552	1.692	1.334	2.111
P28482	5v60	173-196	25-172,197-313	3.842	2.107	5.368	1.309	5.67
P28482	5v61	173-196	25-172,197-313	5.053	2.517	5.401	1.388	7.056
P28482	5v62	173-196	25-172,197-313	5.079	2.617	5.461	1.486	7.116
Q3UH93	5v6r	1294-1403,1527-1698	1404-1526,1699-1925	2.018	2.542	3.25	2.325	2.129
Q3UH93	5v6t	1294-1403,1527-1698	1404-1526,1699-1925	1.802	2.164	2.574	1.929	1.917
Q13557	5vlo	283-292	14-272	0.911	1.988	2.231	2.044	0.999
P53041	5wg8	28-129,487-499	184-486	0.311	1.23	0.95	0.856	0.493
P28482	5wp1	173-196	25-172,197-313	5.325	2.552	6.28	1.429	7.111
P13864	5wy1	649-695	1142-1601	3.759	4.39	23.761	3.029	21.096
Q9H7B4	5xxd	280-428	4-240	1.609	1.497	1.582	1.327	2.024
Q9H7B4	5xxg	280-428	4-240	1.623	1.454	1.524	1.247	2.05
Q9H7B4	5xxj	280-428	4-240	1.569	1.422	1.522	1.226	2.001
Q09472	5xzc	1520-1581	1287-1663	15.391	15.868	37.617	15.868	39.107
Q06124	5xzr	3-104	247-517	1.478	4.614	4.316	1.43	2.109
Q8IXJ6	5y0z	320-352	65-319	0.827	2.386	3.047	2.421	1.869
Q8IXJ6	5y5n	320-352	65-319	0.817	2.782	4.057	2.842	2.401
P43405	5y5t	93-167,245-370	371-631	1.274	1.367	1.764	1.359	1.646
P43405	5y5u	93-167,245-370	371-631	1.324	1.485	2.831	1.482	1.709
Q9H7B4	5yjo	280-428	4-240	1.634	1.419	1.433	1.201	1.938
P31016	5ypr	428-498	534-709	1.744	1.789	3.486	1.581	2.436
Q8IXJ6	5yql	320-352	65-319	0.993	2.243	2.777	2.274	1.487
Q8IXJ6	5yqm	320-352	65-319	1.048	2.12	2.746	2.158	1.397
Q8IXJ6	5yqn	320-352	65-319	1.058	2.095	2.692	2.077	1.448
Q8IXJ6	5yqo	320-352	65-319	1.049	2.07	2.625	2.06	1.406
P62826	5yro	179-216	10-169	12.07	18.097	48.979	1.888	43.95
P62826	5yst	179-216	10-169	12.122	17.706	27.133	1.451	43.092
P62826	5ysu	179-216	10-169	12.331	17.691	26.842	1.466	43.055
Q02750	5yt3	75-102	68-74,103-361	0.987	5.031	5.813	3.534	1.378
P62826	5ytb	179-216	10-169	12.967	17.732	49.007	1.891	43.321
P08631	5zj6	142-239,240-259	76-136,425-514	2.407	4.205	2.477	1.261	3.19
P62826	5zpu	179-216	10-169	12.781	16.716	47.827	1.804	43.498
P62826	6a38	179-216	10-169	13.187	17.741	49.545	1.796	43.359
P62826	6a3a	179-216	10-169	13.097	17.718	49.427	1.753	43.305
P62826	6a3b	179-216	10-169	13.137	17.72	49.457	1.79	43.299
P62826	6a3c	179-216	10-169	13.118	17.746	49.415	1.755	43.365
P62826	6a3e	179-216	10-169	13.087	17.683	49.392	1.763	43.208
P00519	6amv	67-113,127-217	242-493	4.746	19.884	34.497	6.847	43.112
P00519	6amw	67-113,127-217	242-493	5.363	17.46	36.427	11.609	21.506
Q06124	6atd	3-104	247-517	1.412	4.048	3.772	1.239	1.968
P12931	6ate	249-269,151-248	84-145,524-536	5.035	5.31	20.258	5.011	78.739
Q13557	6ayw	283-292	14-272	1.032	1.978	2.203	2.029	1.203
P11142	6b1i	263-287	225-262	1.352	2.171	2.582	2.695	1.823
P11142	6b1m	263-287	225-262	1.333	2.159	2.594	2.657	1.813
P11142	6b1n	263-287	225-262	1.314	2.132	2.548	2.648	1.791
P54646	6b1u	291-376	16-268	11.269	15.883	48.417	3.824	36.977
P54646	6b2e	291-376	16-268	10.42	9.596	46.146	1.467	31.341
Q3UP24	6b5b	356-463,578-1020	95-298	2.478	17.829	36.157	2.126	61.838
P00579	6b6h	2-80	379-449,458-534	0.616	4.493	25.37	2.889	20.386
Q6PHZ2	6bab	283-292	14-272	0.621	2.347	2.871	2.399	0.777
O08967	6bbp	251-265,383-395	77-206	3.612	17.687	32.619	1.177	38.293
O08967	6bbq	251-265,383-395	77-206	4.744	24.343	41.064	1.177	40.451
Q06124	6bmr	3-104	247-517	1.685	3.961	4.696	1.104	2.48
Q06124	6bmu	3-104	247-517	1.673	3.815	4.521	1.203	2.388
Q06124	6bmv	3-104	247-517	1.677	4.013	4.427	1.146	2.513
Q06124	6bmw	3-104	247-517	1.649	3.833	4.457	1.076	2.386
Q06124	6bmx	3-104	247-517	1.705	3.93	4.794	1.119	2.454
Q06124	6bmy	3-104	247-517	1.667	3.83	4.524	1.266	2.371
Q06124	6bn5	3-104	247-517	1.576	4.448	3.537	1.189	2.036
Q9Y6K1	6brr	476-626	634-912	6.705	17.505	66.695	8.552	35.132
Q13131	6c9g	313-392	27-279	3.454	6.121	53.051	3.643	22.436
Q13131	6c9h	313-392	27-279	13.664	16.31	49.342	3.656	41.034
Q13131	6c9j	313-392	27-279	7.059	19.838	29.964	3.732	88.93
Q9UM73	6cdt	1279-1288,1158-1173	1116-1157,1174-1278,1289-1392	3.352	1.789	7.559	1.55	3.425
Q9BZ95	6cen	1145-1258	1258-1273	1.405	1.783	3.56	3.018	2.623
P62826	6cit	179-216	10-169	13.416	17.618	50.236	1.709	43.309
Q06124	6cmp	3-104	247-517	1.398	4.944	4.836	1.736	2.901
Q06124	6cmr	3-104	247-517	1.36	4.549	3.929	1.051	1.842
Q06124	6cms	3-104	247-517	1.78	4.689	4.094	1.185	2.26
Q06124	6crf	3-104	247-517	1.872	19.785	35.296	1.259	58.234
Q06124	6crg	3-104	247-517	1.544	4.156	3.314	1.159	2.007
O00571	6cz5	132-181	211-575	2.945	4.349	10.554	3.802	7.356
P28482	6d5y	173-196	25-172,197-313	3.37	1.897	2.125	1.547	3.734
Q8NB16	6d74	133-150	1-124	2.092	3.306	5.945	3.074	4.16
P27577	6da1	304-310,416-441	335-415	1.381	6.957	16.061	1.452	13.192
P27577	6dat	304-310,416-441	335-415	1.331	7.127	16.137	1.16	13.815
P28482	6dmg	173-196	25-172,197-313	5.326	2.388	5.822	1.4	6.74
Q9UM73	6e0r	1279-1288,1158-1173	1116-1157,1174-1278,1289-1392	1.407	1.281	1.707	1.185	1.59
P12931	6e6e	249-269,151-248	84-145,524-536	3.528	5.112	20.083	4.12	48.757
Q9UM73	6ebw	1279-1288,1158-1173	1116-1157,1174-1278,1289-1392	1.079	1.145	1.534	1.141	1.181
Q9UM73	6edl	1279-1288,1158-1173	1116-1157,1174-1278,1289-1392	1.196	1.257	14.038	1.152	2.125
P07949	6fek	900-909	724-899,910-1016	3.311	2.911	12.011	2.546	6.472
P28482	6g54	173-196	25-172,197-313	5.352	2.331	5.646	1.336	6.673
P28482	6g8x	173-196	25-172,197-313	5.737	2.763	7.401	1.501	8.031
P28482	6g91	173-196	25-172,197-313	5.421	2.479	6.098	1.437	6.89
P28482	6g92	173-196	25-172,197-313	5.344	2.474	6.208	1.432	6.913
P28482	6g93	173-196	25-172,197-313	5.442	2.511	5.764	1.522	6.703
P28482	6g97	173-196	25-172,197-313	5.437	2.601	5.172	1.626	6.45
P28482	6g9a	173-196	25-172,197-313	5.443	2.558	5.541	1.599	6.62
P28482	6g9d	173-196	25-172,197-313	5.42	2.483	6.054	1.466	6.878
P28482	6g9h	173-196	25-172,197-313	5.432	2.444	5.881	1.451	6.793
P28482	6g9j	173-196	25-172,197-313	5.447	2.482	5.758	1.481	6.855
P28482	6g9k	173-196	25-172,197-313	5.405	2.489	6.068	1.482	6.907
P28482	6g9m	173-196	25-172,197-313	5.427	2.526	5.914	1.561	6.825
P28482	6g9n	173-196	25-172,197-313	5.716	2.741	7.361	1.476	8.009
P28482	6gdm	173-196	25-172,197-313	5.284	2.446	6.203	1.411	6.856
P28482	6gdq	173-196	25-172,197-313	5.454	2.491	5.928	1.486	6.794
P28482	6ge0	173-196	25-172,197-313	5.405	2.471	5.923	1.477	6.818
P28482	6gjb	173-196	25-172,197-313	5.409	2.48	6.13	1.452	6.905
P28482	6gjd	173-196	25-172,197-313	5.414	2.455	6.148	1.396	6.893
A0A0R4I961	6gtv	155-279	3-147	2.017	7.014	21.948	2.096	18.217
A0A0R4I961	6gtw	155-279	3-147	1.019	2.365	17.667	2.278	5.253
A0A0R4I961	6gtz	155-279	3-147	1.859	6.71	20.824	1.974	16.535
A0A0R4I961	6gu0	155-279	3-147	1.837	6.12	19.534	2.033	14.21
Q09472	6gyr	1520-1581	1287-1663	9.132	5.627	52.29	5.627	18.903
P31749	6hhf	5-108	150-408	2.809	7.357	15.928	2.938	17.239
P31749	6hhg	5-108	150-408	3.468	8.621	17.478	5.664	17.273
P31749	6hhh	5-108	150-408	3.352	8.092	17.438	3.844	17.586
P31749	6hhi	5-108	150-408	3.566	8.674	17.565	5.627	17.413
P31749	6hhj	5-108	150-408	3.743	9.301	17.742	7.447	17.168
P07949	6i82	900-909	724-899,910-1016	0.281	2.051	30.173	2.039	4.654
P07949	6i83	900-909	724-899,910-1016	3.764	2.562	23.528	2.205	6.514
Q96BN8	6i9c	330-340	129-341	3.223	1.948	6.566	1.948	3.746
P54578	6iik	329-351,429-433	105-483	1.47	1.42	3.493	1.42	2.1
P54578	6iil	329-351,429-433	105-483	1.655	1.504	4.856	1.504	1.915
P54578	6iim	329-351,429-433	105-483	2.643	1.712	4.872	1.712	3.648
P54578	6iin	329-351,429-433	105-483	1.809	1.565	5.185	1.565	1.954
Q9H7B4	6ijl	280-428	4-240	1.535	1.458	1.592	1.295	2.023
Q9H0M0	6j1x	349-527	588-922	14.518	7.777	5.706	1.58	16.271
Q9H0M0	6j1y	349-527	588-922	6.295	2.708	13.251	1.824	7.403
P62826	6kft	179-216	10-169	13.137	17.72	49.457	1.79	43.299
Q8IXJ6	6l65	320-352	65-319	1.056	2.429	2.679	2.504	1.176
Q8IXJ6	6l66	320-352	65-319	0.951	1.826	2.015	1.856	1.38
Q8IXJ6	6l71	320-352	65-319	0.904	1.81	1.974	1.827	1.309
Q8IXJ6	6l72	320-352	65-319	0.945	1.921	2.172	1.92	1.496
D2AJU0	6lol	57-228	251-545	1.376	19.96	68.997	3.271	50.176
P62826	6lq9	179-216	10-169	12.604	18.111	49.131	1.818	43.473
P54578	6lvs	329-351,429-433	105-483	1.69	1.577	2.888	1.577	1.748
Q96FI4	6lwa	244-245	220-280	1.287	3.872	12.717	3.872	11.177
Q96FI4	6lwb	244-245	220-280	1.298	3.632	14.918	3.632	11.239
Q96FI4	6lwc	244-245	220-280	1.397	3.799	16.9	3.799	11.574
Q96FI4	6lwd	244-245	220-280	1.896	4.73	13.026	4.73	11.236
Q96FI4	6lwf	244-245	220-280	1.905	4.184	13.576	4.184	11.357
Q96FI4	6lwg	244-245	220-280	1.892	4.754	12.877	4.754	11.245
Q96FI4	6lwh	244-245	220-280	1.48	3.8	15.262	3.8	11.376
Q96FI4	6lwi	244-245	220-280	1.164	3.193	7.702	3.193	2.367
Q96FI4	6lwj	244-245	220-280	1.399	3.851	15.193	3.851	11.215
Q96FI4	6lwk	244-245	220-280	1.171	3.405	7.755	3.405	2.452
Q96FI4	6lwl	244-245	220-280	1.21	3.259	7.965	3.259	2.62
Q96FI4	6lwm	244-245	220-280	1.29	3.708	11.969	3.708	11.193
Q96FI4	6lwn	244-245	220-280	1.825	4.661	12.866	4.661	11.438
Q96FI4	6lwq	244-245	220-280	1.103	3.31	8.244	3.31	2.748
Q96FI4	6lwr	244-245	220-280	1.866	4.648	15.609	4.648	11.31
Q96RD7	6m02	412-426	1-287	6.556	8.157	46.733	5.985	28.306
P62826	6m60	179-216	10-169	12.353	17.973	50.291	1.732	43.654
P62826	6m6x	179-216	10-169	11.999	17.969	49.879	1.767	43.632
Q06124	6md7	3-104	247-517	1.664	4.009	4.546	1.113	2.355
Q06124	6md9	3-104	247-517	1.65	4.062	4.294	1.038	2.374
Q06124	6mda	3-104	247-517	1.628	3.988	4.181	1.061	2.204
Q06124	6mdb	3-104	247-517	1.624	3.896	4.103	1.042	2.323
Q06124	6mdc	3-104	247-517	1.555	3.765	4.387	1.534	2.16
Q06124	6mdd	3-104	247-517	1.665	4.094	4.249	1.028	2.34
Q9UM73	6mx8	1279-1288,1158-1173	1116-1157,1174-1278,1289-1392	1.08	1.276	13.49	1.163	2.136
P00579	6n4c	2-80	379-449,458-534	6.389	21.484	69.345	7.53	49.425
P00579	6n57	2-80	379-449,458-534	5.655	17.722	64.989	2.071	45.472
P00579	6n58	2-80	379-449,458-534	5.247	16.788	65.268	2.09	43.977
Q9D8T2	6n9n	279-469	1-273	2.147	7.884	10.954	10.333	8.733
P57764	6n9o	280-484	1-275	2.27	7.135	9.784	10.04	5.032
P28482	6nbs	173-196	25-172,197-313	3.33	7.941	54.022	6.075	15.54
P07949	6ne7	900-909	724-899,910-1016	3.496	2.706	16.004	2.276	6.995
P07949	6nec	900-909	724-899,910-1016	4.742	2.679	12.763	2.205	7.07
P15498	6new	131-178	194-373	0.709	1.077	1.85	1.008	0.911
P15498	6nf1	131-178	194-373	15.716	11.982	16.138	1.148	29.591
P15498	6nfa	131-178	194-373	1.676	1.253	2.831	1.123	1.999
P62826	6nif	179-216	10-169	9.475	16.591	32.459	14.038	27.133
P07949	6nja	900-909	724-899,910-1016	3.487	2.573	16.007	2.167	6.915
Q96P20	6npy	740-991	220-536	2.538	12.441	8.716	3.949	9.148
Q02750	6nyb	75-102	68-74,103-361	1.046	2.415	2.941	1.603	1.383
O00571	6o5f	132-181	211-575	3.487	22.804	29.94	20.52	30.56
Q9H7B4	6o9o	280-428	4-240	1.554	1.398	1.549	1.177	2.05
P28482	6opg	173-196	25-172,197-313	3.846	2.2	5.452	1.373	5.616
P28482	6oph	173-196	25-172,197-313	3.856	2.14	5.421	1.332	5.671
P28482	6opi	173-196	25-172,197-313	1.029	1.277	1.376	1.244	1.21
P00579	6p1k	2-80	379-449,458-534	2.187	13.162	64.985	2.36	43.508
Q9H7B4	6p6g	280-428	4-240	1.554	1.398	1.549	1.177	2.05
Q9H7B4	6p6k	280-428	4-240	1.562	1.539	1.796	1.314	2.414
Q9H7B4	6p7z	280-428	4-240	1.689	1.516	1.563	1.293	2.179
Q9Y6K1	6pa7	476-626	634-912	5.31	1.851	1.641	1.329	5.849
Q9H7B4	6paf	280-428	4-240	1.55	1.435	1.536	1.208	2.137
Q9UIK4	6paw	292-301	23-285	1.105	1.298	1.506	1.301	1.206
Q09472	6pf1	1520-1581	1287-1663	0.191	0.973	3.766	0.973	2.738
Q02750	6pp9	75-102	68-74,103-361	0.909	1.993	2.659	1.328	1.266
P00579	6psq	2-80	379-449,458-534	5.444	17.366	65.568	2.125	44.648
P00579	6psr	2-80	379-449,458-534	5.672	17.291	65.155	2.254	44.745
P00579	6pss	2-80	379-449,458-534	5.167	18.266	65.462	2.048	45.623
P00579	6pst	2-80	379-449,458-534	5.349	18.328	65.319	1.946	46.124
P00579	6psu	2-80	379-449,458-534	5.229	15.135	64.657	2.171	43.886
Q02750	6q0j	75-102	68-74,103-361	0.676	1.744	2.738	1.073	1.333
Q02750	6q0t	75-102	68-74,103-361	0.676	1.763	2.759	1.085	1.327
P28482	6q7k	173-196	25-172,197-313	5.401	2.59	5.822	1.565	6.802
P28482	6q7s	173-196	25-172,197-313	5.369	2.501	6.087	1.448	6.926
P28482	6q7t	173-196	25-172,197-313	5.429	2.518	5.958	1.51	6.871
P28482	6qa1	173-196	25-172,197-313	5.401	2.553	6.16	1.518	6.979
P28482	6qa3	173-196	25-172,197-313	5.412	2.524	5.741	1.521	6.896
P28482	6qa4	173-196	25-172,197-313	5.547	2.572	6.999	1.479	7.15
P28482	6qag	173-196	25-172,197-313	5.315	2.542	5.755	1.58	6.699
P28482	6qah	173-196	25-172,197-313	5.422	2.522	5.894	1.492	6.771
P28482	6qal	173-196	25-172,197-313	5.752	2.754	7.482	1.421	8.082
P28482	6qaq	173-196	25-172,197-313	5.419	2.623	5.7	1.611	6.761
P28482	6qaw	173-196	25-172,197-313	5.424	2.506	6.081	1.453	6.97
Q8IXJ6	6qcn	320-352	65-319	0.921	2.157	2.371	2.249	1.304
Q8IU85	6qp5	279-319	23-278	0.889	2.122	2.275	2.226	0.98
P28482	6rq4	173-196	25-172,197-313	5.434	2.505	5.785	1.515	6.779
Q8TDX7	6s73	182-199	34-181,200-299	3.203	2.153	4.78	1.854	4.729
Q8TDX7	6s75	182-199	34-181,200-299	4.209	1.884	14.388	1.699	5.672
Q8TDX7	6s76	182-199	34-181,200-299	2.68	1.881	27.339	1.616	6.95
P31749	6s9w	5-108	150-408	3.853	8.972	17.661	6.931	17.166
P31749	6s9x	5-108	150-408	3.327	8.028	17.182	4.768	17.206
Q96BN8	6sak	330-340	129-341	2.849	2.006	10.899	2.006	4.492
P28482	6slg	173-196	25-172,197-313	5.218	2.413	5.997	1.481	6.655
P43405	6ssb	93-167,245-370	371-631	0.56	1.132	1.762	1.143	0.79
Q8IU85	6t28	279-319	23-278	1.118	2.182	2.391	2.22	1.166
Q8IU85	6t29	279-319	23-278	1.27	2.189	2.432	2.209	1.294
Q8IU85	6t6f	279-319	23-278	1.291	1.648	2.209	1.667	1.399
P49137	6t8x	328-364	64-325	2.456	3.707	21.174	3.7	4.164
P49137	6tca	328-364	64-325	1.364	5.983	6.078	6.4	1.545
P62826	6tvo	179-216	10-169	1.17	1.474	38.404	1.391	4.922
Q9UGN5	6tx3	231-348	356-538	1.887	1.446	1.563	1.381	1.922
Q00944	6ty3	35-362	422-680	1.885	21.757	52.472	2.535	78.809
Q00944	6ty4	35-362	422-680	2.011	21.927	51.351	1.947	77.68
Q02750	6u2g	75-102	68-74,103-361	0.894	2.338	2.829	1.681	1.088
O60741	6uqf	401-479	480-604	2.409	1.924	1.817	1.373	2.725
O60741	6uqg	401-479	480-604	2.255	1.912	1.755	1.449	2.606
Q8NB16	6ux8	133-150	1-124	1.35	1.994	1.739	1.544	1.399
Q02750	6v2w	75-102	68-74,103-361	1.068	2.022	2.692	1.568	1.371
Q09472	6v8b	1520-1581	1287-1663	1.019	1.059	2.665	1.059	1.12
Q09472	6v8n	1520-1581	1287-1663	13.738	3.429	13.719	3.429	16.407
Q09472	6v90	1520-1581	1287-1663	12.07	3.007	13.856	3.007	14.816
P07949	6vhg	900-909	724-899,910-1016	5.557	5.551	35.345	2.681	26.616
Q9D8T2	6vie	279-469	1-273	2.256	7.952	11.34	9.702	11.44
P43405	6vov	93-167,245-370	371-631	0.801	1.329	1.959	1.338	1.04
Q6SZW1	6wpk	560-703,382-385,375-399,281-331	244-269,134-173,162-197,402-476,412-484	1.951	17.974	22.978	2.063	32.811
Q06124	6wu8	3-104	247-517	1.81	4.386	4.034	1.083	2.574
Q9UGN5	6x0l	231-348	356-538	15.738	20.624	35.575	18.01	28.422
Q9UGN5	6x0m	231-348	356-538	15.703	20.702	36.238	17.857	27.617
Q9UGN5	6x0n	231-348	356-538	15.738	20.624	35.574	18.01	28.422
P62826	6x2m	179-216	10-169	15.426	18.007	49.128	1.413	43.317
P62826	6x2o	179-216	10-169	13.163	18.194	49.373	1.814	43.662
P62826	6x2p	179-216	10-169	15.234	17.443	48.469	1.392	43.399
P62826	6x2r	179-216	10-169	15.412	17.53	49.079	1.455	43.599
P62826	6x2s	179-216	10-169	12.809	17.372	42.244	1.421	43.356
P62826	6x2u	179-216	10-169	13.961	17.433	45.348	1.411	43.38
P62826	6x2v	179-216	10-169	11.05	16.373	31.098	1.451	43.261
P62826	6x2w	179-216	10-169	13.416	17.374	50.152	1.717	43.171
P62826	6x2x	179-216	10-169	13.961	17.462	45.563	1.485	43.439
P62826	6x2y	179-216	10-169	13.972	17.501	45.43	1.427	43.543
P26358	6x9i	647-714	1140-1602	12.219	31.088	52.133	14.236	70.76
P26358	6x9j	647-714	1140-1602	20.235	33.981	47.081	14.236	67.873
P26358	6x9k	647-714	1140-1602	20.221	34.017	47.415	14.199	67.221
P00579	6xh7	2-80	379-449,458-534	0.581	4.794	25.634	3.066	20.419
P00579	6xh8	2-80	379-449,458-534	1.188	4.792	26.555	3.129	19.659
P62826	6xjp	179-216	10-169	13.006	18.14	49.255	1.82	43.555
P62826	6xjr	179-216	10-169	15.453	17.691	48.733	1.467	43.516
P62826	6xjs	179-216	10-169	13.039	18.155	49.196	1.803	43.585
P62826	6xjt	179-216	10-169	13.043	18.175	49.293	1.81	43.641
P62826	6xju	179-216	10-169	13.042	18.157	49.212	1.81	43.586
P39687	6xzq	121-163	1-120	1.626	1.52	1.613	1.459	1.712
Q9H7B4	6yuh	280-428	4-240	1.597	1.464	1.62	1.3	2.014
P43405	6zc0	93-167,245-370	371-631	0.432	1.185	1.526	1.197	0.742
P43405	6zcp	93-167,245-370	371-631	0.522	1.262	1.616	1.277	0.728
P43405	6zcq	93-167,245-370	371-631	0.483	1.19	1.439	1.205	0.632
P43405	6zcr	93-167,245-370	371-631	0.863	1.296	1.736	1.303	1.107
P43405	6zcs	93-167,245-370	371-631	0.473	1.189	1.482	1.201	0.671
P43405	6zcu	93-167,245-370	371-631	0.863	1.296	1.736	1.303	1.107
P43405	6zcx	93-167,245-370	371-631	0.747	1.13	1.496	1.138	0.869
P43405	6zcy	93-167,245-370	371-631	0.551	1.11	1.547	1.121	0.666
Q6SZW1	6zfx	560-703,382-385,375-399,281-331	244-269,134-173,162-197,402-476,412-484	1.801	14.748	21.875	1.926	33.856
Q8NB16	6zle	133-150	1-124	2.854	3.092	5.265	2.92	3.466
Q8NB16	6zpr	133-150	1-124	2.687	3.273	5.597	3.191	3.214
Q9H7B4	6zrb	280-428	4-240	1.689	1.507	1.601	1.305	2.086
Q8NB16	6zvo	133-150	1-124	1.39	1.882	1.8	1.629	1.376
P11142	6zyj	263-287	225-262	1.278	2.255	2.845	2.752	2.004
Q8NB16	6zz1	133-150	1-124	1.202	1.686	2.393	1.622	1.893
Q9UGN5	7aeo	231-348	356-538	8.167	8.752	12.805	1.217	18.346
Q6SZW1	7anw	560-703,382-385,375-399,281-331	244-269,134-173,162-197,402-476,412-484	1.522	14.503	21.848	1.802	33.931
P31749	7apj	5-108	150-408	2.933	5.035	16.417	11.355	42.083
P28482	7auv	173-196	25-172,197-313	5.422	2.486	6.112	1.483	6.917
Q95PM0	7avm	96-113	126-342	3.563	1.54	2.265	0.948	4.03
Q02750	7b3m	75-102	68-74,103-361	1.178	1.827	2.714	1.321	1.58
P62826	7b51	179-216	10-169	0.654	1.356	35.228	1.326	4.568
Q9Y4X5	7b5l	408-557	339-392	2.293	6.802	30.71	2.093	11.511
Q9Y4X5	7b5m	408-557	339-392	1.997	11.705	28.294	2.606	60.759
Q9Y4X5	7b5n	408-557	339-392	2.292	6.863	30.909	2.076	11.755
Q02750	7b7r	75-102	68-74,103-361	1.112	1.815	2.815	1.278	1.556
Q02750	7b94	75-102	68-74,103-361	1.169	1.798	2.584	1.262	1.515
Q02750	7b9l	75-102	68-74,103-361	1.122	1.653	2.565	1.181	1.528
P00579	7bef	2-80	379-449,458-534	0.637	3.951	29.021	2.545	19.209
P00579	7beg	2-80	379-449,458-534	0.552	4.452	25.314	2.917	22.984
B5XAZ0	7bfk	116-120	1-115	0.986	2.113	3.416	2.135	1.413
B5XAZ0	7bfl	116-120	1-115	1.338	2.344	4.518	2.376	1.702
Q9H7B4	7bj1	280-428	4-240	1.689	1.524	1.619	1.316	2.145
Q8IXJ6	7bos	320-352	65-319	0.862	2.005	2.434	2.059	1.419
Q8IXJ6	7bot	320-352	65-319	0.874	1.983	2.347	2.034	1.343
Q9UM73	7btt	1279-1288,1158-1173	1116-1157,1174-1278,1289-1392	3.99	2.484	8.0	1.754	5.709
Q6SZW1	7cm5	560-703,382-385,375-399,281-331	244-269,134-173,162-197,402-476,412-484	1.188	18.687	23.252	2.08	45.517
Q6SZW1	7cm6	560-703,382-385,375-399,281-331	244-269,134-173,162-197,402-476,412-484	1.184	14.269	23.816	1.795	33.931
Q6SZW1	7cm7	560-703,382-385,375-399,281-331	244-269,134-173,162-197,402-476,412-484	1.698	14.661	24.257	1.785	34.286
P62826	7cnd	179-216	10-169	12.729	18.181	50.234	1.786	44.059
Q9BZ95	7crp	1145-1258	1258-1273	2.282	2.814	5.235	4.403	3.434
Q9BZ95	7crq	1145-1258	1258-1273	2.462	3.001	5.482	4.877	3.441
Q9BZ95	7crr	1145-1258	1258-1273	2.259	2.916	5.784	4.763	3.587
P62826	7dbg	179-216	10-169	12.527	17.972	50.534	1.728	43.649
Q6SZW1	7djt	560-703,382-385,375-399,281-331	244-269,134-173,162-197,402-476,412-484	2.251	19.662	22.921	2.145	47.131
P07949	7du8	900-909	724-899,910-1016	3.584	2.604	15.889	2.17	6.588
P07949	7du9	900-909	724-899,910-1016	3.557	2.636	20.057	2.22	6.521
P07949	7dua	900-909	724-899,910-1016	3.465	2.593	16.279	2.18	6.484
P28482	7e73	173-196	25-172,197-313	5.436	2.479	6.507	1.44	6.925
P28482	7e75	173-196	25-172,197-313	5.385	2.48	6.123	1.46	6.873
Q06124	7emn	3-104	247-517	1.505	4.323	3.837	1.153	2.177
Q86WJ1	7epu	704-897	351-513	3.806	14.202	19.0	6.442	12.487
Q02750	7f2x	75-102	68-74,103-361	1.532	7.478	7.501	4.572	1.942
Q13131	7jij	313-392	27-279	11.338	20.701	51.677	3.815	56.12
P07949	7ju5	900-909	724-899,910-1016	1.081	2.342	6.102	2.224	5.338
P07949	7ju6	900-909	724-899,910-1016	3.814	2.598	16.203	2.13	6.824
Q06124	7jvm	3-104	247-517	1.633	3.775	4.233	1.138	2.28
Q06124	7jvn	3-104	247-517	1.631	3.839	4.36	1.093	2.306
Q9UM73	7jy4	1279-1288,1158-1173	1116-1157,1174-1278,1289-1392	1.187	1.508	16.511	1.385	2.621
Q9UM73	7jyr	1279-1288,1158-1173	1116-1157,1174-1278,1289-1392	1.393	1.505	16.447	1.396	2.731
Q9UM73	7jys	1279-1288,1158-1173	1116-1157,1174-1278,1289-1392	1.248	1.442	17.104	1.182	2.635
Q9UM73	7jyt	1279-1288,1158-1173	1116-1157,1174-1278,1289-1392	1.504	1.458	17.019	1.156	2.829
P00579	7khi	2-80	379-449,458-534	6.943	17.382	67.066	2.027	46.758
Q6SZW1	7knq	560-703,382-385,375-399,281-331	244-269,134-173,162-197,402-476,412-484	1.835	3.654	4.115	2.826	3.595
P62826	7l5e	179-216	10-169	11.151	16.515	31.096	1.428	43.381
Q6SZW1	7ld0	560-703,382-385,375-399,281-331	244-269,134-173,162-197,402-476,412-484	1.32	14.61	22.957	2.016	34.505
Q8R4B8	7lfh	741-990	216-532	2.334	4.153	6.595	3.928	13.144
O00571	7liu	132-181	211-575	2.4	2.09	2.231	2.073	2.736
Q09472	7lje	1520-1581	1287-1663	1.757	1.228	1.97	1.228	1.87
Q02750	7m0t	75-102	68-74,103-361	1.054	1.991	2.615	1.428	1.284
Q02750	7m0u	75-102	68-74,103-361	0.962	2.01	2.75	1.461	1.262
Q02750	7m0v	75-102	68-74,103-361	0.927	2.225	2.724	1.635	1.167
Q02750	7m0w	75-102	68-74,103-361	1.05	1.991	2.603	1.48	1.349
Q02750	7m0x	75-102	68-74,103-361	0.932	2.024	2.667	1.449	1.271
Q02750	7m0y	75-102	68-74,103-361	1.003	1.995	2.609	1.458	1.238
Q02750	7m0z	75-102	68-74,103-361	0.936	2.288	2.736	1.587	1.127
P60240	7m8e	1-110	147-416,441-659	1.559	9.072	37.07	2.659	17.273
Q02750	7mfd	75-102	68-74,103-361	1.795	2.74	3.848	2.173	2.296
P60240	7mkn	1-110	147-416,441-659	1.664	9.374	36.763	2.531	18.297
P60240	7mkq	1-110	147-416,441-659	1.7	9.395	37.868	2.586	17.63
P62826	7mnp	179-216	10-169	1.588	4.248	5.206	4.639	2.135
P62826	7mnq	179-216	10-169	1.725	4.48	5.378	4.857	2.892
P62826	7mnr	179-216	10-169	1.701	4.457	5.276	4.849	2.821
P62826	7mns	179-216	10-169	2.049	4.462	5.082	4.822	2.596
P62826	7mnt	179-216	10-169	1.998	4.581	5.202	4.967	2.637
P62826	7mnu	179-216	10-169	1.822	4.471	5.101	4.842	2.306
P62826	7mnv	179-216	10-169	1.653	4.263	5.662	4.666	2.101
P62826	7mnw	179-216	10-169	12.95	18.413	49.098	1.521	44.267
P62826	7mnx	179-216	10-169	11.28	16.832	29.177	1.19	42.028
P62826	7mny	179-216	10-169	11.696	18.153	45.982	2.3	43.167
P62826	7mnz	179-216	10-169	8.536	16.295	27.117	1.38	41.863
P62826	7mo0	179-216	10-169	8.588	9.358	33.916	1.901	22.619
P62826	7mo1	179-216	10-169	1.762	4.278	5.118	4.637	2.818
P62826	7mo2	179-216	10-169	1.662	4.246	5.336	4.628	2.258
P62826	7mo3	179-216	10-169	1.605	4.218	5.45	4.634	2.018
P62826	7mo4	179-216	10-169	1.583	4.183	5.29	4.596	2.062
P62826	7mo5	179-216	10-169	1.74	4.257	5.082	4.618	2.721
P54646	7myj	291-376	16-268	11.447	16.272	48.469	3.843	40.405
P41212	7n2b	410-452	339-409	3.0	8.676	26.809	5.31	38.128
Q6SZW1	7nal	560-703,382-385,375-399,281-331	244-269,134-173,162-197,402-476,412-484	0.715	2.543	4.054	2.2	3.134
P12931	7ng7	249-269,151-248	84-145,524-536	2.864	7.101	24.223	4.502	76.32
P31749	7nh4	5-108	150-408	3.413	7.886	16.924	4.391	17.188
P31749	7nh5	5-108	150-408	3.479	7.864	17.028	4.444	17.064
Q14674	7nj0	711-723,955-974,1393-1400	667-1706,1707-2120	3.167	6.949	9.288	5.301	5.894
Q14674	7nj1	711-723,955-974,1393-1400	667-1706,1707-2120	4.896	2.219	26.327	1.906	11.368
Q8NB16	7nm2	133-150	1-124	2.096	2.939	3.708	2.848	2.176
Q8NB16	7nm4	133-150	1-124	2.408	2.842	2.857	2.692	2.707
Q8NB16	7nm5	133-150	1-124	2.46	2.974	4.233	2.819	2.764
P28482	7nqq	173-196	25-172,197-313	5.463	2.521	6.019	1.514	6.924
P28482	7nqw	173-196	25-172,197-313	5.425	2.472	5.858	1.494	6.82
P28482	7nr3	173-196	25-172,197-313	5.44	2.509	5.951	1.501	6.883
P28482	7nr5	173-196	25-172,197-313	5.761	2.746	7.33	1.468	8.004
P28482	7nr8	173-196	25-172,197-313	5.462	2.495	5.928	1.501	6.886
P28482	7nr9	173-196	25-172,197-313	5.388	2.481	6.105	1.462	6.968
Q16644	7nrb	307-343	44-304	1.019	1.194	1.278	1.213	1.067
P49137	7nry	328-364	64-325	1.119	1.5	1.686	1.544	1.207
P19174	7nxe	757-790	668-756	1.351	1.051	1.129	0.975	1.486
P07038	7nxf	892-917	562-625	5.272	3.072	3.963	1.788	6.591
P07038	7ny1	892-917	562-625	5.272	3.072	3.963	1.788	6.591
P07949	7nzn	900-909	724-899,910-1016	3.523	2.205	11.862	1.794	6.764
Q9H7B4	7o2a	280-428	4-240	1.644	1.462	1.477	1.228	2.025
Q9H7B4	7o2b	280-428	4-240	1.675	1.478	1.483	1.248	2.021
Q9H7B4	7o2c	280-428	4-240	1.655	1.475	1.479	1.238	2.087
O95376	7od1	359-493	297-326	1.497	1.657	1.166	1.057	1.744
P28482	7opm	173-196	25-172,197-313	5.048	2.501	5.293	1.326	7.21
P12931	7ote	249-269,151-248	84-145,524-536	3.705	5.113	19.164	4.253	49.443
Q02750	7pqv	75-102	68-74,103-361	1.45	1.297	1.34	1.27	1.512
Q96P20	7pzc	740-991	220-536	1.704	8.547	7.318	2.922	12.608
Q6SZW1	7qg0	560-703,382-385,375-399,281-331	244-269,134-173,162-197,402-476,412-484	1.538	14.499	22.302	1.864	34.642
P35520	7qgt	414-551	40-413	4.044	17.769	25.282	2.627	38.635
Q9H7B4	7qlb	280-428	4-240	1.625	1.525	1.638	1.342	2.142
Q9H7B4	7qnr	280-428	4-240	1.682	1.495	1.585	1.303	2.051
Q9H7B4	7qnu	280-428	4-240	1.601	1.487	1.641	1.326	2.021
Q9UGN5	7r59	231-348	356-538	1.386	1.579	1.572	1.129	2.006
Q06124	7r75	3-104	247-517	1.952	4.866	4.441	1.456	2.701
Q06124	7r7d	3-104	247-517	1.589	4.366	4.169	1.265	2.346
Q06124	7r7i	3-104	247-517	1.797	4.221	4.262	1.322	2.582
Q9UM73	7r7k	1279-1288,1158-1173	1116-1157,1174-1278,1289-1392	3.228	1.689	7.823	1.375	3.213
Q06124	7r7l	3-104	247-517	2.104	3.79	4.361	1.38	2.708
Q9UM73	7r7r	1279-1288,1158-1173	1116-1157,1174-1278,1289-1392	1.126	1.501	15.916	1.305	2.59
Q06124	7rct	3-104	247-517	1.882	4.031	4.028	1.206	2.475
P07949	7run	900-909	724-899,910-1016	5.337	5.514	36.303	2.732	27.855
Q8TCU6	7rx9	409-499	49-240,271-392	0.795	4.885	57.943	1.274	58.858
P26358	7sfc	647-714	1140-1602	20.124	33.925	46.537	14.283	67.232
P26358	7sfd	647-714	1140-1602	21.344	33.962	50.388	14.446	66.031
P26358	7sfe	647-714	1140-1602	20.095	34.027	47.735	14.213	67.199
P26358	7sff	647-714	1140-1602	20.127	34.075	46.184	14.269	67.389
P26358	7sfg	647-714	1140-1602	12.287	31.089	52.121	14.156	70.329
Q8TCU6	7syf	409-499	49-240,271-392	1.419	2.862	6.271	1.728	7.304
Q09472	7szq	1520-1581	1287-1663	1.618	0.989	2.649	0.989	1.741
Q8IXJ6	7t1d	320-352	65-319	1.191	3.068	3.925	3.197	1.982
P41212	7tw7	410-452	339-409	3.943	12.758	23.011	9.767	33.569
P41212	7tw8	410-452	339-409	3.9	12.773	23.249	9.815	33.512
P41212	7tw9	410-452	339-409	3.938	12.841	24.54	9.799	33.418
Q8NI60	7udp	276-279	329-518	0.944	2.088	3.448	1.746	2.75
Q8NI60	7udq	276-279	329-518	1.072	1.906	3.356	1.713	1.582
Q02750	7umb	75-102	68-74,103-361	1.28	1.979	2.226	1.941	1.546
Q9JK66	7us1	141-225,378-410	226-377,410-465	1.624	2.39	31.06	1.654	3.63
P09769	7uy0	144-241,242-262	77-138,490-529	1.949	3.622	4.186	1.916	3.503
P09769	7uy3	144-241,242-262	77-138,490-529	3.989	6.927	11.98	2.293	10.944
Q09472	7vhy	1520-1581	1287-1663	0.553	1.07	26.743	1.07	2.289
Q09472	7vhz	1520-1581	1287-1663	0.63	1.241	27.575	1.241	2.247
Q09472	7vi0	1520-1581	1287-1663	0.71	1.268	27.146	1.268	2.225
Q96P20	7vtp	740-991	220-536	0.952	3.453	6.177	2.855	11.289
Q8R4B8	7vtq	741-990	216-532	1.241	3.265	5.142	2.686	10.329
Q06124	7vxg	3-104	247-517	1.412	3.909	3.63	1.189	2.157
P54578	7w3a	329-351,429-433	105-483	1.2	2.997	4.601	2.997	1.916
P54578	7w3b	329-351,429-433	105-483	1.349	3.213	7.565	3.213	2.187
P54578	7w3c	329-351,429-433	105-483	1.7	3.209	7.967	3.209	2.212
P54578	7w3f	329-351,429-433	105-483	1.672	3.108	7.139	3.108	2.407
P54578	7w3g	329-351,429-433	105-483	1.429	3.985	7.056	3.985	2.237
P54578	7w3h	329-351,429-433	105-483	1.535	4.06	6.365	4.06	2.249
P54578	7w3i	329-351,429-433	105-483	1.498	3.077	9.043	3.077	2.307
P54578	7w3j	329-351,429-433	105-483	1.121	2.746	8.713	2.746	1.765
P54578	7w3k	329-351,429-433	105-483	1.374	3.283	5.665	3.283	2.364
P54578	7w3m	329-351,429-433	105-483	1.446	4.661	9.582	4.661	3.303
P28482	7w5o	173-196	25-172,197-313	5.394	2.262	3.757	1.532	5.758
P00579	7w5x	2-80	379-449,458-534	0.388	4.279	25.98	2.558	20.182
P00579	7w5y	2-80	379-449,458-534	0.464	4.214	23.224	2.65	20.136
Q09472	7w9v	1520-1581	1287-1663	0.117	1.208	15.754	1.208	1.806
Q9C000	7wge	809-973	328-637	1.281	8.082	24.874	2.278	20.42
P32527	7x34	348-364	365-433	2.17	1.709	2.272	1.446	2.609
P28482	7x4u	173-196	25-172,197-313	5.379	2.368	5.354	1.444	6.533
P28482	7xc1	173-196	25-172,197-313	5.399	2.243	3.971	1.486	5.751
Q06124	7xhq	3-104	247-517	1.374	3.862	3.719	1.053	2.072
P26358	7xi9	647-714	1140-1602	2.414	7.883	44.724	1.661	35.447
Q02750	7xlp	75-102	68-74,103-361	1.442	1.191	1.734	0.968	1.482
Q02750	7xnc	75-102	68-74,103-361	1.045	1.133	1.223	0.866	1.117
O00571	7ymf	132-181	211-575	3.0	1.858	1.545	1.424	3.206
P62826	7ypz	179-216	10-169	12.367	18.025	50.317	1.707	43.777
P12931	7yqe	249-269,151-248	84-145,524-536	1.226	2.205	3.681	1.319	6.666
P57764	7z1x	280-484	1-275	3.645	23.73	53.999	3.538	43.813
Q96P20	7zgu	740-991	220-536	1.342	3.536	7.5	2.844	9.503
P53041	7zr5	28-129,487-499	184-486	2.339	8.041	20.449	1.092	11.676
P53041	7zr6	28-129,487-499	184-486	2.06	23.903	45.236	2.968	82.453
P52564	8a8m	251-277	53-314	2.201	3.44	3.723	3.44	2.381
P28482	8ao2	173-196	25-172,197-313	5.609	2.527	7.174	1.425	7.179
P28482	8ao3	173-196	25-172,197-313	5.414	2.472	5.928	1.421	6.913
P28482	8ao4	173-196	25-172,197-313	5.347	2.483	6.035	1.453	6.883
P28482	8ao5	173-196	25-172,197-313	5.416	2.446	5.899	1.446	6.761
P28482	8ao6	173-196	25-172,197-313	5.441	2.461	5.873	1.426	6.873
P28482	8ao7	173-196	25-172,197-313	5.421	2.487	6.144	1.425	6.989
P28482	8ao8	173-196	25-172,197-313	5.34	2.481	5.989	1.46	6.829
P28482	8ao9	173-196	25-172,197-313	5.436	2.478	5.871	1.448	6.883
P28482	8aoa	173-196	25-172,197-313	5.432	2.483	6.099	1.427	6.974
P28482	8aob	173-196	25-172,197-313	5.417	2.432	5.876	1.333	6.898
P28482	8aoc	173-196	25-172,197-313	5.447	2.503	5.994	1.459	6.954
P28482	8aod	173-196	25-172,197-313	5.402	2.585	5.895	1.614	6.83
P28482	8aoe	173-196	25-172,197-313	5.445	2.619	5.926	1.637	6.861
P28482	8aof	173-196	25-172,197-313	5.43	2.635	6.123	1.654	6.923
P28482	8aog	173-196	25-172,197-313	5.426	2.582	6.151	1.558	6.954
P28482	8aoh	173-196	25-172,197-313	5.415	2.681	6.24	1.66	7.056
P28482	8aoi	173-196	25-172,197-313	5.435	2.913	6.146	2.027	6.876
P28482	8aoj	173-196	25-172,197-313	5.449	2.596	5.693	1.611	6.711
Q9UM73	8arj	1279-1288,1158-1173	1116-1157,1174-1278,1289-1392	1.282	1.416	16.096	1.23	2.672
Q06124	8b5y	3-104	247-517	1.829	4.801	4.05	1.159	3.373
Q8IU85	8bfm	279-319	23-278	1.179	1.781	2.024	1.785	1.208
Q8IU85	8bfs	279-319	23-278	1.175	2.045	2.314	2.058	1.204
P43405	8bi2	93-167,245-370	371-631	0.564	1.154	1.583	1.166	0.703
P54646	8bik	291-376	16-268	12.004	16.858	46.759	3.835	37.107
Q06124	8cbh	3-104	247-517	1.562	4.194	3.697	1.2	2.46
Q02750	8chf	75-102	68-74,103-361	1.868	2.808	3.669	2.118	2.454
Q02750	8dgs	75-102	68-74,103-361	1.258	2.132	3.2	1.732	1.629
Q02750	8dgt	75-102	68-74,103-361	0.999	2.016	2.806	1.449	1.305
Q8TDX7	8ej4	182-199	34-181,200-299	0.145	1.966	13.451	1.813	6.123
P41212	8frj	410-452	339-409	3.934	12.874	24.416	9.826	33.581
P41212	8frk	410-452	339-409	3.896	12.884	24.022	9.829	33.518
Q96FI4	8ftj	244-245	220-280	1.594	3.532	15.324	3.532	9.593
Q9NPP4	8fvu	464-579	95-298	11.338	5.776	5.34	2.662	13.667
Q9NPP4	8fw2	464-579	95-298	11.184	5.713	5.204	2.196	14.439
Q9NPP4	8fw9	464-579	95-298	11.2	5.745	5.084	2.294	14.32
P53041	8gae	28-129,487-499	184-486	2.843	24.593	45.541	2.371	87.555
P53041	8gft	28-129,487-499	184-486	1.86	23.474	44.311	2.387	84.224
Q6SZW1	8gni	560-703,382-385,375-399,281-331	244-269,134-173,162-197,402-476,412-484	0.971	11.918	17.308	2.055	4.387
Q6SZW1	8gnj	560-703,382-385,375-399,281-331	244-269,134-173,162-197,402-476,412-484	1.043	13.048	17.15	1.836	3.941
Q6SZW1	8gq5	560-703,382-385,375-399,281-331	244-269,134-173,162-197,402-476,412-484	0.963	12.567	23.82	-1.0	-1.0
Q06124	8gww	3-104	247-517	1.319	3.712	3.65	1.093	2.068
Q09472	8gzc	1520-1581	1287-1663	0.66	1.146	26.118	1.146	2.364
Q09472	8hag	1520-1581	1287-1663	1.724	1.274	2.938	1.274	1.894
Q09472	8hah	1520-1581	1287-1663	1.821	1.37	3.102	1.37	2.397
Q09472	8hai	1520-1581	1287-1663	1.67	1.272	2.464	1.272	1.795
Q09472	8haj	1520-1581	1287-1663	1.915	1.264	7.481	1.264	2.324
Q09472	8hak	1520-1581	1287-1663	2.808	1.31	5.402	1.31	3.089
Q9UGN5	8he8	231-348	356-538	1.569	1.452	1.272	1.103	1.644
Q9UGN5	8hkn	231-348	356-538	1.276	1.267	1.121	0.989	1.469
Q9UGN5	8hko	231-348	356-538	1.449	1.365	1.25	1.002	1.562
Q9UGN5	8hks	231-348	356-538	1.375	1.319	1.257	1.113	1.484
Q9UGN5	8hlj	231-348	356-538	1.26	1.189	1.053	1.004	1.363
Q9UGN5	8hlq	231-348	356-538	1.158	1.266	1.26	1.079	1.478
P62826	8hq3	179-216	10-169	12.354	17.985	50.171	1.72	43.677
P62826	8hq4	179-216	10-169	12.495	17.968	50.458	1.739	43.638
P62826	8hq5	179-216	10-169	12.564	18.041	50.631	1.703	43.819
P62826	8hq6	179-216	10-169	12.344	17.904	50.083	1.743	43.48
P62826	8huf	179-216	10-169	12.416	17.959	50.442	1.744	43.621
P62826	8hug	179-216	10-169	12.434	17.967	50.372	1.734	43.639
P62826	8itv	179-216	10-169	12.995	18.15	50.41	1.808	44.05
P12931	8jf3	249-269,151-248	84-145,524-536	5.277	5.092	20.12	4.336	75.028
P12931	8jn8	249-269,151-248	84-145,524-536	1.331	4.109	5.181	3.626	20.489
P12931	8jn9	249-269,151-248	84-145,524-536	1.346	4.209	5.229	3.639	19.747
Q9UGN5	8jny	231-348	356-538	1.382	1.298	1.222	1.062	1.454
P00579	8jo2	2-80	379-449,458-534	0.711	4.137	23.504	2.235	19.721
Q9H7B4	8owo	280-428	4-240	1.646	1.522	1.606	1.313	2.159
Q8IXJ6	8owz	320-352	65-319	1.016	2.6	3.522	2.623	1.716
Q6SZW1	8p2l	560-703,382-385,375-399,281-331	244-269,134-173,162-197,402-476,412-484	0.884	3.464	3.208	1.695	4.327
Q8NQJ3	8p5x	1-40	68-117	0.525	1.892	27.612	1.746	6.604
P52564	8p7j	251-277	53-314	1.297	2.205	2.419	2.205	1.403
P52564	8pm3	251-277	53-314	1.302	2.19	2.651	2.19	1.535
P28482	8psr	173-196	25-172,197-313	3.315	1.554	2.194	1.249	3.729
P28482	8pst	173-196	25-172,197-313	1.149	1.262	1.527	1.127	1.371
P28482	8psw	173-196	25-172,197-313	1.985	1.335	1.591	1.239	2.208
P28482	8psy	173-196	25-172,197-313	3.048	1.388	1.452	1.127	3.266
P28482	8pt0	173-196	25-172,197-313	3.749	1.738	2.59	1.07	4.205
P28482	8pt1	173-196	25-172,197-313	3.379	1.597	2.493	1.044	3.749
P28482	8pt3	173-196	25-172,197-313	4.276	1.77	2.592	1.247	4.536
P28482	8pt5	173-196	25-172,197-313	2.962	1.427	1.752	1.056	3.222
P28482	8pvu	173-196	25-172,197-313	3.238	2.087	2.301	1.796	3.696
Q8IXJ6	8py3	320-352	65-319	1.029	2.619	3.478	2.645	1.818
P31751	8q61	5-108,410-481	152-409	1.837	8.742	14.007	6.322	17.507
Q99683	8qgy	1-648	680-938	4.592	30.064	54.925	3.257	120.405
Q8IXJ6	8qoo	320-352	65-319	0.993	2.715	3.449	2.746	1.676
Q8IXJ6	8qt0	320-352	65-319	0.991	2.356	3.001	2.405	1.536
Q8IXJ6	8qt1	320-352	65-319	0.967	2.77	3.544	2.793	1.648
Q8IXJ6	8qt2	320-352	65-319	1.005	2.743	3.611	2.756	1.813
Q8IXJ6	8qt3	320-352	65-319	0.985	2.059	2.19	2.033	1.236
Q8IXJ6	8qt4	320-352	65-319	1.005	2.037	2.178	2.043	1.187
Q8IXJ6	8qt8	320-352	65-319	0.969	2.676	3.375	2.682	1.634
Q8IXJ6	8qtu	320-352	65-319	0.924	2.012	2.191	1.981	1.182
P28482	8r5f	173-196	25-172,197-313	1.621	1.267	1.553	1.039	1.902
P39687	8rmr	121-163	1-120	1.559	1.566	1.589	1.56	1.638
P39687	8rn0	121-163	1-120	1.559	1.572	1.595	1.567	1.638
P39687	8rna	121-163	1-120	3.418	2.387	2.101	1.955	3.402
P39687	8rnb	121-163	1-120	3.341	2.347	2.114	1.955	3.275
P39687	8rnc	121-163	1-120	3.418	2.387	2.101	1.955	3.402
P43405	8rrq	93-167,245-370	371-631	0.844	1.951	2.036	1.983	1.06
P43405	8rrz	93-167,245-370	371-631	0.609	1.346	1.492	1.358	1.216
Q06124	8rzw	3-104	247-517	1.844	4.545	4.457	1.155	2.589
Q06124	8rzy	3-104	247-517	1.949	4.773	4.19	1.133	2.761
Q06124	8s01	3-104	247-517	1.77	4.818	4.405	1.203	2.53
Q06124	8s04	3-104	247-517	1.862	4.441	4.307	1.129	2.586
Q06124	8s06	3-104	247-517	2.015	4.645	4.336	1.163	2.866
Q06124	8s07	3-104	247-517	2.079	4.558	4.034	1.162	2.817
Q06124	8s0h	3-104	247-517	1.813	4.358	4.385	1.304	2.582
Q06124	8s0i	3-104	247-517	1.812	4.614	4.511	1.126	2.616
Q06124	8s0j	3-104	247-517	1.807	4.359	4.339	1.268	2.513
Q06124	8s0k	3-104	247-517	1.804	4.335	4.414	1.121	2.511
Q06124	8s0o	3-104	247-517	1.805	4.519	4.391	1.172	2.586
Q06124	8s0p	3-104	247-517	1.901	4.78	4.619	1.12	2.796
Q06124	8s0q	3-104	247-517	1.88	4.318	4.288	1.468	2.563
Q06124	8s0s	3-104	247-517	1.751	4.299	4.243	1.147	2.455
P35520	8s5h	414-551	40-413	3.477	15.193	27.877	2.808	37.009
P35520	8s5i	414-551	40-413	3.263	15.496	27.936	2.713	37.142
P35520	8s5j	414-551	40-413	3.338	15.543	28.506	2.845	37.314
P35520	8s5k	414-551	40-413	3.516	15.718	29.312	2.926	37.192
P35520	8s5m	414-551	40-413	2.443	2.531	3.492	2.926	4.171
P60240	8so8	1-110	147-416,441-659	0.923	5.897	29.817	2.19	11.239
P60240	8sp4	1-110	147-416,441-659	1.334	4.619	117.35	2.654	7.861
P60240	8spg	1-110	147-416,441-659	1.324	5.152	110.006	2.4	10.554
P00519	8ssn	67-113,127-217	242-493	1.353	21.966	56.249	4.081	64.082
O00571	8ssw	132-181	211-575	2.172	24.403	31.814	22.401	11.751
Q96P20	8swf	740-991	220-536	1.044	16.699	36.247	11.913	45.134
Q96P20	8swk	740-991	220-536	1.211	3.55	6.342	2.403	11.83
Q8TDX7	8sxn	182-199	34-181,200-299	4.634	2.272	7.258	1.655	6.225
O60741	8t4m	401-479	480-604	2.041	1.756	1.751	1.404	2.451
O60741	8t4y	401-479	480-604	2.507	1.975	1.589	1.321	2.881
O60741	8t50	401-479	480-604	2.413	1.929	1.68	1.348	2.729
Q06124	8t6d	3-104	247-517	1.629	3.861	4.824	1.665	2.43
Q06124	8t6g	3-104	247-517	1.715	4.08	4.649	1.555	2.515
Q06124	8t7q	3-104	247-517	1.77	4.312	4.094	1.16	2.507
Q06124	8t8q	3-104	247-517	1.669	4.375	4.303	1.123	2.433
Q8IXJ6	8tgp	320-352	65-319	0.986	2.061	2.134	2.042	1.121
P00579	8to1	2-80	379-449,458-534	6.379	15.989	65.468	2.058	44.809
P00579	8to8	2-80	379-449,458-534	5.491	9.004	65.747	2.063	42.053
P00579	8tom	2-80	379-449,458-534	5.486	17.669	64.288	2.119	45.855
Q8TCU6	8tua	409-499	49-240,271-392	1.567	2.935	4.949	1.664	6.034
Q06124	8u7w	3-104	247-517	1.622	4.314	4.132	1.197	2.628
Q06124	8u7x	3-104	247-517	1.552	4.155	4.372	1.274	2.447
P28482	8u8j	173-196	25-172,197-313	3.878	2.273	5.363	1.437	5.506
P28482	8u8k	173-196	25-172,197-313	3.841	2.284	5.196	1.436	5.436
O60741	8uc7	401-479	480-604	2.188	2.831	3.502	2.858	2.885
O60741	8uc8	401-479	480-604	2.073	2.748	3.913	2.797	2.924
P31749	8uvy	5-108	150-408	3.335	8.509	16.588	4.191	17.554
P31749	8uw2	5-108	150-408	3.239	8.345	16.337	3.664	17.5
P31749	8uw7	5-108	150-408	2.778	8.09	16.141	3.844	17.671
P31749	8uw9	5-108	150-408	3.305	8.509	16.477	4.207	17.566
Q9JK66	8w31	141-225,378-410	226-377,410-465	1.131	6.377	15.427	4.043	7.032
Q06124	8wfy	3-104	247-517	1.654	4.214	3.833	1.103	2.258
Q06124	8wx7	3-104	247-517	1.765	3.902	3.997	1.11	2.627
P43405	8wyw	93-167,245-370	371-631	1.247	1.749	2.112	1.765	1.601
P43405	8x5k	93-167,245-370	371-631	0.771	1.503	2.448	1.506	1.755
Q8IXJ6	8xe7	320-352	65-319	0.65	2.351	3.139	2.399	1.685
P43405	8xq0	93-167,245-370	371-631	0.594	2.785	3.041	2.948	2.88
P43405	8xq1	93-167,245-370	371-631	1.124	1.406	2.304	1.407	1.327
P43405	8xq2	93-167,245-370	371-631	1.025	1.342	1.755	1.349	1.139
P49137	8xu4	328-364	64-325	4.422	2.428	2.209	2.116	4.494
P49137	8xx1	328-364	64-325	1.331	4.202	4.547	4.467	1.414
P00579	8y6u	2-80	379-449,458-534	0.639	4.16	24.881	2.598	20.566
Q02750	8yp4	75-102	68-74,103-361	1.541	2.268	2.467	1.994	1.661
P45985	8yp5	109-136	102-108,137-367	1.787	6.165	6.644	3.653	2.133
P28482	8zjv	173-196	25-172,197-313	5.418	2.48	5.163	1.524	6.371
Q02750	9axa	75-102	68-74,103-361	1.996	2.224	2.723	1.621	3.223
Q02750	9axc	75-102	68-74,103-361	2.095	2.223	2.627	1.646	3.053
Q02750	9axh	75-102	68-74,103-361	0.871	1.639	2.192	1.161	1.115
Q02750	9axm	75-102	68-74,103-361	0.952	1.815	2.378	1.367	1.361
Q02750	9axx	75-102	68-74,103-361	1.399	2.387	3.19	1.648	1.786
Q02750	9axy	75-102	68-74,103-361	0.921	2.321	2.713	1.609	1.129
Q02750	9ay7	75-102	68-74,103-361	0.954	1.725	2.585	1.5	1.239
Q02750	9aya	75-102	68-74,103-361	0.814	1.758	2.485	1.299	1.176
P62826	9b62	179-216	10-169	0.834	1.309	31.995	1.272	4.836
O60741	9bc6	401-479	480-604	2.227	2.903	3.943	2.797	3.053
O60741	9bc7	401-479	480-604	2.126	1.756	1.689	1.24	2.466
Q06124	9blg	3-104	247-517	1.544	4.087	4.129	1.29	2.318
P08631	9byj	142-239,240-259	76-136,425-514	2.671	4.056	19.075	2.294	40.156
P31751	9c1w	5-108,410-481	152-409	2.751	9.214	12.176	3.583	17.196
Q96P20	9dh3	740-991	220-536	1.052	3.373	5.179	2.305	11.004
P41212	9e4q	410-452	339-409	7.473	9.688	18.549	5.8	22.623
Q9H0M0	9eqk	349-527	588-922	13.507	7.9	4.561	2.108	14.421
Q9UM73	9gbe	1279-1288,1158-1173	1116-1157,1174-1278,1289-1392	2.772	1.543	6.434	1.363	3.01
Q96P20	9mgy	740-991	220-536	1.04	3.486	6.085	2.342	11.397
Q96P20	9mie	740-991	220-536	1.202	3.461	6.698	2.312	11.353
Q96P20	9mig	740-991	220-536	1.139	3.388	5.752	2.271	11.637
